"phase","tier","family","design_case_id","bf_prior_id","chunk_id","replicate_start","replicate_end","seed"
"materialize_bf_prior","short","z","z-dpoint-0-usd1-short","z-bf01-point-null0-pm0p2-psd0-on-z-dpoint-0-usd1-short",1,1,1000,21261004
"materialize_bf_prior","short","z","z-dpoint-0-usd1-short","z-bf01-point-null0-pm0p2-psd0-on-z-dpoint-0-usd1-short",2,1001,2000,22261007
"materialize_bf_prior","short","z","z-dpoint-0-usd1-short","z-bf01-point-null0-pm0p2-psd0-on-z-dpoint-0-usd1-short",3,2001,3000,23261010
"materialize_bf_prior","short","z","z-dpoint-0-usd1-short","z-bf01-point-null0-pm0p2-psd0-on-z-dpoint-0-usd1-short",4,3001,4000,24261013
"materialize_bf_prior","short","z","z-dpoint-0-usd1-short","z-bf01-point-null0-pm0p2-psd0-on-z-dpoint-0-usd1-short",5,4001,5000,25261016
"materialize_bf_prior","short","z","z-dpoint-0-usd1-short","z-bf01-point-null0-pm0p2-psd0-on-z-dpoint-0-usd1-short",6,5001,6000,26261019
"materialize_bf_prior","short","z","z-dpoint-0-usd1-short","z-bf01-point-null0-pm0p2-psd0-on-z-dpoint-0-usd1-short",7,6001,7000,27261022
"materialize_bf_prior","short","z","z-dpoint-0-usd1-short","z-bf01-point-null0-pm0p2-psd0-on-z-dpoint-0-usd1-short",8,7001,8000,28261025
"materialize_bf_prior","short","z","z-dpoint-0-usd1-short","z-bf01-point-null0-pm0p2-psd0-on-z-dpoint-0-usd1-short",9,8001,9000,29261028
"materialize_bf_prior","short","z","z-dpoint-0-usd1-short","z-bf01-point-null0-pm0p2-psd0-on-z-dpoint-0-usd1-short",10,9001,10000,30261031
"materialize_bf_prior","short","z","z-dpoint-0-usd1-short","z-bf01-point-null0-pm0p5-psd0-on-z-dpoint-0-usd1-short",1,1,1000,21261004
"materialize_bf_prior","short","z","z-dpoint-0-usd1-short","z-bf01-point-null0-pm0p5-psd0-on-z-dpoint-0-usd1-short",2,1001,2000,22261007
"materialize_bf_prior","short","z","z-dpoint-0-usd1-short","z-bf01-point-null0-pm0p5-psd0-on-z-dpoint-0-usd1-short",3,2001,3000,23261010
"materialize_bf_prior","short","z","z-dpoint-0-usd1-short","z-bf01-point-null0-pm0p5-psd0-on-z-dpoint-0-usd1-short",4,3001,4000,24261013
"materialize_bf_prior","short","z","z-dpoint-0-usd1-short","z-bf01-point-null0-pm0p5-psd0-on-z-dpoint-0-usd1-short",5,4001,5000,25261016
"materialize_bf_prior","short","z","z-dpoint-0-usd1-short","z-bf01-point-null0-pm0p5-psd0-on-z-dpoint-0-usd1-short",6,5001,6000,26261019
"materialize_bf_prior","short","z","z-dpoint-0-usd1-short","z-bf01-point-null0-pm0p5-psd0-on-z-dpoint-0-usd1-short",7,6001,7000,27261022
"materialize_bf_prior","short","z","z-dpoint-0-usd1-short","z-bf01-point-null0-pm0p5-psd0-on-z-dpoint-0-usd1-short",8,7001,8000,28261025
"materialize_bf_prior","short","z","z-dpoint-0-usd1-short","z-bf01-point-null0-pm0p5-psd0-on-z-dpoint-0-usd1-short",9,8001,9000,29261028
"materialize_bf_prior","short","z","z-dpoint-0-usd1-short","z-bf01-point-null0-pm0p5-psd0-on-z-dpoint-0-usd1-short",10,9001,10000,30261031
"materialize_bf_prior","short","z","z-dpoint-0-usd1-short","z-bf01-normal-null0-pm0-psd0p70710678-on-z-dpoint-0-usd1-short",1,1,1000,21261004
"materialize_bf_prior","short","z","z-dpoint-0-usd1-short","z-bf01-normal-null0-pm0-psd0p70710678-on-z-dpoint-0-usd1-short",2,1001,2000,22261007
"materialize_bf_prior","short","z","z-dpoint-0-usd1-short","z-bf01-normal-null0-pm0-psd0p70710678-on-z-dpoint-0-usd1-short",3,2001,3000,23261010
"materialize_bf_prior","short","z","z-dpoint-0-usd1-short","z-bf01-normal-null0-pm0-psd0p70710678-on-z-dpoint-0-usd1-short",4,3001,4000,24261013
"materialize_bf_prior","short","z","z-dpoint-0-usd1-short","z-bf01-normal-null0-pm0-psd0p70710678-on-z-dpoint-0-usd1-short",5,4001,5000,25261016
"materialize_bf_prior","short","z","z-dpoint-0-usd1-short","z-bf01-normal-null0-pm0-psd0p70710678-on-z-dpoint-0-usd1-short",6,5001,6000,26261019
"materialize_bf_prior","short","z","z-dpoint-0-usd1-short","z-bf01-normal-null0-pm0-psd0p70710678-on-z-dpoint-0-usd1-short",7,6001,7000,27261022
"materialize_bf_prior","short","z","z-dpoint-0-usd1-short","z-bf01-normal-null0-pm0-psd0p70710678-on-z-dpoint-0-usd1-short",8,7001,8000,28261025
"materialize_bf_prior","short","z","z-dpoint-0-usd1-short","z-bf01-normal-null0-pm0-psd0p70710678-on-z-dpoint-0-usd1-short",9,8001,9000,29261028
"materialize_bf_prior","short","z","z-dpoint-0-usd1-short","z-bf01-normal-null0-pm0-psd0p70710678-on-z-dpoint-0-usd1-short",10,9001,10000,30261031
"materialize_bf_prior","short","z","z-dpoint-0-usd1-short","z-bf01-normal-null0-pm0p2-psd0p3-on-z-dpoint-0-usd1-short",1,1,1000,21261004
"materialize_bf_prior","short","z","z-dpoint-0-usd1-short","z-bf01-normal-null0-pm0p2-psd0p3-on-z-dpoint-0-usd1-short",2,1001,2000,22261007
"materialize_bf_prior","short","z","z-dpoint-0-usd1-short","z-bf01-normal-null0-pm0p2-psd0p3-on-z-dpoint-0-usd1-short",3,2001,3000,23261010
"materialize_bf_prior","short","z","z-dpoint-0-usd1-short","z-bf01-normal-null0-pm0p2-psd0p3-on-z-dpoint-0-usd1-short",4,3001,4000,24261013
"materialize_bf_prior","short","z","z-dpoint-0-usd1-short","z-bf01-normal-null0-pm0p2-psd0p3-on-z-dpoint-0-usd1-short",5,4001,5000,25261016
"materialize_bf_prior","short","z","z-dpoint-0-usd1-short","z-bf01-normal-null0-pm0p2-psd0p3-on-z-dpoint-0-usd1-short",6,5001,6000,26261019
"materialize_bf_prior","short","z","z-dpoint-0-usd1-short","z-bf01-normal-null0-pm0p2-psd0p3-on-z-dpoint-0-usd1-short",7,6001,7000,27261022
"materialize_bf_prior","short","z","z-dpoint-0-usd1-short","z-bf01-normal-null0-pm0p2-psd0p3-on-z-dpoint-0-usd1-short",8,7001,8000,28261025
"materialize_bf_prior","short","z","z-dpoint-0-usd1-short","z-bf01-normal-null0-pm0p2-psd0p3-on-z-dpoint-0-usd1-short",9,8001,9000,29261028
"materialize_bf_prior","short","z","z-dpoint-0-usd1-short","z-bf01-normal-null0-pm0p2-psd0p3-on-z-dpoint-0-usd1-short",10,9001,10000,30261031
"materialize_bf_prior","short","z","z-dpoint-0-usd1-short","z-dirbf01-directional-normal-null0-pm0-psd0p70710678-on-z-dpoint-0-usd1-short",1,1,1000,21261004
"materialize_bf_prior","short","z","z-dpoint-0-usd1-short","z-dirbf01-directional-normal-null0-pm0-psd0p70710678-on-z-dpoint-0-usd1-short",2,1001,2000,22261007
"materialize_bf_prior","short","z","z-dpoint-0-usd1-short","z-dirbf01-directional-normal-null0-pm0-psd0p70710678-on-z-dpoint-0-usd1-short",3,2001,3000,23261010
"materialize_bf_prior","short","z","z-dpoint-0-usd1-short","z-dirbf01-directional-normal-null0-pm0-psd0p70710678-on-z-dpoint-0-usd1-short",4,3001,4000,24261013
"materialize_bf_prior","short","z","z-dpoint-0-usd1-short","z-dirbf01-directional-normal-null0-pm0-psd0p70710678-on-z-dpoint-0-usd1-short",5,4001,5000,25261016
"materialize_bf_prior","short","z","z-dpoint-0-usd1-short","z-dirbf01-directional-normal-null0-pm0-psd0p70710678-on-z-dpoint-0-usd1-short",6,5001,6000,26261019
"materialize_bf_prior","short","z","z-dpoint-0-usd1-short","z-dirbf01-directional-normal-null0-pm0-psd0p70710678-on-z-dpoint-0-usd1-short",7,6001,7000,27261022
"materialize_bf_prior","short","z","z-dpoint-0-usd1-short","z-dirbf01-directional-normal-null0-pm0-psd0p70710678-on-z-dpoint-0-usd1-short",8,7001,8000,28261025
"materialize_bf_prior","short","z","z-dpoint-0-usd1-short","z-dirbf01-directional-normal-null0-pm0-psd0p70710678-on-z-dpoint-0-usd1-short",9,8001,9000,29261028
"materialize_bf_prior","short","z","z-dpoint-0-usd1-short","z-dirbf01-directional-normal-null0-pm0-psd0p70710678-on-z-dpoint-0-usd1-short",10,9001,10000,30261031
"materialize_bf_prior","short","z","z-dpoint-0-usd1-short","z-nmbf01-moment-null0-psd0p35355339-on-z-dpoint-0-usd1-short",1,1,1000,21261004
"materialize_bf_prior","short","z","z-dpoint-0-usd1-short","z-nmbf01-moment-null0-psd0p35355339-on-z-dpoint-0-usd1-short",2,1001,2000,22261007
"materialize_bf_prior","short","z","z-dpoint-0-usd1-short","z-nmbf01-moment-null0-psd0p35355339-on-z-dpoint-0-usd1-short",3,2001,3000,23261010
"materialize_bf_prior","short","z","z-dpoint-0-usd1-short","z-nmbf01-moment-null0-psd0p35355339-on-z-dpoint-0-usd1-short",4,3001,4000,24261013
"materialize_bf_prior","short","z","z-dpoint-0-usd1-short","z-nmbf01-moment-null0-psd0p35355339-on-z-dpoint-0-usd1-short",5,4001,5000,25261016
"materialize_bf_prior","short","z","z-dpoint-0-usd1-short","z-nmbf01-moment-null0-psd0p35355339-on-z-dpoint-0-usd1-short",6,5001,6000,26261019
"materialize_bf_prior","short","z","z-dpoint-0-usd1-short","z-nmbf01-moment-null0-psd0p35355339-on-z-dpoint-0-usd1-short",7,6001,7000,27261022
"materialize_bf_prior","short","z","z-dpoint-0-usd1-short","z-nmbf01-moment-null0-psd0p35355339-on-z-dpoint-0-usd1-short",8,7001,8000,28261025
"materialize_bf_prior","short","z","z-dpoint-0-usd1-short","z-nmbf01-moment-null0-psd0p35355339-on-z-dpoint-0-usd1-short",9,8001,9000,29261028
"materialize_bf_prior","short","z","z-dpoint-0-usd1-short","z-nmbf01-moment-null0-psd0p35355339-on-z-dpoint-0-usd1-short",10,9001,10000,30261031
"materialize_bf_prior","short","z","z-dpoint-0-usd1-short","z-nmbf01-moment-null0-psd0p70710678-on-z-dpoint-0-usd1-short",1,1,1000,21261004
"materialize_bf_prior","short","z","z-dpoint-0-usd1-short","z-nmbf01-moment-null0-psd0p70710678-on-z-dpoint-0-usd1-short",2,1001,2000,22261007
"materialize_bf_prior","short","z","z-dpoint-0-usd1-short","z-nmbf01-moment-null0-psd0p70710678-on-z-dpoint-0-usd1-short",3,2001,3000,23261010
"materialize_bf_prior","short","z","z-dpoint-0-usd1-short","z-nmbf01-moment-null0-psd0p70710678-on-z-dpoint-0-usd1-short",4,3001,4000,24261013
"materialize_bf_prior","short","z","z-dpoint-0-usd1-short","z-nmbf01-moment-null0-psd0p70710678-on-z-dpoint-0-usd1-short",5,4001,5000,25261016
"materialize_bf_prior","short","z","z-dpoint-0-usd1-short","z-nmbf01-moment-null0-psd0p70710678-on-z-dpoint-0-usd1-short",6,5001,6000,26261019
"materialize_bf_prior","short","z","z-dpoint-0-usd1-short","z-nmbf01-moment-null0-psd0p70710678-on-z-dpoint-0-usd1-short",7,6001,7000,27261022
"materialize_bf_prior","short","z","z-dpoint-0-usd1-short","z-nmbf01-moment-null0-psd0p70710678-on-z-dpoint-0-usd1-short",8,7001,8000,28261025
"materialize_bf_prior","short","z","z-dpoint-0-usd1-short","z-nmbf01-moment-null0-psd0p70710678-on-z-dpoint-0-usd1-short",9,8001,9000,29261028
"materialize_bf_prior","short","z","z-dpoint-0-usd1-short","z-nmbf01-moment-null0-psd0p70710678-on-z-dpoint-0-usd1-short",10,9001,10000,30261031
"materialize_bf_prior","short","z","z-dpoint-0p2-usd1-short","z-bf01-point-null0-pm0p2-psd0-on-z-dpoint-0p2-usd1-short",1,1,1000,21261005
"materialize_bf_prior","short","z","z-dpoint-0p2-usd1-short","z-bf01-point-null0-pm0p2-psd0-on-z-dpoint-0p2-usd1-short",2,1001,2000,22261008
"materialize_bf_prior","short","z","z-dpoint-0p2-usd1-short","z-bf01-point-null0-pm0p2-psd0-on-z-dpoint-0p2-usd1-short",3,2001,3000,23261011
"materialize_bf_prior","short","z","z-dpoint-0p2-usd1-short","z-bf01-point-null0-pm0p2-psd0-on-z-dpoint-0p2-usd1-short",4,3001,4000,24261014
"materialize_bf_prior","short","z","z-dpoint-0p2-usd1-short","z-bf01-point-null0-pm0p2-psd0-on-z-dpoint-0p2-usd1-short",5,4001,5000,25261017
"materialize_bf_prior","short","z","z-dpoint-0p2-usd1-short","z-bf01-point-null0-pm0p2-psd0-on-z-dpoint-0p2-usd1-short",6,5001,6000,26261020
"materialize_bf_prior","short","z","z-dpoint-0p2-usd1-short","z-bf01-point-null0-pm0p2-psd0-on-z-dpoint-0p2-usd1-short",7,6001,7000,27261023
"materialize_bf_prior","short","z","z-dpoint-0p2-usd1-short","z-bf01-point-null0-pm0p2-psd0-on-z-dpoint-0p2-usd1-short",8,7001,8000,28261026
"materialize_bf_prior","short","z","z-dpoint-0p2-usd1-short","z-bf01-point-null0-pm0p2-psd0-on-z-dpoint-0p2-usd1-short",9,8001,9000,29261029
"materialize_bf_prior","short","z","z-dpoint-0p2-usd1-short","z-bf01-point-null0-pm0p2-psd0-on-z-dpoint-0p2-usd1-short",10,9001,10000,30261032
"materialize_bf_prior","short","z","z-dpoint-0p2-usd1-short","z-bf01-point-null0-pm0p5-psd0-on-z-dpoint-0p2-usd1-short",1,1,1000,21261005
"materialize_bf_prior","short","z","z-dpoint-0p2-usd1-short","z-bf01-point-null0-pm0p5-psd0-on-z-dpoint-0p2-usd1-short",2,1001,2000,22261008
"materialize_bf_prior","short","z","z-dpoint-0p2-usd1-short","z-bf01-point-null0-pm0p5-psd0-on-z-dpoint-0p2-usd1-short",3,2001,3000,23261011
"materialize_bf_prior","short","z","z-dpoint-0p2-usd1-short","z-bf01-point-null0-pm0p5-psd0-on-z-dpoint-0p2-usd1-short",4,3001,4000,24261014
"materialize_bf_prior","short","z","z-dpoint-0p2-usd1-short","z-bf01-point-null0-pm0p5-psd0-on-z-dpoint-0p2-usd1-short",5,4001,5000,25261017
"materialize_bf_prior","short","z","z-dpoint-0p2-usd1-short","z-bf01-point-null0-pm0p5-psd0-on-z-dpoint-0p2-usd1-short",6,5001,6000,26261020
"materialize_bf_prior","short","z","z-dpoint-0p2-usd1-short","z-bf01-point-null0-pm0p5-psd0-on-z-dpoint-0p2-usd1-short",7,6001,7000,27261023
"materialize_bf_prior","short","z","z-dpoint-0p2-usd1-short","z-bf01-point-null0-pm0p5-psd0-on-z-dpoint-0p2-usd1-short",8,7001,8000,28261026
"materialize_bf_prior","short","z","z-dpoint-0p2-usd1-short","z-bf01-point-null0-pm0p5-psd0-on-z-dpoint-0p2-usd1-short",9,8001,9000,29261029
"materialize_bf_prior","short","z","z-dpoint-0p2-usd1-short","z-bf01-point-null0-pm0p5-psd0-on-z-dpoint-0p2-usd1-short",10,9001,10000,30261032
"materialize_bf_prior","short","z","z-dpoint-0p2-usd1-short","z-bf01-normal-null0-pm0-psd0p70710678-on-z-dpoint-0p2-usd1-short",1,1,1000,21261005
"materialize_bf_prior","short","z","z-dpoint-0p2-usd1-short","z-bf01-normal-null0-pm0-psd0p70710678-on-z-dpoint-0p2-usd1-short",2,1001,2000,22261008
"materialize_bf_prior","short","z","z-dpoint-0p2-usd1-short","z-bf01-normal-null0-pm0-psd0p70710678-on-z-dpoint-0p2-usd1-short",3,2001,3000,23261011
"materialize_bf_prior","short","z","z-dpoint-0p2-usd1-short","z-bf01-normal-null0-pm0-psd0p70710678-on-z-dpoint-0p2-usd1-short",4,3001,4000,24261014
"materialize_bf_prior","short","z","z-dpoint-0p2-usd1-short","z-bf01-normal-null0-pm0-psd0p70710678-on-z-dpoint-0p2-usd1-short",5,4001,5000,25261017
"materialize_bf_prior","short","z","z-dpoint-0p2-usd1-short","z-bf01-normal-null0-pm0-psd0p70710678-on-z-dpoint-0p2-usd1-short",6,5001,6000,26261020
"materialize_bf_prior","short","z","z-dpoint-0p2-usd1-short","z-bf01-normal-null0-pm0-psd0p70710678-on-z-dpoint-0p2-usd1-short",7,6001,7000,27261023
"materialize_bf_prior","short","z","z-dpoint-0p2-usd1-short","z-bf01-normal-null0-pm0-psd0p70710678-on-z-dpoint-0p2-usd1-short",8,7001,8000,28261026
"materialize_bf_prior","short","z","z-dpoint-0p2-usd1-short","z-bf01-normal-null0-pm0-psd0p70710678-on-z-dpoint-0p2-usd1-short",9,8001,9000,29261029
"materialize_bf_prior","short","z","z-dpoint-0p2-usd1-short","z-bf01-normal-null0-pm0-psd0p70710678-on-z-dpoint-0p2-usd1-short",10,9001,10000,30261032
"materialize_bf_prior","short","z","z-dpoint-0p2-usd1-short","z-bf01-normal-null0-pm0p2-psd0p3-on-z-dpoint-0p2-usd1-short",1,1,1000,21261005
"materialize_bf_prior","short","z","z-dpoint-0p2-usd1-short","z-bf01-normal-null0-pm0p2-psd0p3-on-z-dpoint-0p2-usd1-short",2,1001,2000,22261008
"materialize_bf_prior","short","z","z-dpoint-0p2-usd1-short","z-bf01-normal-null0-pm0p2-psd0p3-on-z-dpoint-0p2-usd1-short",3,2001,3000,23261011
"materialize_bf_prior","short","z","z-dpoint-0p2-usd1-short","z-bf01-normal-null0-pm0p2-psd0p3-on-z-dpoint-0p2-usd1-short",4,3001,4000,24261014
"materialize_bf_prior","short","z","z-dpoint-0p2-usd1-short","z-bf01-normal-null0-pm0p2-psd0p3-on-z-dpoint-0p2-usd1-short",5,4001,5000,25261017
"materialize_bf_prior","short","z","z-dpoint-0p2-usd1-short","z-bf01-normal-null0-pm0p2-psd0p3-on-z-dpoint-0p2-usd1-short",6,5001,6000,26261020
"materialize_bf_prior","short","z","z-dpoint-0p2-usd1-short","z-bf01-normal-null0-pm0p2-psd0p3-on-z-dpoint-0p2-usd1-short",7,6001,7000,27261023
"materialize_bf_prior","short","z","z-dpoint-0p2-usd1-short","z-bf01-normal-null0-pm0p2-psd0p3-on-z-dpoint-0p2-usd1-short",8,7001,8000,28261026
"materialize_bf_prior","short","z","z-dpoint-0p2-usd1-short","z-bf01-normal-null0-pm0p2-psd0p3-on-z-dpoint-0p2-usd1-short",9,8001,9000,29261029
"materialize_bf_prior","short","z","z-dpoint-0p2-usd1-short","z-bf01-normal-null0-pm0p2-psd0p3-on-z-dpoint-0p2-usd1-short",10,9001,10000,30261032
"materialize_bf_prior","short","z","z-dpoint-0p2-usd1-short","z-dirbf01-directional-normal-null0-pm0-psd0p70710678-on-z-dpoint-0p2-usd1-short",1,1,1000,21261005
"materialize_bf_prior","short","z","z-dpoint-0p2-usd1-short","z-dirbf01-directional-normal-null0-pm0-psd0p70710678-on-z-dpoint-0p2-usd1-short",2,1001,2000,22261008
"materialize_bf_prior","short","z","z-dpoint-0p2-usd1-short","z-dirbf01-directional-normal-null0-pm0-psd0p70710678-on-z-dpoint-0p2-usd1-short",3,2001,3000,23261011
"materialize_bf_prior","short","z","z-dpoint-0p2-usd1-short","z-dirbf01-directional-normal-null0-pm0-psd0p70710678-on-z-dpoint-0p2-usd1-short",4,3001,4000,24261014
"materialize_bf_prior","short","z","z-dpoint-0p2-usd1-short","z-dirbf01-directional-normal-null0-pm0-psd0p70710678-on-z-dpoint-0p2-usd1-short",5,4001,5000,25261017
"materialize_bf_prior","short","z","z-dpoint-0p2-usd1-short","z-dirbf01-directional-normal-null0-pm0-psd0p70710678-on-z-dpoint-0p2-usd1-short",6,5001,6000,26261020
"materialize_bf_prior","short","z","z-dpoint-0p2-usd1-short","z-dirbf01-directional-normal-null0-pm0-psd0p70710678-on-z-dpoint-0p2-usd1-short",7,6001,7000,27261023
"materialize_bf_prior","short","z","z-dpoint-0p2-usd1-short","z-dirbf01-directional-normal-null0-pm0-psd0p70710678-on-z-dpoint-0p2-usd1-short",8,7001,8000,28261026
"materialize_bf_prior","short","z","z-dpoint-0p2-usd1-short","z-dirbf01-directional-normal-null0-pm0-psd0p70710678-on-z-dpoint-0p2-usd1-short",9,8001,9000,29261029
"materialize_bf_prior","short","z","z-dpoint-0p2-usd1-short","z-dirbf01-directional-normal-null0-pm0-psd0p70710678-on-z-dpoint-0p2-usd1-short",10,9001,10000,30261032
"materialize_bf_prior","short","z","z-dpoint-0p2-usd1-short","z-nmbf01-moment-null0-psd0p35355339-on-z-dpoint-0p2-usd1-short",1,1,1000,21261005
"materialize_bf_prior","short","z","z-dpoint-0p2-usd1-short","z-nmbf01-moment-null0-psd0p35355339-on-z-dpoint-0p2-usd1-short",2,1001,2000,22261008
"materialize_bf_prior","short","z","z-dpoint-0p2-usd1-short","z-nmbf01-moment-null0-psd0p35355339-on-z-dpoint-0p2-usd1-short",3,2001,3000,23261011
"materialize_bf_prior","short","z","z-dpoint-0p2-usd1-short","z-nmbf01-moment-null0-psd0p35355339-on-z-dpoint-0p2-usd1-short",4,3001,4000,24261014
"materialize_bf_prior","short","z","z-dpoint-0p2-usd1-short","z-nmbf01-moment-null0-psd0p35355339-on-z-dpoint-0p2-usd1-short",5,4001,5000,25261017
"materialize_bf_prior","short","z","z-dpoint-0p2-usd1-short","z-nmbf01-moment-null0-psd0p35355339-on-z-dpoint-0p2-usd1-short",6,5001,6000,26261020
"materialize_bf_prior","short","z","z-dpoint-0p2-usd1-short","z-nmbf01-moment-null0-psd0p35355339-on-z-dpoint-0p2-usd1-short",7,6001,7000,27261023
"materialize_bf_prior","short","z","z-dpoint-0p2-usd1-short","z-nmbf01-moment-null0-psd0p35355339-on-z-dpoint-0p2-usd1-short",8,7001,8000,28261026
"materialize_bf_prior","short","z","z-dpoint-0p2-usd1-short","z-nmbf01-moment-null0-psd0p35355339-on-z-dpoint-0p2-usd1-short",9,8001,9000,29261029
"materialize_bf_prior","short","z","z-dpoint-0p2-usd1-short","z-nmbf01-moment-null0-psd0p35355339-on-z-dpoint-0p2-usd1-short",10,9001,10000,30261032
"materialize_bf_prior","short","z","z-dpoint-0p2-usd1-short","z-nmbf01-moment-null0-psd0p70710678-on-z-dpoint-0p2-usd1-short",1,1,1000,21261005
"materialize_bf_prior","short","z","z-dpoint-0p2-usd1-short","z-nmbf01-moment-null0-psd0p70710678-on-z-dpoint-0p2-usd1-short",2,1001,2000,22261008
"materialize_bf_prior","short","z","z-dpoint-0p2-usd1-short","z-nmbf01-moment-null0-psd0p70710678-on-z-dpoint-0p2-usd1-short",3,2001,3000,23261011
"materialize_bf_prior","short","z","z-dpoint-0p2-usd1-short","z-nmbf01-moment-null0-psd0p70710678-on-z-dpoint-0p2-usd1-short",4,3001,4000,24261014
"materialize_bf_prior","short","z","z-dpoint-0p2-usd1-short","z-nmbf01-moment-null0-psd0p70710678-on-z-dpoint-0p2-usd1-short",5,4001,5000,25261017
"materialize_bf_prior","short","z","z-dpoint-0p2-usd1-short","z-nmbf01-moment-null0-psd0p70710678-on-z-dpoint-0p2-usd1-short",6,5001,6000,26261020
"materialize_bf_prior","short","z","z-dpoint-0p2-usd1-short","z-nmbf01-moment-null0-psd0p70710678-on-z-dpoint-0p2-usd1-short",7,6001,7000,27261023
"materialize_bf_prior","short","z","z-dpoint-0p2-usd1-short","z-nmbf01-moment-null0-psd0p70710678-on-z-dpoint-0p2-usd1-short",8,7001,8000,28261026
"materialize_bf_prior","short","z","z-dpoint-0p2-usd1-short","z-nmbf01-moment-null0-psd0p70710678-on-z-dpoint-0p2-usd1-short",9,8001,9000,29261029
"materialize_bf_prior","short","z","z-dpoint-0p2-usd1-short","z-nmbf01-moment-null0-psd0p70710678-on-z-dpoint-0p2-usd1-short",10,9001,10000,30261032
"materialize_bf_prior","short","z","z-dpoint-0p5-usd1-short","z-bf01-point-null0-pm0p2-psd0-on-z-dpoint-0p5-usd1-short",1,1,1000,21261006
"materialize_bf_prior","short","z","z-dpoint-0p5-usd1-short","z-bf01-point-null0-pm0p2-psd0-on-z-dpoint-0p5-usd1-short",2,1001,2000,22261009
"materialize_bf_prior","short","z","z-dpoint-0p5-usd1-short","z-bf01-point-null0-pm0p2-psd0-on-z-dpoint-0p5-usd1-short",3,2001,3000,23261012
"materialize_bf_prior","short","z","z-dpoint-0p5-usd1-short","z-bf01-point-null0-pm0p2-psd0-on-z-dpoint-0p5-usd1-short",4,3001,4000,24261015
"materialize_bf_prior","short","z","z-dpoint-0p5-usd1-short","z-bf01-point-null0-pm0p2-psd0-on-z-dpoint-0p5-usd1-short",5,4001,5000,25261018
"materialize_bf_prior","short","z","z-dpoint-0p5-usd1-short","z-bf01-point-null0-pm0p2-psd0-on-z-dpoint-0p5-usd1-short",6,5001,6000,26261021
"materialize_bf_prior","short","z","z-dpoint-0p5-usd1-short","z-bf01-point-null0-pm0p2-psd0-on-z-dpoint-0p5-usd1-short",7,6001,7000,27261024
"materialize_bf_prior","short","z","z-dpoint-0p5-usd1-short","z-bf01-point-null0-pm0p2-psd0-on-z-dpoint-0p5-usd1-short",8,7001,8000,28261027
"materialize_bf_prior","short","z","z-dpoint-0p5-usd1-short","z-bf01-point-null0-pm0p2-psd0-on-z-dpoint-0p5-usd1-short",9,8001,9000,29261030
"materialize_bf_prior","short","z","z-dpoint-0p5-usd1-short","z-bf01-point-null0-pm0p2-psd0-on-z-dpoint-0p5-usd1-short",10,9001,10000,30261033
"materialize_bf_prior","short","z","z-dpoint-0p5-usd1-short","z-bf01-point-null0-pm0p5-psd0-on-z-dpoint-0p5-usd1-short",1,1,1000,21261006
"materialize_bf_prior","short","z","z-dpoint-0p5-usd1-short","z-bf01-point-null0-pm0p5-psd0-on-z-dpoint-0p5-usd1-short",2,1001,2000,22261009
"materialize_bf_prior","short","z","z-dpoint-0p5-usd1-short","z-bf01-point-null0-pm0p5-psd0-on-z-dpoint-0p5-usd1-short",3,2001,3000,23261012
"materialize_bf_prior","short","z","z-dpoint-0p5-usd1-short","z-bf01-point-null0-pm0p5-psd0-on-z-dpoint-0p5-usd1-short",4,3001,4000,24261015
"materialize_bf_prior","short","z","z-dpoint-0p5-usd1-short","z-bf01-point-null0-pm0p5-psd0-on-z-dpoint-0p5-usd1-short",5,4001,5000,25261018
"materialize_bf_prior","short","z","z-dpoint-0p5-usd1-short","z-bf01-point-null0-pm0p5-psd0-on-z-dpoint-0p5-usd1-short",6,5001,6000,26261021
"materialize_bf_prior","short","z","z-dpoint-0p5-usd1-short","z-bf01-point-null0-pm0p5-psd0-on-z-dpoint-0p5-usd1-short",7,6001,7000,27261024
"materialize_bf_prior","short","z","z-dpoint-0p5-usd1-short","z-bf01-point-null0-pm0p5-psd0-on-z-dpoint-0p5-usd1-short",8,7001,8000,28261027
"materialize_bf_prior","short","z","z-dpoint-0p5-usd1-short","z-bf01-point-null0-pm0p5-psd0-on-z-dpoint-0p5-usd1-short",9,8001,9000,29261030
"materialize_bf_prior","short","z","z-dpoint-0p5-usd1-short","z-bf01-point-null0-pm0p5-psd0-on-z-dpoint-0p5-usd1-short",10,9001,10000,30261033
"materialize_bf_prior","short","z","z-dpoint-0p5-usd1-short","z-bf01-normal-null0-pm0-psd0p70710678-on-z-dpoint-0p5-usd1-short",1,1,1000,21261006
"materialize_bf_prior","short","z","z-dpoint-0p5-usd1-short","z-bf01-normal-null0-pm0-psd0p70710678-on-z-dpoint-0p5-usd1-short",2,1001,2000,22261009
"materialize_bf_prior","short","z","z-dpoint-0p5-usd1-short","z-bf01-normal-null0-pm0-psd0p70710678-on-z-dpoint-0p5-usd1-short",3,2001,3000,23261012
"materialize_bf_prior","short","z","z-dpoint-0p5-usd1-short","z-bf01-normal-null0-pm0-psd0p70710678-on-z-dpoint-0p5-usd1-short",4,3001,4000,24261015
"materialize_bf_prior","short","z","z-dpoint-0p5-usd1-short","z-bf01-normal-null0-pm0-psd0p70710678-on-z-dpoint-0p5-usd1-short",5,4001,5000,25261018
"materialize_bf_prior","short","z","z-dpoint-0p5-usd1-short","z-bf01-normal-null0-pm0-psd0p70710678-on-z-dpoint-0p5-usd1-short",6,5001,6000,26261021
"materialize_bf_prior","short","z","z-dpoint-0p5-usd1-short","z-bf01-normal-null0-pm0-psd0p70710678-on-z-dpoint-0p5-usd1-short",7,6001,7000,27261024
"materialize_bf_prior","short","z","z-dpoint-0p5-usd1-short","z-bf01-normal-null0-pm0-psd0p70710678-on-z-dpoint-0p5-usd1-short",8,7001,8000,28261027
"materialize_bf_prior","short","z","z-dpoint-0p5-usd1-short","z-bf01-normal-null0-pm0-psd0p70710678-on-z-dpoint-0p5-usd1-short",9,8001,9000,29261030
"materialize_bf_prior","short","z","z-dpoint-0p5-usd1-short","z-bf01-normal-null0-pm0-psd0p70710678-on-z-dpoint-0p5-usd1-short",10,9001,10000,30261033
"materialize_bf_prior","short","z","z-dpoint-0p5-usd1-short","z-bf01-normal-null0-pm0p2-psd0p3-on-z-dpoint-0p5-usd1-short",1,1,1000,21261006
"materialize_bf_prior","short","z","z-dpoint-0p5-usd1-short","z-bf01-normal-null0-pm0p2-psd0p3-on-z-dpoint-0p5-usd1-short",2,1001,2000,22261009
"materialize_bf_prior","short","z","z-dpoint-0p5-usd1-short","z-bf01-normal-null0-pm0p2-psd0p3-on-z-dpoint-0p5-usd1-short",3,2001,3000,23261012
"materialize_bf_prior","short","z","z-dpoint-0p5-usd1-short","z-bf01-normal-null0-pm0p2-psd0p3-on-z-dpoint-0p5-usd1-short",4,3001,4000,24261015
"materialize_bf_prior","short","z","z-dpoint-0p5-usd1-short","z-bf01-normal-null0-pm0p2-psd0p3-on-z-dpoint-0p5-usd1-short",5,4001,5000,25261018
"materialize_bf_prior","short","z","z-dpoint-0p5-usd1-short","z-bf01-normal-null0-pm0p2-psd0p3-on-z-dpoint-0p5-usd1-short",6,5001,6000,26261021
"materialize_bf_prior","short","z","z-dpoint-0p5-usd1-short","z-bf01-normal-null0-pm0p2-psd0p3-on-z-dpoint-0p5-usd1-short",7,6001,7000,27261024
"materialize_bf_prior","short","z","z-dpoint-0p5-usd1-short","z-bf01-normal-null0-pm0p2-psd0p3-on-z-dpoint-0p5-usd1-short",8,7001,8000,28261027
"materialize_bf_prior","short","z","z-dpoint-0p5-usd1-short","z-bf01-normal-null0-pm0p2-psd0p3-on-z-dpoint-0p5-usd1-short",9,8001,9000,29261030
"materialize_bf_prior","short","z","z-dpoint-0p5-usd1-short","z-bf01-normal-null0-pm0p2-psd0p3-on-z-dpoint-0p5-usd1-short",10,9001,10000,30261033
"materialize_bf_prior","short","z","z-dpoint-0p5-usd1-short","z-dirbf01-directional-normal-null0-pm0-psd0p70710678-on-z-dpoint-0p5-usd1-short",1,1,1000,21261006
"materialize_bf_prior","short","z","z-dpoint-0p5-usd1-short","z-dirbf01-directional-normal-null0-pm0-psd0p70710678-on-z-dpoint-0p5-usd1-short",2,1001,2000,22261009
"materialize_bf_prior","short","z","z-dpoint-0p5-usd1-short","z-dirbf01-directional-normal-null0-pm0-psd0p70710678-on-z-dpoint-0p5-usd1-short",3,2001,3000,23261012
"materialize_bf_prior","short","z","z-dpoint-0p5-usd1-short","z-dirbf01-directional-normal-null0-pm0-psd0p70710678-on-z-dpoint-0p5-usd1-short",4,3001,4000,24261015
"materialize_bf_prior","short","z","z-dpoint-0p5-usd1-short","z-dirbf01-directional-normal-null0-pm0-psd0p70710678-on-z-dpoint-0p5-usd1-short",5,4001,5000,25261018
"materialize_bf_prior","short","z","z-dpoint-0p5-usd1-short","z-dirbf01-directional-normal-null0-pm0-psd0p70710678-on-z-dpoint-0p5-usd1-short",6,5001,6000,26261021
"materialize_bf_prior","short","z","z-dpoint-0p5-usd1-short","z-dirbf01-directional-normal-null0-pm0-psd0p70710678-on-z-dpoint-0p5-usd1-short",7,6001,7000,27261024
"materialize_bf_prior","short","z","z-dpoint-0p5-usd1-short","z-dirbf01-directional-normal-null0-pm0-psd0p70710678-on-z-dpoint-0p5-usd1-short",8,7001,8000,28261027
"materialize_bf_prior","short","z","z-dpoint-0p5-usd1-short","z-dirbf01-directional-normal-null0-pm0-psd0p70710678-on-z-dpoint-0p5-usd1-short",9,8001,9000,29261030
"materialize_bf_prior","short","z","z-dpoint-0p5-usd1-short","z-dirbf01-directional-normal-null0-pm0-psd0p70710678-on-z-dpoint-0p5-usd1-short",10,9001,10000,30261033
"materialize_bf_prior","short","z","z-dpoint-0p5-usd1-short","z-nmbf01-moment-null0-psd0p35355339-on-z-dpoint-0p5-usd1-short",1,1,1000,21261006
"materialize_bf_prior","short","z","z-dpoint-0p5-usd1-short","z-nmbf01-moment-null0-psd0p35355339-on-z-dpoint-0p5-usd1-short",2,1001,2000,22261009
"materialize_bf_prior","short","z","z-dpoint-0p5-usd1-short","z-nmbf01-moment-null0-psd0p35355339-on-z-dpoint-0p5-usd1-short",3,2001,3000,23261012
"materialize_bf_prior","short","z","z-dpoint-0p5-usd1-short","z-nmbf01-moment-null0-psd0p35355339-on-z-dpoint-0p5-usd1-short",4,3001,4000,24261015
"materialize_bf_prior","short","z","z-dpoint-0p5-usd1-short","z-nmbf01-moment-null0-psd0p35355339-on-z-dpoint-0p5-usd1-short",5,4001,5000,25261018
"materialize_bf_prior","short","z","z-dpoint-0p5-usd1-short","z-nmbf01-moment-null0-psd0p35355339-on-z-dpoint-0p5-usd1-short",6,5001,6000,26261021
"materialize_bf_prior","short","z","z-dpoint-0p5-usd1-short","z-nmbf01-moment-null0-psd0p35355339-on-z-dpoint-0p5-usd1-short",7,6001,7000,27261024
"materialize_bf_prior","short","z","z-dpoint-0p5-usd1-short","z-nmbf01-moment-null0-psd0p35355339-on-z-dpoint-0p5-usd1-short",8,7001,8000,28261027
"materialize_bf_prior","short","z","z-dpoint-0p5-usd1-short","z-nmbf01-moment-null0-psd0p35355339-on-z-dpoint-0p5-usd1-short",9,8001,9000,29261030
"materialize_bf_prior","short","z","z-dpoint-0p5-usd1-short","z-nmbf01-moment-null0-psd0p35355339-on-z-dpoint-0p5-usd1-short",10,9001,10000,30261033
"materialize_bf_prior","short","z","z-dpoint-0p5-usd1-short","z-nmbf01-moment-null0-psd0p70710678-on-z-dpoint-0p5-usd1-short",1,1,1000,21261006
"materialize_bf_prior","short","z","z-dpoint-0p5-usd1-short","z-nmbf01-moment-null0-psd0p70710678-on-z-dpoint-0p5-usd1-short",2,1001,2000,22261009
"materialize_bf_prior","short","z","z-dpoint-0p5-usd1-short","z-nmbf01-moment-null0-psd0p70710678-on-z-dpoint-0p5-usd1-short",3,2001,3000,23261012
"materialize_bf_prior","short","z","z-dpoint-0p5-usd1-short","z-nmbf01-moment-null0-psd0p70710678-on-z-dpoint-0p5-usd1-short",4,3001,4000,24261015
"materialize_bf_prior","short","z","z-dpoint-0p5-usd1-short","z-nmbf01-moment-null0-psd0p70710678-on-z-dpoint-0p5-usd1-short",5,4001,5000,25261018
"materialize_bf_prior","short","z","z-dpoint-0p5-usd1-short","z-nmbf01-moment-null0-psd0p70710678-on-z-dpoint-0p5-usd1-short",6,5001,6000,26261021
"materialize_bf_prior","short","z","z-dpoint-0p5-usd1-short","z-nmbf01-moment-null0-psd0p70710678-on-z-dpoint-0p5-usd1-short",7,6001,7000,27261024
"materialize_bf_prior","short","z","z-dpoint-0p5-usd1-short","z-nmbf01-moment-null0-psd0p70710678-on-z-dpoint-0p5-usd1-short",8,7001,8000,28261027
"materialize_bf_prior","short","z","z-dpoint-0p5-usd1-short","z-nmbf01-moment-null0-psd0p70710678-on-z-dpoint-0p5-usd1-short",9,8001,9000,29261030
"materialize_bf_prior","short","z","z-dpoint-0p5-usd1-short","z-nmbf01-moment-null0-psd0p70710678-on-z-dpoint-0p5-usd1-short",10,9001,10000,30261033
"materialize_bf_prior","short","z","z-dnorm-0p5-s0p1-usd1-short","z-bf01-point-null0-pm0p2-psd0-on-z-dnorm-0p5-s0p1-usd1-short",1,1,1000,21261007
"materialize_bf_prior","short","z","z-dnorm-0p5-s0p1-usd1-short","z-bf01-point-null0-pm0p2-psd0-on-z-dnorm-0p5-s0p1-usd1-short",2,1001,2000,22261010
"materialize_bf_prior","short","z","z-dnorm-0p5-s0p1-usd1-short","z-bf01-point-null0-pm0p2-psd0-on-z-dnorm-0p5-s0p1-usd1-short",3,2001,3000,23261013
"materialize_bf_prior","short","z","z-dnorm-0p5-s0p1-usd1-short","z-bf01-point-null0-pm0p2-psd0-on-z-dnorm-0p5-s0p1-usd1-short",4,3001,4000,24261016
"materialize_bf_prior","short","z","z-dnorm-0p5-s0p1-usd1-short","z-bf01-point-null0-pm0p2-psd0-on-z-dnorm-0p5-s0p1-usd1-short",5,4001,5000,25261019
"materialize_bf_prior","short","z","z-dnorm-0p5-s0p1-usd1-short","z-bf01-point-null0-pm0p2-psd0-on-z-dnorm-0p5-s0p1-usd1-short",6,5001,6000,26261022
"materialize_bf_prior","short","z","z-dnorm-0p5-s0p1-usd1-short","z-bf01-point-null0-pm0p2-psd0-on-z-dnorm-0p5-s0p1-usd1-short",7,6001,7000,27261025
"materialize_bf_prior","short","z","z-dnorm-0p5-s0p1-usd1-short","z-bf01-point-null0-pm0p2-psd0-on-z-dnorm-0p5-s0p1-usd1-short",8,7001,8000,28261028
"materialize_bf_prior","short","z","z-dnorm-0p5-s0p1-usd1-short","z-bf01-point-null0-pm0p2-psd0-on-z-dnorm-0p5-s0p1-usd1-short",9,8001,9000,29261031
"materialize_bf_prior","short","z","z-dnorm-0p5-s0p1-usd1-short","z-bf01-point-null0-pm0p2-psd0-on-z-dnorm-0p5-s0p1-usd1-short",10,9001,10000,30261034
"materialize_bf_prior","short","z","z-dnorm-0p5-s0p1-usd1-short","z-bf01-point-null0-pm0p5-psd0-on-z-dnorm-0p5-s0p1-usd1-short",1,1,1000,21261007
"materialize_bf_prior","short","z","z-dnorm-0p5-s0p1-usd1-short","z-bf01-point-null0-pm0p5-psd0-on-z-dnorm-0p5-s0p1-usd1-short",2,1001,2000,22261010
"materialize_bf_prior","short","z","z-dnorm-0p5-s0p1-usd1-short","z-bf01-point-null0-pm0p5-psd0-on-z-dnorm-0p5-s0p1-usd1-short",3,2001,3000,23261013
"materialize_bf_prior","short","z","z-dnorm-0p5-s0p1-usd1-short","z-bf01-point-null0-pm0p5-psd0-on-z-dnorm-0p5-s0p1-usd1-short",4,3001,4000,24261016
"materialize_bf_prior","short","z","z-dnorm-0p5-s0p1-usd1-short","z-bf01-point-null0-pm0p5-psd0-on-z-dnorm-0p5-s0p1-usd1-short",5,4001,5000,25261019
"materialize_bf_prior","short","z","z-dnorm-0p5-s0p1-usd1-short","z-bf01-point-null0-pm0p5-psd0-on-z-dnorm-0p5-s0p1-usd1-short",6,5001,6000,26261022
"materialize_bf_prior","short","z","z-dnorm-0p5-s0p1-usd1-short","z-bf01-point-null0-pm0p5-psd0-on-z-dnorm-0p5-s0p1-usd1-short",7,6001,7000,27261025
"materialize_bf_prior","short","z","z-dnorm-0p5-s0p1-usd1-short","z-bf01-point-null0-pm0p5-psd0-on-z-dnorm-0p5-s0p1-usd1-short",8,7001,8000,28261028
"materialize_bf_prior","short","z","z-dnorm-0p5-s0p1-usd1-short","z-bf01-point-null0-pm0p5-psd0-on-z-dnorm-0p5-s0p1-usd1-short",9,8001,9000,29261031
"materialize_bf_prior","short","z","z-dnorm-0p5-s0p1-usd1-short","z-bf01-point-null0-pm0p5-psd0-on-z-dnorm-0p5-s0p1-usd1-short",10,9001,10000,30261034
"materialize_bf_prior","short","z","z-dnorm-0p5-s0p1-usd1-short","z-bf01-normal-null0-pm0-psd0p70710678-on-z-dnorm-0p5-s0p1-usd1-short",1,1,1000,21261007
"materialize_bf_prior","short","z","z-dnorm-0p5-s0p1-usd1-short","z-bf01-normal-null0-pm0-psd0p70710678-on-z-dnorm-0p5-s0p1-usd1-short",2,1001,2000,22261010
"materialize_bf_prior","short","z","z-dnorm-0p5-s0p1-usd1-short","z-bf01-normal-null0-pm0-psd0p70710678-on-z-dnorm-0p5-s0p1-usd1-short",3,2001,3000,23261013
"materialize_bf_prior","short","z","z-dnorm-0p5-s0p1-usd1-short","z-bf01-normal-null0-pm0-psd0p70710678-on-z-dnorm-0p5-s0p1-usd1-short",4,3001,4000,24261016
"materialize_bf_prior","short","z","z-dnorm-0p5-s0p1-usd1-short","z-bf01-normal-null0-pm0-psd0p70710678-on-z-dnorm-0p5-s0p1-usd1-short",5,4001,5000,25261019
"materialize_bf_prior","short","z","z-dnorm-0p5-s0p1-usd1-short","z-bf01-normal-null0-pm0-psd0p70710678-on-z-dnorm-0p5-s0p1-usd1-short",6,5001,6000,26261022
"materialize_bf_prior","short","z","z-dnorm-0p5-s0p1-usd1-short","z-bf01-normal-null0-pm0-psd0p70710678-on-z-dnorm-0p5-s0p1-usd1-short",7,6001,7000,27261025
"materialize_bf_prior","short","z","z-dnorm-0p5-s0p1-usd1-short","z-bf01-normal-null0-pm0-psd0p70710678-on-z-dnorm-0p5-s0p1-usd1-short",8,7001,8000,28261028
"materialize_bf_prior","short","z","z-dnorm-0p5-s0p1-usd1-short","z-bf01-normal-null0-pm0-psd0p70710678-on-z-dnorm-0p5-s0p1-usd1-short",9,8001,9000,29261031
"materialize_bf_prior","short","z","z-dnorm-0p5-s0p1-usd1-short","z-bf01-normal-null0-pm0-psd0p70710678-on-z-dnorm-0p5-s0p1-usd1-short",10,9001,10000,30261034
"materialize_bf_prior","short","z","z-dnorm-0p5-s0p1-usd1-short","z-bf01-normal-null0-pm0p2-psd0p3-on-z-dnorm-0p5-s0p1-usd1-short",1,1,1000,21261007
"materialize_bf_prior","short","z","z-dnorm-0p5-s0p1-usd1-short","z-bf01-normal-null0-pm0p2-psd0p3-on-z-dnorm-0p5-s0p1-usd1-short",2,1001,2000,22261010
"materialize_bf_prior","short","z","z-dnorm-0p5-s0p1-usd1-short","z-bf01-normal-null0-pm0p2-psd0p3-on-z-dnorm-0p5-s0p1-usd1-short",3,2001,3000,23261013
"materialize_bf_prior","short","z","z-dnorm-0p5-s0p1-usd1-short","z-bf01-normal-null0-pm0p2-psd0p3-on-z-dnorm-0p5-s0p1-usd1-short",4,3001,4000,24261016
"materialize_bf_prior","short","z","z-dnorm-0p5-s0p1-usd1-short","z-bf01-normal-null0-pm0p2-psd0p3-on-z-dnorm-0p5-s0p1-usd1-short",5,4001,5000,25261019
"materialize_bf_prior","short","z","z-dnorm-0p5-s0p1-usd1-short","z-bf01-normal-null0-pm0p2-psd0p3-on-z-dnorm-0p5-s0p1-usd1-short",6,5001,6000,26261022
"materialize_bf_prior","short","z","z-dnorm-0p5-s0p1-usd1-short","z-bf01-normal-null0-pm0p2-psd0p3-on-z-dnorm-0p5-s0p1-usd1-short",7,6001,7000,27261025
"materialize_bf_prior","short","z","z-dnorm-0p5-s0p1-usd1-short","z-bf01-normal-null0-pm0p2-psd0p3-on-z-dnorm-0p5-s0p1-usd1-short",8,7001,8000,28261028
"materialize_bf_prior","short","z","z-dnorm-0p5-s0p1-usd1-short","z-bf01-normal-null0-pm0p2-psd0p3-on-z-dnorm-0p5-s0p1-usd1-short",9,8001,9000,29261031
"materialize_bf_prior","short","z","z-dnorm-0p5-s0p1-usd1-short","z-bf01-normal-null0-pm0p2-psd0p3-on-z-dnorm-0p5-s0p1-usd1-short",10,9001,10000,30261034
"materialize_bf_prior","short","z","z-dnorm-0p5-s0p1-usd1-short","z-dirbf01-directional-normal-null0-pm0-psd0p70710678-on-z-dnorm-0p5-s0p1-usd1-short",1,1,1000,21261007
"materialize_bf_prior","short","z","z-dnorm-0p5-s0p1-usd1-short","z-dirbf01-directional-normal-null0-pm0-psd0p70710678-on-z-dnorm-0p5-s0p1-usd1-short",2,1001,2000,22261010
"materialize_bf_prior","short","z","z-dnorm-0p5-s0p1-usd1-short","z-dirbf01-directional-normal-null0-pm0-psd0p70710678-on-z-dnorm-0p5-s0p1-usd1-short",3,2001,3000,23261013
"materialize_bf_prior","short","z","z-dnorm-0p5-s0p1-usd1-short","z-dirbf01-directional-normal-null0-pm0-psd0p70710678-on-z-dnorm-0p5-s0p1-usd1-short",4,3001,4000,24261016
"materialize_bf_prior","short","z","z-dnorm-0p5-s0p1-usd1-short","z-dirbf01-directional-normal-null0-pm0-psd0p70710678-on-z-dnorm-0p5-s0p1-usd1-short",5,4001,5000,25261019
"materialize_bf_prior","short","z","z-dnorm-0p5-s0p1-usd1-short","z-dirbf01-directional-normal-null0-pm0-psd0p70710678-on-z-dnorm-0p5-s0p1-usd1-short",6,5001,6000,26261022
"materialize_bf_prior","short","z","z-dnorm-0p5-s0p1-usd1-short","z-dirbf01-directional-normal-null0-pm0-psd0p70710678-on-z-dnorm-0p5-s0p1-usd1-short",7,6001,7000,27261025
"materialize_bf_prior","short","z","z-dnorm-0p5-s0p1-usd1-short","z-dirbf01-directional-normal-null0-pm0-psd0p70710678-on-z-dnorm-0p5-s0p1-usd1-short",8,7001,8000,28261028
"materialize_bf_prior","short","z","z-dnorm-0p5-s0p1-usd1-short","z-dirbf01-directional-normal-null0-pm0-psd0p70710678-on-z-dnorm-0p5-s0p1-usd1-short",9,8001,9000,29261031
"materialize_bf_prior","short","z","z-dnorm-0p5-s0p1-usd1-short","z-dirbf01-directional-normal-null0-pm0-psd0p70710678-on-z-dnorm-0p5-s0p1-usd1-short",10,9001,10000,30261034
"materialize_bf_prior","short","z","z-dnorm-0p5-s0p1-usd1-short","z-nmbf01-moment-null0-psd0p35355339-on-z-dnorm-0p5-s0p1-usd1-short",1,1,1000,21261007
"materialize_bf_prior","short","z","z-dnorm-0p5-s0p1-usd1-short","z-nmbf01-moment-null0-psd0p35355339-on-z-dnorm-0p5-s0p1-usd1-short",2,1001,2000,22261010
"materialize_bf_prior","short","z","z-dnorm-0p5-s0p1-usd1-short","z-nmbf01-moment-null0-psd0p35355339-on-z-dnorm-0p5-s0p1-usd1-short",3,2001,3000,23261013
"materialize_bf_prior","short","z","z-dnorm-0p5-s0p1-usd1-short","z-nmbf01-moment-null0-psd0p35355339-on-z-dnorm-0p5-s0p1-usd1-short",4,3001,4000,24261016
"materialize_bf_prior","short","z","z-dnorm-0p5-s0p1-usd1-short","z-nmbf01-moment-null0-psd0p35355339-on-z-dnorm-0p5-s0p1-usd1-short",5,4001,5000,25261019
"materialize_bf_prior","short","z","z-dnorm-0p5-s0p1-usd1-short","z-nmbf01-moment-null0-psd0p35355339-on-z-dnorm-0p5-s0p1-usd1-short",6,5001,6000,26261022
"materialize_bf_prior","short","z","z-dnorm-0p5-s0p1-usd1-short","z-nmbf01-moment-null0-psd0p35355339-on-z-dnorm-0p5-s0p1-usd1-short",7,6001,7000,27261025
"materialize_bf_prior","short","z","z-dnorm-0p5-s0p1-usd1-short","z-nmbf01-moment-null0-psd0p35355339-on-z-dnorm-0p5-s0p1-usd1-short",8,7001,8000,28261028
"materialize_bf_prior","short","z","z-dnorm-0p5-s0p1-usd1-short","z-nmbf01-moment-null0-psd0p35355339-on-z-dnorm-0p5-s0p1-usd1-short",9,8001,9000,29261031
"materialize_bf_prior","short","z","z-dnorm-0p5-s0p1-usd1-short","z-nmbf01-moment-null0-psd0p35355339-on-z-dnorm-0p5-s0p1-usd1-short",10,9001,10000,30261034
"materialize_bf_prior","short","z","z-dnorm-0p5-s0p1-usd1-short","z-nmbf01-moment-null0-psd0p70710678-on-z-dnorm-0p5-s0p1-usd1-short",1,1,1000,21261007
"materialize_bf_prior","short","z","z-dnorm-0p5-s0p1-usd1-short","z-nmbf01-moment-null0-psd0p70710678-on-z-dnorm-0p5-s0p1-usd1-short",2,1001,2000,22261010
"materialize_bf_prior","short","z","z-dnorm-0p5-s0p1-usd1-short","z-nmbf01-moment-null0-psd0p70710678-on-z-dnorm-0p5-s0p1-usd1-short",3,2001,3000,23261013
"materialize_bf_prior","short","z","z-dnorm-0p5-s0p1-usd1-short","z-nmbf01-moment-null0-psd0p70710678-on-z-dnorm-0p5-s0p1-usd1-short",4,3001,4000,24261016
"materialize_bf_prior","short","z","z-dnorm-0p5-s0p1-usd1-short","z-nmbf01-moment-null0-psd0p70710678-on-z-dnorm-0p5-s0p1-usd1-short",5,4001,5000,25261019
"materialize_bf_prior","short","z","z-dnorm-0p5-s0p1-usd1-short","z-nmbf01-moment-null0-psd0p70710678-on-z-dnorm-0p5-s0p1-usd1-short",6,5001,6000,26261022
"materialize_bf_prior","short","z","z-dnorm-0p5-s0p1-usd1-short","z-nmbf01-moment-null0-psd0p70710678-on-z-dnorm-0p5-s0p1-usd1-short",7,6001,7000,27261025
"materialize_bf_prior","short","z","z-dnorm-0p5-s0p1-usd1-short","z-nmbf01-moment-null0-psd0p70710678-on-z-dnorm-0p5-s0p1-usd1-short",8,7001,8000,28261028
"materialize_bf_prior","short","z","z-dnorm-0p5-s0p1-usd1-short","z-nmbf01-moment-null0-psd0p70710678-on-z-dnorm-0p5-s0p1-usd1-short",9,8001,9000,29261031
"materialize_bf_prior","short","z","z-dnorm-0p5-s0p1-usd1-short","z-nmbf01-moment-null0-psd0p70710678-on-z-dnorm-0p5-s0p1-usd1-short",10,9001,10000,30261034
"materialize_bf_prior","short","z","z-dnorm-0p2-s0p3-usd1-short","z-bf01-point-null0-pm0p2-psd0-on-z-dnorm-0p2-s0p3-usd1-short",1,1,1000,21261008
"materialize_bf_prior","short","z","z-dnorm-0p2-s0p3-usd1-short","z-bf01-point-null0-pm0p2-psd0-on-z-dnorm-0p2-s0p3-usd1-short",2,1001,2000,22261011
"materialize_bf_prior","short","z","z-dnorm-0p2-s0p3-usd1-short","z-bf01-point-null0-pm0p2-psd0-on-z-dnorm-0p2-s0p3-usd1-short",3,2001,3000,23261014
"materialize_bf_prior","short","z","z-dnorm-0p2-s0p3-usd1-short","z-bf01-point-null0-pm0p2-psd0-on-z-dnorm-0p2-s0p3-usd1-short",4,3001,4000,24261017
"materialize_bf_prior","short","z","z-dnorm-0p2-s0p3-usd1-short","z-bf01-point-null0-pm0p2-psd0-on-z-dnorm-0p2-s0p3-usd1-short",5,4001,5000,25261020
"materialize_bf_prior","short","z","z-dnorm-0p2-s0p3-usd1-short","z-bf01-point-null0-pm0p2-psd0-on-z-dnorm-0p2-s0p3-usd1-short",6,5001,6000,26261023
"materialize_bf_prior","short","z","z-dnorm-0p2-s0p3-usd1-short","z-bf01-point-null0-pm0p2-psd0-on-z-dnorm-0p2-s0p3-usd1-short",7,6001,7000,27261026
"materialize_bf_prior","short","z","z-dnorm-0p2-s0p3-usd1-short","z-bf01-point-null0-pm0p2-psd0-on-z-dnorm-0p2-s0p3-usd1-short",8,7001,8000,28261029
"materialize_bf_prior","short","z","z-dnorm-0p2-s0p3-usd1-short","z-bf01-point-null0-pm0p2-psd0-on-z-dnorm-0p2-s0p3-usd1-short",9,8001,9000,29261032
"materialize_bf_prior","short","z","z-dnorm-0p2-s0p3-usd1-short","z-bf01-point-null0-pm0p2-psd0-on-z-dnorm-0p2-s0p3-usd1-short",10,9001,10000,30261035
"materialize_bf_prior","short","z","z-dnorm-0p2-s0p3-usd1-short","z-bf01-point-null0-pm0p5-psd0-on-z-dnorm-0p2-s0p3-usd1-short",1,1,1000,21261008
"materialize_bf_prior","short","z","z-dnorm-0p2-s0p3-usd1-short","z-bf01-point-null0-pm0p5-psd0-on-z-dnorm-0p2-s0p3-usd1-short",2,1001,2000,22261011
"materialize_bf_prior","short","z","z-dnorm-0p2-s0p3-usd1-short","z-bf01-point-null0-pm0p5-psd0-on-z-dnorm-0p2-s0p3-usd1-short",3,2001,3000,23261014
"materialize_bf_prior","short","z","z-dnorm-0p2-s0p3-usd1-short","z-bf01-point-null0-pm0p5-psd0-on-z-dnorm-0p2-s0p3-usd1-short",4,3001,4000,24261017
"materialize_bf_prior","short","z","z-dnorm-0p2-s0p3-usd1-short","z-bf01-point-null0-pm0p5-psd0-on-z-dnorm-0p2-s0p3-usd1-short",5,4001,5000,25261020
"materialize_bf_prior","short","z","z-dnorm-0p2-s0p3-usd1-short","z-bf01-point-null0-pm0p5-psd0-on-z-dnorm-0p2-s0p3-usd1-short",6,5001,6000,26261023
"materialize_bf_prior","short","z","z-dnorm-0p2-s0p3-usd1-short","z-bf01-point-null0-pm0p5-psd0-on-z-dnorm-0p2-s0p3-usd1-short",7,6001,7000,27261026
"materialize_bf_prior","short","z","z-dnorm-0p2-s0p3-usd1-short","z-bf01-point-null0-pm0p5-psd0-on-z-dnorm-0p2-s0p3-usd1-short",8,7001,8000,28261029
"materialize_bf_prior","short","z","z-dnorm-0p2-s0p3-usd1-short","z-bf01-point-null0-pm0p5-psd0-on-z-dnorm-0p2-s0p3-usd1-short",9,8001,9000,29261032
"materialize_bf_prior","short","z","z-dnorm-0p2-s0p3-usd1-short","z-bf01-point-null0-pm0p5-psd0-on-z-dnorm-0p2-s0p3-usd1-short",10,9001,10000,30261035
"materialize_bf_prior","short","z","z-dnorm-0p2-s0p3-usd1-short","z-bf01-normal-null0-pm0-psd0p70710678-on-z-dnorm-0p2-s0p3-usd1-short",1,1,1000,21261008
"materialize_bf_prior","short","z","z-dnorm-0p2-s0p3-usd1-short","z-bf01-normal-null0-pm0-psd0p70710678-on-z-dnorm-0p2-s0p3-usd1-short",2,1001,2000,22261011
"materialize_bf_prior","short","z","z-dnorm-0p2-s0p3-usd1-short","z-bf01-normal-null0-pm0-psd0p70710678-on-z-dnorm-0p2-s0p3-usd1-short",3,2001,3000,23261014
"materialize_bf_prior","short","z","z-dnorm-0p2-s0p3-usd1-short","z-bf01-normal-null0-pm0-psd0p70710678-on-z-dnorm-0p2-s0p3-usd1-short",4,3001,4000,24261017
"materialize_bf_prior","short","z","z-dnorm-0p2-s0p3-usd1-short","z-bf01-normal-null0-pm0-psd0p70710678-on-z-dnorm-0p2-s0p3-usd1-short",5,4001,5000,25261020
"materialize_bf_prior","short","z","z-dnorm-0p2-s0p3-usd1-short","z-bf01-normal-null0-pm0-psd0p70710678-on-z-dnorm-0p2-s0p3-usd1-short",6,5001,6000,26261023
"materialize_bf_prior","short","z","z-dnorm-0p2-s0p3-usd1-short","z-bf01-normal-null0-pm0-psd0p70710678-on-z-dnorm-0p2-s0p3-usd1-short",7,6001,7000,27261026
"materialize_bf_prior","short","z","z-dnorm-0p2-s0p3-usd1-short","z-bf01-normal-null0-pm0-psd0p70710678-on-z-dnorm-0p2-s0p3-usd1-short",8,7001,8000,28261029
"materialize_bf_prior","short","z","z-dnorm-0p2-s0p3-usd1-short","z-bf01-normal-null0-pm0-psd0p70710678-on-z-dnorm-0p2-s0p3-usd1-short",9,8001,9000,29261032
"materialize_bf_prior","short","z","z-dnorm-0p2-s0p3-usd1-short","z-bf01-normal-null0-pm0-psd0p70710678-on-z-dnorm-0p2-s0p3-usd1-short",10,9001,10000,30261035
"materialize_bf_prior","short","z","z-dnorm-0p2-s0p3-usd1-short","z-bf01-normal-null0-pm0p2-psd0p3-on-z-dnorm-0p2-s0p3-usd1-short",1,1,1000,21261008
"materialize_bf_prior","short","z","z-dnorm-0p2-s0p3-usd1-short","z-bf01-normal-null0-pm0p2-psd0p3-on-z-dnorm-0p2-s0p3-usd1-short",2,1001,2000,22261011
"materialize_bf_prior","short","z","z-dnorm-0p2-s0p3-usd1-short","z-bf01-normal-null0-pm0p2-psd0p3-on-z-dnorm-0p2-s0p3-usd1-short",3,2001,3000,23261014
"materialize_bf_prior","short","z","z-dnorm-0p2-s0p3-usd1-short","z-bf01-normal-null0-pm0p2-psd0p3-on-z-dnorm-0p2-s0p3-usd1-short",4,3001,4000,24261017
"materialize_bf_prior","short","z","z-dnorm-0p2-s0p3-usd1-short","z-bf01-normal-null0-pm0p2-psd0p3-on-z-dnorm-0p2-s0p3-usd1-short",5,4001,5000,25261020
"materialize_bf_prior","short","z","z-dnorm-0p2-s0p3-usd1-short","z-bf01-normal-null0-pm0p2-psd0p3-on-z-dnorm-0p2-s0p3-usd1-short",6,5001,6000,26261023
"materialize_bf_prior","short","z","z-dnorm-0p2-s0p3-usd1-short","z-bf01-normal-null0-pm0p2-psd0p3-on-z-dnorm-0p2-s0p3-usd1-short",7,6001,7000,27261026
"materialize_bf_prior","short","z","z-dnorm-0p2-s0p3-usd1-short","z-bf01-normal-null0-pm0p2-psd0p3-on-z-dnorm-0p2-s0p3-usd1-short",8,7001,8000,28261029
"materialize_bf_prior","short","z","z-dnorm-0p2-s0p3-usd1-short","z-bf01-normal-null0-pm0p2-psd0p3-on-z-dnorm-0p2-s0p3-usd1-short",9,8001,9000,29261032
"materialize_bf_prior","short","z","z-dnorm-0p2-s0p3-usd1-short","z-bf01-normal-null0-pm0p2-psd0p3-on-z-dnorm-0p2-s0p3-usd1-short",10,9001,10000,30261035
"materialize_bf_prior","short","z","z-dnorm-0p2-s0p3-usd1-short","z-dirbf01-directional-normal-null0-pm0-psd0p70710678-on-z-dnorm-0p2-s0p3-usd1-short",1,1,1000,21261008
"materialize_bf_prior","short","z","z-dnorm-0p2-s0p3-usd1-short","z-dirbf01-directional-normal-null0-pm0-psd0p70710678-on-z-dnorm-0p2-s0p3-usd1-short",2,1001,2000,22261011
"materialize_bf_prior","short","z","z-dnorm-0p2-s0p3-usd1-short","z-dirbf01-directional-normal-null0-pm0-psd0p70710678-on-z-dnorm-0p2-s0p3-usd1-short",3,2001,3000,23261014
"materialize_bf_prior","short","z","z-dnorm-0p2-s0p3-usd1-short","z-dirbf01-directional-normal-null0-pm0-psd0p70710678-on-z-dnorm-0p2-s0p3-usd1-short",4,3001,4000,24261017
"materialize_bf_prior","short","z","z-dnorm-0p2-s0p3-usd1-short","z-dirbf01-directional-normal-null0-pm0-psd0p70710678-on-z-dnorm-0p2-s0p3-usd1-short",5,4001,5000,25261020
"materialize_bf_prior","short","z","z-dnorm-0p2-s0p3-usd1-short","z-dirbf01-directional-normal-null0-pm0-psd0p70710678-on-z-dnorm-0p2-s0p3-usd1-short",6,5001,6000,26261023
"materialize_bf_prior","short","z","z-dnorm-0p2-s0p3-usd1-short","z-dirbf01-directional-normal-null0-pm0-psd0p70710678-on-z-dnorm-0p2-s0p3-usd1-short",7,6001,7000,27261026
"materialize_bf_prior","short","z","z-dnorm-0p2-s0p3-usd1-short","z-dirbf01-directional-normal-null0-pm0-psd0p70710678-on-z-dnorm-0p2-s0p3-usd1-short",8,7001,8000,28261029
"materialize_bf_prior","short","z","z-dnorm-0p2-s0p3-usd1-short","z-dirbf01-directional-normal-null0-pm0-psd0p70710678-on-z-dnorm-0p2-s0p3-usd1-short",9,8001,9000,29261032
"materialize_bf_prior","short","z","z-dnorm-0p2-s0p3-usd1-short","z-dirbf01-directional-normal-null0-pm0-psd0p70710678-on-z-dnorm-0p2-s0p3-usd1-short",10,9001,10000,30261035
"materialize_bf_prior","short","z","z-dnorm-0p2-s0p3-usd1-short","z-nmbf01-moment-null0-psd0p35355339-on-z-dnorm-0p2-s0p3-usd1-short",1,1,1000,21261008
"materialize_bf_prior","short","z","z-dnorm-0p2-s0p3-usd1-short","z-nmbf01-moment-null0-psd0p35355339-on-z-dnorm-0p2-s0p3-usd1-short",2,1001,2000,22261011
"materialize_bf_prior","short","z","z-dnorm-0p2-s0p3-usd1-short","z-nmbf01-moment-null0-psd0p35355339-on-z-dnorm-0p2-s0p3-usd1-short",3,2001,3000,23261014
"materialize_bf_prior","short","z","z-dnorm-0p2-s0p3-usd1-short","z-nmbf01-moment-null0-psd0p35355339-on-z-dnorm-0p2-s0p3-usd1-short",4,3001,4000,24261017
"materialize_bf_prior","short","z","z-dnorm-0p2-s0p3-usd1-short","z-nmbf01-moment-null0-psd0p35355339-on-z-dnorm-0p2-s0p3-usd1-short",5,4001,5000,25261020
"materialize_bf_prior","short","z","z-dnorm-0p2-s0p3-usd1-short","z-nmbf01-moment-null0-psd0p35355339-on-z-dnorm-0p2-s0p3-usd1-short",6,5001,6000,26261023
"materialize_bf_prior","short","z","z-dnorm-0p2-s0p3-usd1-short","z-nmbf01-moment-null0-psd0p35355339-on-z-dnorm-0p2-s0p3-usd1-short",7,6001,7000,27261026
"materialize_bf_prior","short","z","z-dnorm-0p2-s0p3-usd1-short","z-nmbf01-moment-null0-psd0p35355339-on-z-dnorm-0p2-s0p3-usd1-short",8,7001,8000,28261029
"materialize_bf_prior","short","z","z-dnorm-0p2-s0p3-usd1-short","z-nmbf01-moment-null0-psd0p35355339-on-z-dnorm-0p2-s0p3-usd1-short",9,8001,9000,29261032
"materialize_bf_prior","short","z","z-dnorm-0p2-s0p3-usd1-short","z-nmbf01-moment-null0-psd0p35355339-on-z-dnorm-0p2-s0p3-usd1-short",10,9001,10000,30261035
"materialize_bf_prior","short","z","z-dnorm-0p2-s0p3-usd1-short","z-nmbf01-moment-null0-psd0p70710678-on-z-dnorm-0p2-s0p3-usd1-short",1,1,1000,21261008
"materialize_bf_prior","short","z","z-dnorm-0p2-s0p3-usd1-short","z-nmbf01-moment-null0-psd0p70710678-on-z-dnorm-0p2-s0p3-usd1-short",2,1001,2000,22261011
"materialize_bf_prior","short","z","z-dnorm-0p2-s0p3-usd1-short","z-nmbf01-moment-null0-psd0p70710678-on-z-dnorm-0p2-s0p3-usd1-short",3,2001,3000,23261014
"materialize_bf_prior","short","z","z-dnorm-0p2-s0p3-usd1-short","z-nmbf01-moment-null0-psd0p70710678-on-z-dnorm-0p2-s0p3-usd1-short",4,3001,4000,24261017
"materialize_bf_prior","short","z","z-dnorm-0p2-s0p3-usd1-short","z-nmbf01-moment-null0-psd0p70710678-on-z-dnorm-0p2-s0p3-usd1-short",5,4001,5000,25261020
"materialize_bf_prior","short","z","z-dnorm-0p2-s0p3-usd1-short","z-nmbf01-moment-null0-psd0p70710678-on-z-dnorm-0p2-s0p3-usd1-short",6,5001,6000,26261023
"materialize_bf_prior","short","z","z-dnorm-0p2-s0p3-usd1-short","z-nmbf01-moment-null0-psd0p70710678-on-z-dnorm-0p2-s0p3-usd1-short",7,6001,7000,27261026
"materialize_bf_prior","short","z","z-dnorm-0p2-s0p3-usd1-short","z-nmbf01-moment-null0-psd0p70710678-on-z-dnorm-0p2-s0p3-usd1-short",8,7001,8000,28261029
"materialize_bf_prior","short","z","z-dnorm-0p2-s0p3-usd1-short","z-nmbf01-moment-null0-psd0p70710678-on-z-dnorm-0p2-s0p3-usd1-short",9,8001,9000,29261032
"materialize_bf_prior","short","z","z-dnorm-0p2-s0p3-usd1-short","z-nmbf01-moment-null0-psd0p70710678-on-z-dnorm-0p2-s0p3-usd1-short",10,9001,10000,30261035
"materialize_bf_prior","short","z","z-dnorm-0p2-s0p5-usd1-short","z-bf01-point-null0-pm0p2-psd0-on-z-dnorm-0p2-s0p5-usd1-short",1,1,1000,21261009
"materialize_bf_prior","short","z","z-dnorm-0p2-s0p5-usd1-short","z-bf01-point-null0-pm0p2-psd0-on-z-dnorm-0p2-s0p5-usd1-short",2,1001,2000,22261012
"materialize_bf_prior","short","z","z-dnorm-0p2-s0p5-usd1-short","z-bf01-point-null0-pm0p2-psd0-on-z-dnorm-0p2-s0p5-usd1-short",3,2001,3000,23261015
"materialize_bf_prior","short","z","z-dnorm-0p2-s0p5-usd1-short","z-bf01-point-null0-pm0p2-psd0-on-z-dnorm-0p2-s0p5-usd1-short",4,3001,4000,24261018
"materialize_bf_prior","short","z","z-dnorm-0p2-s0p5-usd1-short","z-bf01-point-null0-pm0p2-psd0-on-z-dnorm-0p2-s0p5-usd1-short",5,4001,5000,25261021
"materialize_bf_prior","short","z","z-dnorm-0p2-s0p5-usd1-short","z-bf01-point-null0-pm0p2-psd0-on-z-dnorm-0p2-s0p5-usd1-short",6,5001,6000,26261024
"materialize_bf_prior","short","z","z-dnorm-0p2-s0p5-usd1-short","z-bf01-point-null0-pm0p2-psd0-on-z-dnorm-0p2-s0p5-usd1-short",7,6001,7000,27261027
"materialize_bf_prior","short","z","z-dnorm-0p2-s0p5-usd1-short","z-bf01-point-null0-pm0p2-psd0-on-z-dnorm-0p2-s0p5-usd1-short",8,7001,8000,28261030
"materialize_bf_prior","short","z","z-dnorm-0p2-s0p5-usd1-short","z-bf01-point-null0-pm0p2-psd0-on-z-dnorm-0p2-s0p5-usd1-short",9,8001,9000,29261033
"materialize_bf_prior","short","z","z-dnorm-0p2-s0p5-usd1-short","z-bf01-point-null0-pm0p2-psd0-on-z-dnorm-0p2-s0p5-usd1-short",10,9001,10000,30261036
"materialize_bf_prior","short","z","z-dnorm-0p2-s0p5-usd1-short","z-bf01-point-null0-pm0p5-psd0-on-z-dnorm-0p2-s0p5-usd1-short",1,1,1000,21261009
"materialize_bf_prior","short","z","z-dnorm-0p2-s0p5-usd1-short","z-bf01-point-null0-pm0p5-psd0-on-z-dnorm-0p2-s0p5-usd1-short",2,1001,2000,22261012
"materialize_bf_prior","short","z","z-dnorm-0p2-s0p5-usd1-short","z-bf01-point-null0-pm0p5-psd0-on-z-dnorm-0p2-s0p5-usd1-short",3,2001,3000,23261015
"materialize_bf_prior","short","z","z-dnorm-0p2-s0p5-usd1-short","z-bf01-point-null0-pm0p5-psd0-on-z-dnorm-0p2-s0p5-usd1-short",4,3001,4000,24261018
"materialize_bf_prior","short","z","z-dnorm-0p2-s0p5-usd1-short","z-bf01-point-null0-pm0p5-psd0-on-z-dnorm-0p2-s0p5-usd1-short",5,4001,5000,25261021
"materialize_bf_prior","short","z","z-dnorm-0p2-s0p5-usd1-short","z-bf01-point-null0-pm0p5-psd0-on-z-dnorm-0p2-s0p5-usd1-short",6,5001,6000,26261024
"materialize_bf_prior","short","z","z-dnorm-0p2-s0p5-usd1-short","z-bf01-point-null0-pm0p5-psd0-on-z-dnorm-0p2-s0p5-usd1-short",7,6001,7000,27261027
"materialize_bf_prior","short","z","z-dnorm-0p2-s0p5-usd1-short","z-bf01-point-null0-pm0p5-psd0-on-z-dnorm-0p2-s0p5-usd1-short",8,7001,8000,28261030
"materialize_bf_prior","short","z","z-dnorm-0p2-s0p5-usd1-short","z-bf01-point-null0-pm0p5-psd0-on-z-dnorm-0p2-s0p5-usd1-short",9,8001,9000,29261033
"materialize_bf_prior","short","z","z-dnorm-0p2-s0p5-usd1-short","z-bf01-point-null0-pm0p5-psd0-on-z-dnorm-0p2-s0p5-usd1-short",10,9001,10000,30261036
"materialize_bf_prior","short","z","z-dnorm-0p2-s0p5-usd1-short","z-bf01-normal-null0-pm0-psd0p70710678-on-z-dnorm-0p2-s0p5-usd1-short",1,1,1000,21261009
"materialize_bf_prior","short","z","z-dnorm-0p2-s0p5-usd1-short","z-bf01-normal-null0-pm0-psd0p70710678-on-z-dnorm-0p2-s0p5-usd1-short",2,1001,2000,22261012
"materialize_bf_prior","short","z","z-dnorm-0p2-s0p5-usd1-short","z-bf01-normal-null0-pm0-psd0p70710678-on-z-dnorm-0p2-s0p5-usd1-short",3,2001,3000,23261015
"materialize_bf_prior","short","z","z-dnorm-0p2-s0p5-usd1-short","z-bf01-normal-null0-pm0-psd0p70710678-on-z-dnorm-0p2-s0p5-usd1-short",4,3001,4000,24261018
"materialize_bf_prior","short","z","z-dnorm-0p2-s0p5-usd1-short","z-bf01-normal-null0-pm0-psd0p70710678-on-z-dnorm-0p2-s0p5-usd1-short",5,4001,5000,25261021
"materialize_bf_prior","short","z","z-dnorm-0p2-s0p5-usd1-short","z-bf01-normal-null0-pm0-psd0p70710678-on-z-dnorm-0p2-s0p5-usd1-short",6,5001,6000,26261024
"materialize_bf_prior","short","z","z-dnorm-0p2-s0p5-usd1-short","z-bf01-normal-null0-pm0-psd0p70710678-on-z-dnorm-0p2-s0p5-usd1-short",7,6001,7000,27261027
"materialize_bf_prior","short","z","z-dnorm-0p2-s0p5-usd1-short","z-bf01-normal-null0-pm0-psd0p70710678-on-z-dnorm-0p2-s0p5-usd1-short",8,7001,8000,28261030
"materialize_bf_prior","short","z","z-dnorm-0p2-s0p5-usd1-short","z-bf01-normal-null0-pm0-psd0p70710678-on-z-dnorm-0p2-s0p5-usd1-short",9,8001,9000,29261033
"materialize_bf_prior","short","z","z-dnorm-0p2-s0p5-usd1-short","z-bf01-normal-null0-pm0-psd0p70710678-on-z-dnorm-0p2-s0p5-usd1-short",10,9001,10000,30261036
"materialize_bf_prior","short","z","z-dnorm-0p2-s0p5-usd1-short","z-bf01-normal-null0-pm0p2-psd0p3-on-z-dnorm-0p2-s0p5-usd1-short",1,1,1000,21261009
"materialize_bf_prior","short","z","z-dnorm-0p2-s0p5-usd1-short","z-bf01-normal-null0-pm0p2-psd0p3-on-z-dnorm-0p2-s0p5-usd1-short",2,1001,2000,22261012
"materialize_bf_prior","short","z","z-dnorm-0p2-s0p5-usd1-short","z-bf01-normal-null0-pm0p2-psd0p3-on-z-dnorm-0p2-s0p5-usd1-short",3,2001,3000,23261015
"materialize_bf_prior","short","z","z-dnorm-0p2-s0p5-usd1-short","z-bf01-normal-null0-pm0p2-psd0p3-on-z-dnorm-0p2-s0p5-usd1-short",4,3001,4000,24261018
"materialize_bf_prior","short","z","z-dnorm-0p2-s0p5-usd1-short","z-bf01-normal-null0-pm0p2-psd0p3-on-z-dnorm-0p2-s0p5-usd1-short",5,4001,5000,25261021
"materialize_bf_prior","short","z","z-dnorm-0p2-s0p5-usd1-short","z-bf01-normal-null0-pm0p2-psd0p3-on-z-dnorm-0p2-s0p5-usd1-short",6,5001,6000,26261024
"materialize_bf_prior","short","z","z-dnorm-0p2-s0p5-usd1-short","z-bf01-normal-null0-pm0p2-psd0p3-on-z-dnorm-0p2-s0p5-usd1-short",7,6001,7000,27261027
"materialize_bf_prior","short","z","z-dnorm-0p2-s0p5-usd1-short","z-bf01-normal-null0-pm0p2-psd0p3-on-z-dnorm-0p2-s0p5-usd1-short",8,7001,8000,28261030
"materialize_bf_prior","short","z","z-dnorm-0p2-s0p5-usd1-short","z-bf01-normal-null0-pm0p2-psd0p3-on-z-dnorm-0p2-s0p5-usd1-short",9,8001,9000,29261033
"materialize_bf_prior","short","z","z-dnorm-0p2-s0p5-usd1-short","z-bf01-normal-null0-pm0p2-psd0p3-on-z-dnorm-0p2-s0p5-usd1-short",10,9001,10000,30261036
"materialize_bf_prior","short","z","z-dnorm-0p2-s0p5-usd1-short","z-dirbf01-directional-normal-null0-pm0-psd0p70710678-on-z-dnorm-0p2-s0p5-usd1-short",1,1,1000,21261009
"materialize_bf_prior","short","z","z-dnorm-0p2-s0p5-usd1-short","z-dirbf01-directional-normal-null0-pm0-psd0p70710678-on-z-dnorm-0p2-s0p5-usd1-short",2,1001,2000,22261012
"materialize_bf_prior","short","z","z-dnorm-0p2-s0p5-usd1-short","z-dirbf01-directional-normal-null0-pm0-psd0p70710678-on-z-dnorm-0p2-s0p5-usd1-short",3,2001,3000,23261015
"materialize_bf_prior","short","z","z-dnorm-0p2-s0p5-usd1-short","z-dirbf01-directional-normal-null0-pm0-psd0p70710678-on-z-dnorm-0p2-s0p5-usd1-short",4,3001,4000,24261018
"materialize_bf_prior","short","z","z-dnorm-0p2-s0p5-usd1-short","z-dirbf01-directional-normal-null0-pm0-psd0p70710678-on-z-dnorm-0p2-s0p5-usd1-short",5,4001,5000,25261021
"materialize_bf_prior","short","z","z-dnorm-0p2-s0p5-usd1-short","z-dirbf01-directional-normal-null0-pm0-psd0p70710678-on-z-dnorm-0p2-s0p5-usd1-short",6,5001,6000,26261024
"materialize_bf_prior","short","z","z-dnorm-0p2-s0p5-usd1-short","z-dirbf01-directional-normal-null0-pm0-psd0p70710678-on-z-dnorm-0p2-s0p5-usd1-short",7,6001,7000,27261027
"materialize_bf_prior","short","z","z-dnorm-0p2-s0p5-usd1-short","z-dirbf01-directional-normal-null0-pm0-psd0p70710678-on-z-dnorm-0p2-s0p5-usd1-short",8,7001,8000,28261030
"materialize_bf_prior","short","z","z-dnorm-0p2-s0p5-usd1-short","z-dirbf01-directional-normal-null0-pm0-psd0p70710678-on-z-dnorm-0p2-s0p5-usd1-short",9,8001,9000,29261033
"materialize_bf_prior","short","z","z-dnorm-0p2-s0p5-usd1-short","z-dirbf01-directional-normal-null0-pm0-psd0p70710678-on-z-dnorm-0p2-s0p5-usd1-short",10,9001,10000,30261036
"materialize_bf_prior","short","z","z-dnorm-0p2-s0p5-usd1-short","z-nmbf01-moment-null0-psd0p35355339-on-z-dnorm-0p2-s0p5-usd1-short",1,1,1000,21261009
"materialize_bf_prior","short","z","z-dnorm-0p2-s0p5-usd1-short","z-nmbf01-moment-null0-psd0p35355339-on-z-dnorm-0p2-s0p5-usd1-short",2,1001,2000,22261012
"materialize_bf_prior","short","z","z-dnorm-0p2-s0p5-usd1-short","z-nmbf01-moment-null0-psd0p35355339-on-z-dnorm-0p2-s0p5-usd1-short",3,2001,3000,23261015
"materialize_bf_prior","short","z","z-dnorm-0p2-s0p5-usd1-short","z-nmbf01-moment-null0-psd0p35355339-on-z-dnorm-0p2-s0p5-usd1-short",4,3001,4000,24261018
"materialize_bf_prior","short","z","z-dnorm-0p2-s0p5-usd1-short","z-nmbf01-moment-null0-psd0p35355339-on-z-dnorm-0p2-s0p5-usd1-short",5,4001,5000,25261021
"materialize_bf_prior","short","z","z-dnorm-0p2-s0p5-usd1-short","z-nmbf01-moment-null0-psd0p35355339-on-z-dnorm-0p2-s0p5-usd1-short",6,5001,6000,26261024
"materialize_bf_prior","short","z","z-dnorm-0p2-s0p5-usd1-short","z-nmbf01-moment-null0-psd0p35355339-on-z-dnorm-0p2-s0p5-usd1-short",7,6001,7000,27261027
"materialize_bf_prior","short","z","z-dnorm-0p2-s0p5-usd1-short","z-nmbf01-moment-null0-psd0p35355339-on-z-dnorm-0p2-s0p5-usd1-short",8,7001,8000,28261030
"materialize_bf_prior","short","z","z-dnorm-0p2-s0p5-usd1-short","z-nmbf01-moment-null0-psd0p35355339-on-z-dnorm-0p2-s0p5-usd1-short",9,8001,9000,29261033
"materialize_bf_prior","short","z","z-dnorm-0p2-s0p5-usd1-short","z-nmbf01-moment-null0-psd0p35355339-on-z-dnorm-0p2-s0p5-usd1-short",10,9001,10000,30261036
"materialize_bf_prior","short","z","z-dnorm-0p2-s0p5-usd1-short","z-nmbf01-moment-null0-psd0p70710678-on-z-dnorm-0p2-s0p5-usd1-short",1,1,1000,21261009
"materialize_bf_prior","short","z","z-dnorm-0p2-s0p5-usd1-short","z-nmbf01-moment-null0-psd0p70710678-on-z-dnorm-0p2-s0p5-usd1-short",2,1001,2000,22261012
"materialize_bf_prior","short","z","z-dnorm-0p2-s0p5-usd1-short","z-nmbf01-moment-null0-psd0p70710678-on-z-dnorm-0p2-s0p5-usd1-short",3,2001,3000,23261015
"materialize_bf_prior","short","z","z-dnorm-0p2-s0p5-usd1-short","z-nmbf01-moment-null0-psd0p70710678-on-z-dnorm-0p2-s0p5-usd1-short",4,3001,4000,24261018
"materialize_bf_prior","short","z","z-dnorm-0p2-s0p5-usd1-short","z-nmbf01-moment-null0-psd0p70710678-on-z-dnorm-0p2-s0p5-usd1-short",5,4001,5000,25261021
"materialize_bf_prior","short","z","z-dnorm-0p2-s0p5-usd1-short","z-nmbf01-moment-null0-psd0p70710678-on-z-dnorm-0p2-s0p5-usd1-short",6,5001,6000,26261024
"materialize_bf_prior","short","z","z-dnorm-0p2-s0p5-usd1-short","z-nmbf01-moment-null0-psd0p70710678-on-z-dnorm-0p2-s0p5-usd1-short",7,6001,7000,27261027
"materialize_bf_prior","short","z","z-dnorm-0p2-s0p5-usd1-short","z-nmbf01-moment-null0-psd0p70710678-on-z-dnorm-0p2-s0p5-usd1-short",8,7001,8000,28261030
"materialize_bf_prior","short","z","z-dnorm-0p2-s0p5-usd1-short","z-nmbf01-moment-null0-psd0p70710678-on-z-dnorm-0p2-s0p5-usd1-short",9,8001,9000,29261033
"materialize_bf_prior","short","z","z-dnorm-0p2-s0p5-usd1-short","z-nmbf01-moment-null0-psd0p70710678-on-z-dnorm-0p2-s0p5-usd1-short",10,9001,10000,30261036
"materialize_bf_prior","adversarial","z","z-dnorm-0-s0p5-usd1-short","z-bf01-point-null0-pm0p2-psd0-on-z-dnorm-0-s0p5-usd1-short",1,1,1000,21261010
"materialize_bf_prior","adversarial","z","z-dnorm-0-s0p5-usd1-short","z-bf01-point-null0-pm0p2-psd0-on-z-dnorm-0-s0p5-usd1-short",2,1001,2000,22261013
"materialize_bf_prior","adversarial","z","z-dnorm-0-s0p5-usd1-short","z-bf01-point-null0-pm0p2-psd0-on-z-dnorm-0-s0p5-usd1-short",3,2001,3000,23261016
"materialize_bf_prior","adversarial","z","z-dnorm-0-s0p5-usd1-short","z-bf01-point-null0-pm0p2-psd0-on-z-dnorm-0-s0p5-usd1-short",4,3001,4000,24261019
"materialize_bf_prior","adversarial","z","z-dnorm-0-s0p5-usd1-short","z-bf01-point-null0-pm0p2-psd0-on-z-dnorm-0-s0p5-usd1-short",5,4001,5000,25261022
"materialize_bf_prior","adversarial","z","z-dnorm-0-s0p5-usd1-short","z-bf01-point-null0-pm0p2-psd0-on-z-dnorm-0-s0p5-usd1-short",6,5001,6000,26261025
"materialize_bf_prior","adversarial","z","z-dnorm-0-s0p5-usd1-short","z-bf01-point-null0-pm0p2-psd0-on-z-dnorm-0-s0p5-usd1-short",7,6001,7000,27261028
"materialize_bf_prior","adversarial","z","z-dnorm-0-s0p5-usd1-short","z-bf01-point-null0-pm0p2-psd0-on-z-dnorm-0-s0p5-usd1-short",8,7001,8000,28261031
"materialize_bf_prior","adversarial","z","z-dnorm-0-s0p5-usd1-short","z-bf01-point-null0-pm0p2-psd0-on-z-dnorm-0-s0p5-usd1-short",9,8001,9000,29261034
"materialize_bf_prior","adversarial","z","z-dnorm-0-s0p5-usd1-short","z-bf01-point-null0-pm0p2-psd0-on-z-dnorm-0-s0p5-usd1-short",10,9001,10000,30261037
"materialize_bf_prior","adversarial","z","z-dnorm-0-s0p5-usd1-short","z-bf01-point-null0-pm0p5-psd0-on-z-dnorm-0-s0p5-usd1-short",1,1,1000,21261010
"materialize_bf_prior","adversarial","z","z-dnorm-0-s0p5-usd1-short","z-bf01-point-null0-pm0p5-psd0-on-z-dnorm-0-s0p5-usd1-short",2,1001,2000,22261013
"materialize_bf_prior","adversarial","z","z-dnorm-0-s0p5-usd1-short","z-bf01-point-null0-pm0p5-psd0-on-z-dnorm-0-s0p5-usd1-short",3,2001,3000,23261016
"materialize_bf_prior","adversarial","z","z-dnorm-0-s0p5-usd1-short","z-bf01-point-null0-pm0p5-psd0-on-z-dnorm-0-s0p5-usd1-short",4,3001,4000,24261019
"materialize_bf_prior","adversarial","z","z-dnorm-0-s0p5-usd1-short","z-bf01-point-null0-pm0p5-psd0-on-z-dnorm-0-s0p5-usd1-short",5,4001,5000,25261022
"materialize_bf_prior","adversarial","z","z-dnorm-0-s0p5-usd1-short","z-bf01-point-null0-pm0p5-psd0-on-z-dnorm-0-s0p5-usd1-short",6,5001,6000,26261025
"materialize_bf_prior","adversarial","z","z-dnorm-0-s0p5-usd1-short","z-bf01-point-null0-pm0p5-psd0-on-z-dnorm-0-s0p5-usd1-short",7,6001,7000,27261028
"materialize_bf_prior","adversarial","z","z-dnorm-0-s0p5-usd1-short","z-bf01-point-null0-pm0p5-psd0-on-z-dnorm-0-s0p5-usd1-short",8,7001,8000,28261031
"materialize_bf_prior","adversarial","z","z-dnorm-0-s0p5-usd1-short","z-bf01-point-null0-pm0p5-psd0-on-z-dnorm-0-s0p5-usd1-short",9,8001,9000,29261034
"materialize_bf_prior","adversarial","z","z-dnorm-0-s0p5-usd1-short","z-bf01-point-null0-pm0p5-psd0-on-z-dnorm-0-s0p5-usd1-short",10,9001,10000,30261037
"materialize_bf_prior","adversarial","z","z-dnorm-0-s0p5-usd1-short","z-bf01-normal-null0-pm0-psd0p70710678-on-z-dnorm-0-s0p5-usd1-short",1,1,1000,21261010
"materialize_bf_prior","adversarial","z","z-dnorm-0-s0p5-usd1-short","z-bf01-normal-null0-pm0-psd0p70710678-on-z-dnorm-0-s0p5-usd1-short",2,1001,2000,22261013
"materialize_bf_prior","adversarial","z","z-dnorm-0-s0p5-usd1-short","z-bf01-normal-null0-pm0-psd0p70710678-on-z-dnorm-0-s0p5-usd1-short",3,2001,3000,23261016
"materialize_bf_prior","adversarial","z","z-dnorm-0-s0p5-usd1-short","z-bf01-normal-null0-pm0-psd0p70710678-on-z-dnorm-0-s0p5-usd1-short",4,3001,4000,24261019
"materialize_bf_prior","adversarial","z","z-dnorm-0-s0p5-usd1-short","z-bf01-normal-null0-pm0-psd0p70710678-on-z-dnorm-0-s0p5-usd1-short",5,4001,5000,25261022
"materialize_bf_prior","adversarial","z","z-dnorm-0-s0p5-usd1-short","z-bf01-normal-null0-pm0-psd0p70710678-on-z-dnorm-0-s0p5-usd1-short",6,5001,6000,26261025
"materialize_bf_prior","adversarial","z","z-dnorm-0-s0p5-usd1-short","z-bf01-normal-null0-pm0-psd0p70710678-on-z-dnorm-0-s0p5-usd1-short",7,6001,7000,27261028
"materialize_bf_prior","adversarial","z","z-dnorm-0-s0p5-usd1-short","z-bf01-normal-null0-pm0-psd0p70710678-on-z-dnorm-0-s0p5-usd1-short",8,7001,8000,28261031
"materialize_bf_prior","adversarial","z","z-dnorm-0-s0p5-usd1-short","z-bf01-normal-null0-pm0-psd0p70710678-on-z-dnorm-0-s0p5-usd1-short",9,8001,9000,29261034
"materialize_bf_prior","adversarial","z","z-dnorm-0-s0p5-usd1-short","z-bf01-normal-null0-pm0-psd0p70710678-on-z-dnorm-0-s0p5-usd1-short",10,9001,10000,30261037
"materialize_bf_prior","adversarial","z","z-dnorm-0-s0p5-usd1-short","z-bf01-normal-null0-pm0p2-psd0p3-on-z-dnorm-0-s0p5-usd1-short",1,1,1000,21261010
"materialize_bf_prior","adversarial","z","z-dnorm-0-s0p5-usd1-short","z-bf01-normal-null0-pm0p2-psd0p3-on-z-dnorm-0-s0p5-usd1-short",2,1001,2000,22261013
"materialize_bf_prior","adversarial","z","z-dnorm-0-s0p5-usd1-short","z-bf01-normal-null0-pm0p2-psd0p3-on-z-dnorm-0-s0p5-usd1-short",3,2001,3000,23261016
"materialize_bf_prior","adversarial","z","z-dnorm-0-s0p5-usd1-short","z-bf01-normal-null0-pm0p2-psd0p3-on-z-dnorm-0-s0p5-usd1-short",4,3001,4000,24261019
"materialize_bf_prior","adversarial","z","z-dnorm-0-s0p5-usd1-short","z-bf01-normal-null0-pm0p2-psd0p3-on-z-dnorm-0-s0p5-usd1-short",5,4001,5000,25261022
"materialize_bf_prior","adversarial","z","z-dnorm-0-s0p5-usd1-short","z-bf01-normal-null0-pm0p2-psd0p3-on-z-dnorm-0-s0p5-usd1-short",6,5001,6000,26261025
"materialize_bf_prior","adversarial","z","z-dnorm-0-s0p5-usd1-short","z-bf01-normal-null0-pm0p2-psd0p3-on-z-dnorm-0-s0p5-usd1-short",7,6001,7000,27261028
"materialize_bf_prior","adversarial","z","z-dnorm-0-s0p5-usd1-short","z-bf01-normal-null0-pm0p2-psd0p3-on-z-dnorm-0-s0p5-usd1-short",8,7001,8000,28261031
"materialize_bf_prior","adversarial","z","z-dnorm-0-s0p5-usd1-short","z-bf01-normal-null0-pm0p2-psd0p3-on-z-dnorm-0-s0p5-usd1-short",9,8001,9000,29261034
"materialize_bf_prior","adversarial","z","z-dnorm-0-s0p5-usd1-short","z-bf01-normal-null0-pm0p2-psd0p3-on-z-dnorm-0-s0p5-usd1-short",10,9001,10000,30261037
"materialize_bf_prior","adversarial","z","z-dnorm-0-s0p5-usd1-short","z-dirbf01-directional-normal-null0-pm0-psd0p70710678-on-z-dnorm-0-s0p5-usd1-short",1,1,1000,21261010
"materialize_bf_prior","adversarial","z","z-dnorm-0-s0p5-usd1-short","z-dirbf01-directional-normal-null0-pm0-psd0p70710678-on-z-dnorm-0-s0p5-usd1-short",2,1001,2000,22261013
"materialize_bf_prior","adversarial","z","z-dnorm-0-s0p5-usd1-short","z-dirbf01-directional-normal-null0-pm0-psd0p70710678-on-z-dnorm-0-s0p5-usd1-short",3,2001,3000,23261016
"materialize_bf_prior","adversarial","z","z-dnorm-0-s0p5-usd1-short","z-dirbf01-directional-normal-null0-pm0-psd0p70710678-on-z-dnorm-0-s0p5-usd1-short",4,3001,4000,24261019
"materialize_bf_prior","adversarial","z","z-dnorm-0-s0p5-usd1-short","z-dirbf01-directional-normal-null0-pm0-psd0p70710678-on-z-dnorm-0-s0p5-usd1-short",5,4001,5000,25261022
"materialize_bf_prior","adversarial","z","z-dnorm-0-s0p5-usd1-short","z-dirbf01-directional-normal-null0-pm0-psd0p70710678-on-z-dnorm-0-s0p5-usd1-short",6,5001,6000,26261025
"materialize_bf_prior","adversarial","z","z-dnorm-0-s0p5-usd1-short","z-dirbf01-directional-normal-null0-pm0-psd0p70710678-on-z-dnorm-0-s0p5-usd1-short",7,6001,7000,27261028
"materialize_bf_prior","adversarial","z","z-dnorm-0-s0p5-usd1-short","z-dirbf01-directional-normal-null0-pm0-psd0p70710678-on-z-dnorm-0-s0p5-usd1-short",8,7001,8000,28261031
"materialize_bf_prior","adversarial","z","z-dnorm-0-s0p5-usd1-short","z-dirbf01-directional-normal-null0-pm0-psd0p70710678-on-z-dnorm-0-s0p5-usd1-short",9,8001,9000,29261034
"materialize_bf_prior","adversarial","z","z-dnorm-0-s0p5-usd1-short","z-dirbf01-directional-normal-null0-pm0-psd0p70710678-on-z-dnorm-0-s0p5-usd1-short",10,9001,10000,30261037
"materialize_bf_prior","adversarial","z","z-dnorm-0-s0p5-usd1-short","z-nmbf01-moment-null0-psd0p35355339-on-z-dnorm-0-s0p5-usd1-short",1,1,1000,21261010
"materialize_bf_prior","adversarial","z","z-dnorm-0-s0p5-usd1-short","z-nmbf01-moment-null0-psd0p35355339-on-z-dnorm-0-s0p5-usd1-short",2,1001,2000,22261013
"materialize_bf_prior","adversarial","z","z-dnorm-0-s0p5-usd1-short","z-nmbf01-moment-null0-psd0p35355339-on-z-dnorm-0-s0p5-usd1-short",3,2001,3000,23261016
"materialize_bf_prior","adversarial","z","z-dnorm-0-s0p5-usd1-short","z-nmbf01-moment-null0-psd0p35355339-on-z-dnorm-0-s0p5-usd1-short",4,3001,4000,24261019
"materialize_bf_prior","adversarial","z","z-dnorm-0-s0p5-usd1-short","z-nmbf01-moment-null0-psd0p35355339-on-z-dnorm-0-s0p5-usd1-short",5,4001,5000,25261022
"materialize_bf_prior","adversarial","z","z-dnorm-0-s0p5-usd1-short","z-nmbf01-moment-null0-psd0p35355339-on-z-dnorm-0-s0p5-usd1-short",6,5001,6000,26261025
"materialize_bf_prior","adversarial","z","z-dnorm-0-s0p5-usd1-short","z-nmbf01-moment-null0-psd0p35355339-on-z-dnorm-0-s0p5-usd1-short",7,6001,7000,27261028
"materialize_bf_prior","adversarial","z","z-dnorm-0-s0p5-usd1-short","z-nmbf01-moment-null0-psd0p35355339-on-z-dnorm-0-s0p5-usd1-short",8,7001,8000,28261031
"materialize_bf_prior","adversarial","z","z-dnorm-0-s0p5-usd1-short","z-nmbf01-moment-null0-psd0p35355339-on-z-dnorm-0-s0p5-usd1-short",9,8001,9000,29261034
"materialize_bf_prior","adversarial","z","z-dnorm-0-s0p5-usd1-short","z-nmbf01-moment-null0-psd0p35355339-on-z-dnorm-0-s0p5-usd1-short",10,9001,10000,30261037
"materialize_bf_prior","adversarial","z","z-dnorm-0-s0p5-usd1-short","z-nmbf01-moment-null0-psd0p70710678-on-z-dnorm-0-s0p5-usd1-short",1,1,1000,21261010
"materialize_bf_prior","adversarial","z","z-dnorm-0-s0p5-usd1-short","z-nmbf01-moment-null0-psd0p70710678-on-z-dnorm-0-s0p5-usd1-short",2,1001,2000,22261013
"materialize_bf_prior","adversarial","z","z-dnorm-0-s0p5-usd1-short","z-nmbf01-moment-null0-psd0p70710678-on-z-dnorm-0-s0p5-usd1-short",3,2001,3000,23261016
"materialize_bf_prior","adversarial","z","z-dnorm-0-s0p5-usd1-short","z-nmbf01-moment-null0-psd0p70710678-on-z-dnorm-0-s0p5-usd1-short",4,3001,4000,24261019
"materialize_bf_prior","adversarial","z","z-dnorm-0-s0p5-usd1-short","z-nmbf01-moment-null0-psd0p70710678-on-z-dnorm-0-s0p5-usd1-short",5,4001,5000,25261022
"materialize_bf_prior","adversarial","z","z-dnorm-0-s0p5-usd1-short","z-nmbf01-moment-null0-psd0p70710678-on-z-dnorm-0-s0p5-usd1-short",6,5001,6000,26261025
"materialize_bf_prior","adversarial","z","z-dnorm-0-s0p5-usd1-short","z-nmbf01-moment-null0-psd0p70710678-on-z-dnorm-0-s0p5-usd1-short",7,6001,7000,27261028
"materialize_bf_prior","adversarial","z","z-dnorm-0-s0p5-usd1-short","z-nmbf01-moment-null0-psd0p70710678-on-z-dnorm-0-s0p5-usd1-short",8,7001,8000,28261031
"materialize_bf_prior","adversarial","z","z-dnorm-0-s0p5-usd1-short","z-nmbf01-moment-null0-psd0p70710678-on-z-dnorm-0-s0p5-usd1-short",9,8001,9000,29261034
"materialize_bf_prior","adversarial","z","z-dnorm-0-s0p5-usd1-short","z-nmbf01-moment-null0-psd0p70710678-on-z-dnorm-0-s0p5-usd1-short",10,9001,10000,30261037
"materialize_bf_prior","adversarial","z","z-dpoint-m0p3-usd1-short","z-bf01-point-null0-pm0p2-psd0-on-z-dpoint-m0p3-usd1-short",1,1,1000,21261011
"materialize_bf_prior","adversarial","z","z-dpoint-m0p3-usd1-short","z-bf01-point-null0-pm0p2-psd0-on-z-dpoint-m0p3-usd1-short",2,1001,2000,22261014
"materialize_bf_prior","adversarial","z","z-dpoint-m0p3-usd1-short","z-bf01-point-null0-pm0p2-psd0-on-z-dpoint-m0p3-usd1-short",3,2001,3000,23261017
"materialize_bf_prior","adversarial","z","z-dpoint-m0p3-usd1-short","z-bf01-point-null0-pm0p2-psd0-on-z-dpoint-m0p3-usd1-short",4,3001,4000,24261020
"materialize_bf_prior","adversarial","z","z-dpoint-m0p3-usd1-short","z-bf01-point-null0-pm0p2-psd0-on-z-dpoint-m0p3-usd1-short",5,4001,5000,25261023
"materialize_bf_prior","adversarial","z","z-dpoint-m0p3-usd1-short","z-bf01-point-null0-pm0p2-psd0-on-z-dpoint-m0p3-usd1-short",6,5001,6000,26261026
"materialize_bf_prior","adversarial","z","z-dpoint-m0p3-usd1-short","z-bf01-point-null0-pm0p2-psd0-on-z-dpoint-m0p3-usd1-short",7,6001,7000,27261029
"materialize_bf_prior","adversarial","z","z-dpoint-m0p3-usd1-short","z-bf01-point-null0-pm0p2-psd0-on-z-dpoint-m0p3-usd1-short",8,7001,8000,28261032
"materialize_bf_prior","adversarial","z","z-dpoint-m0p3-usd1-short","z-bf01-point-null0-pm0p2-psd0-on-z-dpoint-m0p3-usd1-short",9,8001,9000,29261035
"materialize_bf_prior","adversarial","z","z-dpoint-m0p3-usd1-short","z-bf01-point-null0-pm0p2-psd0-on-z-dpoint-m0p3-usd1-short",10,9001,10000,30261038
"materialize_bf_prior","adversarial","z","z-dpoint-m0p3-usd1-short","z-bf01-point-null0-pm0p5-psd0-on-z-dpoint-m0p3-usd1-short",1,1,1000,21261011
"materialize_bf_prior","adversarial","z","z-dpoint-m0p3-usd1-short","z-bf01-point-null0-pm0p5-psd0-on-z-dpoint-m0p3-usd1-short",2,1001,2000,22261014
"materialize_bf_prior","adversarial","z","z-dpoint-m0p3-usd1-short","z-bf01-point-null0-pm0p5-psd0-on-z-dpoint-m0p3-usd1-short",3,2001,3000,23261017
"materialize_bf_prior","adversarial","z","z-dpoint-m0p3-usd1-short","z-bf01-point-null0-pm0p5-psd0-on-z-dpoint-m0p3-usd1-short",4,3001,4000,24261020
"materialize_bf_prior","adversarial","z","z-dpoint-m0p3-usd1-short","z-bf01-point-null0-pm0p5-psd0-on-z-dpoint-m0p3-usd1-short",5,4001,5000,25261023
"materialize_bf_prior","adversarial","z","z-dpoint-m0p3-usd1-short","z-bf01-point-null0-pm0p5-psd0-on-z-dpoint-m0p3-usd1-short",6,5001,6000,26261026
"materialize_bf_prior","adversarial","z","z-dpoint-m0p3-usd1-short","z-bf01-point-null0-pm0p5-psd0-on-z-dpoint-m0p3-usd1-short",7,6001,7000,27261029
"materialize_bf_prior","adversarial","z","z-dpoint-m0p3-usd1-short","z-bf01-point-null0-pm0p5-psd0-on-z-dpoint-m0p3-usd1-short",8,7001,8000,28261032
"materialize_bf_prior","adversarial","z","z-dpoint-m0p3-usd1-short","z-bf01-point-null0-pm0p5-psd0-on-z-dpoint-m0p3-usd1-short",9,8001,9000,29261035
"materialize_bf_prior","adversarial","z","z-dpoint-m0p3-usd1-short","z-bf01-point-null0-pm0p5-psd0-on-z-dpoint-m0p3-usd1-short",10,9001,10000,30261038
"materialize_bf_prior","adversarial","z","z-dpoint-m0p3-usd1-short","z-bf01-normal-null0-pm0-psd0p70710678-on-z-dpoint-m0p3-usd1-short",1,1,1000,21261011
"materialize_bf_prior","adversarial","z","z-dpoint-m0p3-usd1-short","z-bf01-normal-null0-pm0-psd0p70710678-on-z-dpoint-m0p3-usd1-short",2,1001,2000,22261014
"materialize_bf_prior","adversarial","z","z-dpoint-m0p3-usd1-short","z-bf01-normal-null0-pm0-psd0p70710678-on-z-dpoint-m0p3-usd1-short",3,2001,3000,23261017
"materialize_bf_prior","adversarial","z","z-dpoint-m0p3-usd1-short","z-bf01-normal-null0-pm0-psd0p70710678-on-z-dpoint-m0p3-usd1-short",4,3001,4000,24261020
"materialize_bf_prior","adversarial","z","z-dpoint-m0p3-usd1-short","z-bf01-normal-null0-pm0-psd0p70710678-on-z-dpoint-m0p3-usd1-short",5,4001,5000,25261023
"materialize_bf_prior","adversarial","z","z-dpoint-m0p3-usd1-short","z-bf01-normal-null0-pm0-psd0p70710678-on-z-dpoint-m0p3-usd1-short",6,5001,6000,26261026
"materialize_bf_prior","adversarial","z","z-dpoint-m0p3-usd1-short","z-bf01-normal-null0-pm0-psd0p70710678-on-z-dpoint-m0p3-usd1-short",7,6001,7000,27261029
"materialize_bf_prior","adversarial","z","z-dpoint-m0p3-usd1-short","z-bf01-normal-null0-pm0-psd0p70710678-on-z-dpoint-m0p3-usd1-short",8,7001,8000,28261032
"materialize_bf_prior","adversarial","z","z-dpoint-m0p3-usd1-short","z-bf01-normal-null0-pm0-psd0p70710678-on-z-dpoint-m0p3-usd1-short",9,8001,9000,29261035
"materialize_bf_prior","adversarial","z","z-dpoint-m0p3-usd1-short","z-bf01-normal-null0-pm0-psd0p70710678-on-z-dpoint-m0p3-usd1-short",10,9001,10000,30261038
"materialize_bf_prior","adversarial","z","z-dpoint-m0p3-usd1-short","z-bf01-normal-null0-pm0p2-psd0p3-on-z-dpoint-m0p3-usd1-short",1,1,1000,21261011
"materialize_bf_prior","adversarial","z","z-dpoint-m0p3-usd1-short","z-bf01-normal-null0-pm0p2-psd0p3-on-z-dpoint-m0p3-usd1-short",2,1001,2000,22261014
"materialize_bf_prior","adversarial","z","z-dpoint-m0p3-usd1-short","z-bf01-normal-null0-pm0p2-psd0p3-on-z-dpoint-m0p3-usd1-short",3,2001,3000,23261017
"materialize_bf_prior","adversarial","z","z-dpoint-m0p3-usd1-short","z-bf01-normal-null0-pm0p2-psd0p3-on-z-dpoint-m0p3-usd1-short",4,3001,4000,24261020
"materialize_bf_prior","adversarial","z","z-dpoint-m0p3-usd1-short","z-bf01-normal-null0-pm0p2-psd0p3-on-z-dpoint-m0p3-usd1-short",5,4001,5000,25261023
"materialize_bf_prior","adversarial","z","z-dpoint-m0p3-usd1-short","z-bf01-normal-null0-pm0p2-psd0p3-on-z-dpoint-m0p3-usd1-short",6,5001,6000,26261026
"materialize_bf_prior","adversarial","z","z-dpoint-m0p3-usd1-short","z-bf01-normal-null0-pm0p2-psd0p3-on-z-dpoint-m0p3-usd1-short",7,6001,7000,27261029
"materialize_bf_prior","adversarial","z","z-dpoint-m0p3-usd1-short","z-bf01-normal-null0-pm0p2-psd0p3-on-z-dpoint-m0p3-usd1-short",8,7001,8000,28261032
"materialize_bf_prior","adversarial","z","z-dpoint-m0p3-usd1-short","z-bf01-normal-null0-pm0p2-psd0p3-on-z-dpoint-m0p3-usd1-short",9,8001,9000,29261035
"materialize_bf_prior","adversarial","z","z-dpoint-m0p3-usd1-short","z-bf01-normal-null0-pm0p2-psd0p3-on-z-dpoint-m0p3-usd1-short",10,9001,10000,30261038
"materialize_bf_prior","adversarial","z","z-dpoint-m0p3-usd1-short","z-dirbf01-directional-normal-null0-pm0-psd0p70710678-on-z-dpoint-m0p3-usd1-short",1,1,1000,21261011
"materialize_bf_prior","adversarial","z","z-dpoint-m0p3-usd1-short","z-dirbf01-directional-normal-null0-pm0-psd0p70710678-on-z-dpoint-m0p3-usd1-short",2,1001,2000,22261014
"materialize_bf_prior","adversarial","z","z-dpoint-m0p3-usd1-short","z-dirbf01-directional-normal-null0-pm0-psd0p70710678-on-z-dpoint-m0p3-usd1-short",3,2001,3000,23261017
"materialize_bf_prior","adversarial","z","z-dpoint-m0p3-usd1-short","z-dirbf01-directional-normal-null0-pm0-psd0p70710678-on-z-dpoint-m0p3-usd1-short",4,3001,4000,24261020
"materialize_bf_prior","adversarial","z","z-dpoint-m0p3-usd1-short","z-dirbf01-directional-normal-null0-pm0-psd0p70710678-on-z-dpoint-m0p3-usd1-short",5,4001,5000,25261023
"materialize_bf_prior","adversarial","z","z-dpoint-m0p3-usd1-short","z-dirbf01-directional-normal-null0-pm0-psd0p70710678-on-z-dpoint-m0p3-usd1-short",6,5001,6000,26261026
"materialize_bf_prior","adversarial","z","z-dpoint-m0p3-usd1-short","z-dirbf01-directional-normal-null0-pm0-psd0p70710678-on-z-dpoint-m0p3-usd1-short",7,6001,7000,27261029
"materialize_bf_prior","adversarial","z","z-dpoint-m0p3-usd1-short","z-dirbf01-directional-normal-null0-pm0-psd0p70710678-on-z-dpoint-m0p3-usd1-short",8,7001,8000,28261032
"materialize_bf_prior","adversarial","z","z-dpoint-m0p3-usd1-short","z-dirbf01-directional-normal-null0-pm0-psd0p70710678-on-z-dpoint-m0p3-usd1-short",9,8001,9000,29261035
"materialize_bf_prior","adversarial","z","z-dpoint-m0p3-usd1-short","z-dirbf01-directional-normal-null0-pm0-psd0p70710678-on-z-dpoint-m0p3-usd1-short",10,9001,10000,30261038
"materialize_bf_prior","adversarial","z","z-dpoint-m0p3-usd1-short","z-nmbf01-moment-null0-psd0p35355339-on-z-dpoint-m0p3-usd1-short",1,1,1000,21261011
"materialize_bf_prior","adversarial","z","z-dpoint-m0p3-usd1-short","z-nmbf01-moment-null0-psd0p35355339-on-z-dpoint-m0p3-usd1-short",2,1001,2000,22261014
"materialize_bf_prior","adversarial","z","z-dpoint-m0p3-usd1-short","z-nmbf01-moment-null0-psd0p35355339-on-z-dpoint-m0p3-usd1-short",3,2001,3000,23261017
"materialize_bf_prior","adversarial","z","z-dpoint-m0p3-usd1-short","z-nmbf01-moment-null0-psd0p35355339-on-z-dpoint-m0p3-usd1-short",4,3001,4000,24261020
"materialize_bf_prior","adversarial","z","z-dpoint-m0p3-usd1-short","z-nmbf01-moment-null0-psd0p35355339-on-z-dpoint-m0p3-usd1-short",5,4001,5000,25261023
"materialize_bf_prior","adversarial","z","z-dpoint-m0p3-usd1-short","z-nmbf01-moment-null0-psd0p35355339-on-z-dpoint-m0p3-usd1-short",6,5001,6000,26261026
"materialize_bf_prior","adversarial","z","z-dpoint-m0p3-usd1-short","z-nmbf01-moment-null0-psd0p35355339-on-z-dpoint-m0p3-usd1-short",7,6001,7000,27261029
"materialize_bf_prior","adversarial","z","z-dpoint-m0p3-usd1-short","z-nmbf01-moment-null0-psd0p35355339-on-z-dpoint-m0p3-usd1-short",8,7001,8000,28261032
"materialize_bf_prior","adversarial","z","z-dpoint-m0p3-usd1-short","z-nmbf01-moment-null0-psd0p35355339-on-z-dpoint-m0p3-usd1-short",9,8001,9000,29261035
"materialize_bf_prior","adversarial","z","z-dpoint-m0p3-usd1-short","z-nmbf01-moment-null0-psd0p35355339-on-z-dpoint-m0p3-usd1-short",10,9001,10000,30261038
"materialize_bf_prior","adversarial","z","z-dpoint-m0p3-usd1-short","z-nmbf01-moment-null0-psd0p70710678-on-z-dpoint-m0p3-usd1-short",1,1,1000,21261011
"materialize_bf_prior","adversarial","z","z-dpoint-m0p3-usd1-short","z-nmbf01-moment-null0-psd0p70710678-on-z-dpoint-m0p3-usd1-short",2,1001,2000,22261014
"materialize_bf_prior","adversarial","z","z-dpoint-m0p3-usd1-short","z-nmbf01-moment-null0-psd0p70710678-on-z-dpoint-m0p3-usd1-short",3,2001,3000,23261017
"materialize_bf_prior","adversarial","z","z-dpoint-m0p3-usd1-short","z-nmbf01-moment-null0-psd0p70710678-on-z-dpoint-m0p3-usd1-short",4,3001,4000,24261020
"materialize_bf_prior","adversarial","z","z-dpoint-m0p3-usd1-short","z-nmbf01-moment-null0-psd0p70710678-on-z-dpoint-m0p3-usd1-short",5,4001,5000,25261023
"materialize_bf_prior","adversarial","z","z-dpoint-m0p3-usd1-short","z-nmbf01-moment-null0-psd0p70710678-on-z-dpoint-m0p3-usd1-short",6,5001,6000,26261026
"materialize_bf_prior","adversarial","z","z-dpoint-m0p3-usd1-short","z-nmbf01-moment-null0-psd0p70710678-on-z-dpoint-m0p3-usd1-short",7,6001,7000,27261029
"materialize_bf_prior","adversarial","z","z-dpoint-m0p3-usd1-short","z-nmbf01-moment-null0-psd0p70710678-on-z-dpoint-m0p3-usd1-short",8,7001,8000,28261032
"materialize_bf_prior","adversarial","z","z-dpoint-m0p3-usd1-short","z-nmbf01-moment-null0-psd0p70710678-on-z-dpoint-m0p3-usd1-short",9,8001,9000,29261035
"materialize_bf_prior","adversarial","z","z-dpoint-m0p3-usd1-short","z-nmbf01-moment-null0-psd0p70710678-on-z-dpoint-m0p3-usd1-short",10,9001,10000,30261038
"materialize_bf_prior","long","z","z-dpoint-0-usd1-long","z-bf01-point-null0-pm0p2-psd0-on-z-dpoint-0-usd1-long",1,1,1000,21261015
"materialize_bf_prior","long","z","z-dpoint-0-usd1-long","z-bf01-point-null0-pm0p2-psd0-on-z-dpoint-0-usd1-long",2,1001,2000,22261018
"materialize_bf_prior","long","z","z-dpoint-0-usd1-long","z-bf01-point-null0-pm0p2-psd0-on-z-dpoint-0-usd1-long",3,2001,3000,23261021
"materialize_bf_prior","long","z","z-dpoint-0-usd1-long","z-bf01-point-null0-pm0p2-psd0-on-z-dpoint-0-usd1-long",4,3001,4000,24261024
"materialize_bf_prior","long","z","z-dpoint-0-usd1-long","z-bf01-point-null0-pm0p2-psd0-on-z-dpoint-0-usd1-long",5,4001,5000,25261027
"materialize_bf_prior","long","z","z-dpoint-0-usd1-long","z-bf01-point-null0-pm0p2-psd0-on-z-dpoint-0-usd1-long",6,5001,6000,26261030
"materialize_bf_prior","long","z","z-dpoint-0-usd1-long","z-bf01-point-null0-pm0p2-psd0-on-z-dpoint-0-usd1-long",7,6001,7000,27261033
"materialize_bf_prior","long","z","z-dpoint-0-usd1-long","z-bf01-point-null0-pm0p2-psd0-on-z-dpoint-0-usd1-long",8,7001,8000,28261036
"materialize_bf_prior","long","z","z-dpoint-0-usd1-long","z-bf01-point-null0-pm0p2-psd0-on-z-dpoint-0-usd1-long",9,8001,9000,29261039
"materialize_bf_prior","long","z","z-dpoint-0-usd1-long","z-bf01-point-null0-pm0p2-psd0-on-z-dpoint-0-usd1-long",10,9001,10000,30261042
"materialize_bf_prior","long","z","z-dpoint-0-usd1-long","z-bf01-point-null0-pm0p5-psd0-on-z-dpoint-0-usd1-long",1,1,1000,21261015
"materialize_bf_prior","long","z","z-dpoint-0-usd1-long","z-bf01-point-null0-pm0p5-psd0-on-z-dpoint-0-usd1-long",2,1001,2000,22261018
"materialize_bf_prior","long","z","z-dpoint-0-usd1-long","z-bf01-point-null0-pm0p5-psd0-on-z-dpoint-0-usd1-long",3,2001,3000,23261021
"materialize_bf_prior","long","z","z-dpoint-0-usd1-long","z-bf01-point-null0-pm0p5-psd0-on-z-dpoint-0-usd1-long",4,3001,4000,24261024
"materialize_bf_prior","long","z","z-dpoint-0-usd1-long","z-bf01-point-null0-pm0p5-psd0-on-z-dpoint-0-usd1-long",5,4001,5000,25261027
"materialize_bf_prior","long","z","z-dpoint-0-usd1-long","z-bf01-point-null0-pm0p5-psd0-on-z-dpoint-0-usd1-long",6,5001,6000,26261030
"materialize_bf_prior","long","z","z-dpoint-0-usd1-long","z-bf01-point-null0-pm0p5-psd0-on-z-dpoint-0-usd1-long",7,6001,7000,27261033
"materialize_bf_prior","long","z","z-dpoint-0-usd1-long","z-bf01-point-null0-pm0p5-psd0-on-z-dpoint-0-usd1-long",8,7001,8000,28261036
"materialize_bf_prior","long","z","z-dpoint-0-usd1-long","z-bf01-point-null0-pm0p5-psd0-on-z-dpoint-0-usd1-long",9,8001,9000,29261039
"materialize_bf_prior","long","z","z-dpoint-0-usd1-long","z-bf01-point-null0-pm0p5-psd0-on-z-dpoint-0-usd1-long",10,9001,10000,30261042
"materialize_bf_prior","long","z","z-dpoint-0-usd1-long","z-bf01-normal-null0-pm0-psd0p70710678-on-z-dpoint-0-usd1-long",1,1,1000,21261015
"materialize_bf_prior","long","z","z-dpoint-0-usd1-long","z-bf01-normal-null0-pm0-psd0p70710678-on-z-dpoint-0-usd1-long",2,1001,2000,22261018
"materialize_bf_prior","long","z","z-dpoint-0-usd1-long","z-bf01-normal-null0-pm0-psd0p70710678-on-z-dpoint-0-usd1-long",3,2001,3000,23261021
"materialize_bf_prior","long","z","z-dpoint-0-usd1-long","z-bf01-normal-null0-pm0-psd0p70710678-on-z-dpoint-0-usd1-long",4,3001,4000,24261024
"materialize_bf_prior","long","z","z-dpoint-0-usd1-long","z-bf01-normal-null0-pm0-psd0p70710678-on-z-dpoint-0-usd1-long",5,4001,5000,25261027
"materialize_bf_prior","long","z","z-dpoint-0-usd1-long","z-bf01-normal-null0-pm0-psd0p70710678-on-z-dpoint-0-usd1-long",6,5001,6000,26261030
"materialize_bf_prior","long","z","z-dpoint-0-usd1-long","z-bf01-normal-null0-pm0-psd0p70710678-on-z-dpoint-0-usd1-long",7,6001,7000,27261033
"materialize_bf_prior","long","z","z-dpoint-0-usd1-long","z-bf01-normal-null0-pm0-psd0p70710678-on-z-dpoint-0-usd1-long",8,7001,8000,28261036
"materialize_bf_prior","long","z","z-dpoint-0-usd1-long","z-bf01-normal-null0-pm0-psd0p70710678-on-z-dpoint-0-usd1-long",9,8001,9000,29261039
"materialize_bf_prior","long","z","z-dpoint-0-usd1-long","z-bf01-normal-null0-pm0-psd0p70710678-on-z-dpoint-0-usd1-long",10,9001,10000,30261042
"materialize_bf_prior","long","z","z-dpoint-0-usd1-long","z-bf01-normal-null0-pm0p2-psd0p3-on-z-dpoint-0-usd1-long",1,1,1000,21261015
"materialize_bf_prior","long","z","z-dpoint-0-usd1-long","z-bf01-normal-null0-pm0p2-psd0p3-on-z-dpoint-0-usd1-long",2,1001,2000,22261018
"materialize_bf_prior","long","z","z-dpoint-0-usd1-long","z-bf01-normal-null0-pm0p2-psd0p3-on-z-dpoint-0-usd1-long",3,2001,3000,23261021
"materialize_bf_prior","long","z","z-dpoint-0-usd1-long","z-bf01-normal-null0-pm0p2-psd0p3-on-z-dpoint-0-usd1-long",4,3001,4000,24261024
"materialize_bf_prior","long","z","z-dpoint-0-usd1-long","z-bf01-normal-null0-pm0p2-psd0p3-on-z-dpoint-0-usd1-long",5,4001,5000,25261027
"materialize_bf_prior","long","z","z-dpoint-0-usd1-long","z-bf01-normal-null0-pm0p2-psd0p3-on-z-dpoint-0-usd1-long",6,5001,6000,26261030
"materialize_bf_prior","long","z","z-dpoint-0-usd1-long","z-bf01-normal-null0-pm0p2-psd0p3-on-z-dpoint-0-usd1-long",7,6001,7000,27261033
"materialize_bf_prior","long","z","z-dpoint-0-usd1-long","z-bf01-normal-null0-pm0p2-psd0p3-on-z-dpoint-0-usd1-long",8,7001,8000,28261036
"materialize_bf_prior","long","z","z-dpoint-0-usd1-long","z-bf01-normal-null0-pm0p2-psd0p3-on-z-dpoint-0-usd1-long",9,8001,9000,29261039
"materialize_bf_prior","long","z","z-dpoint-0-usd1-long","z-bf01-normal-null0-pm0p2-psd0p3-on-z-dpoint-0-usd1-long",10,9001,10000,30261042
"materialize_bf_prior","long","z","z-dpoint-0-usd1-long","z-dirbf01-directional-normal-null0-pm0-psd0p70710678-on-z-dpoint-0-usd1-long",1,1,1000,21261015
"materialize_bf_prior","long","z","z-dpoint-0-usd1-long","z-dirbf01-directional-normal-null0-pm0-psd0p70710678-on-z-dpoint-0-usd1-long",2,1001,2000,22261018
"materialize_bf_prior","long","z","z-dpoint-0-usd1-long","z-dirbf01-directional-normal-null0-pm0-psd0p70710678-on-z-dpoint-0-usd1-long",3,2001,3000,23261021
"materialize_bf_prior","long","z","z-dpoint-0-usd1-long","z-dirbf01-directional-normal-null0-pm0-psd0p70710678-on-z-dpoint-0-usd1-long",4,3001,4000,24261024
"materialize_bf_prior","long","z","z-dpoint-0-usd1-long","z-dirbf01-directional-normal-null0-pm0-psd0p70710678-on-z-dpoint-0-usd1-long",5,4001,5000,25261027
"materialize_bf_prior","long","z","z-dpoint-0-usd1-long","z-dirbf01-directional-normal-null0-pm0-psd0p70710678-on-z-dpoint-0-usd1-long",6,5001,6000,26261030
"materialize_bf_prior","long","z","z-dpoint-0-usd1-long","z-dirbf01-directional-normal-null0-pm0-psd0p70710678-on-z-dpoint-0-usd1-long",7,6001,7000,27261033
"materialize_bf_prior","long","z","z-dpoint-0-usd1-long","z-dirbf01-directional-normal-null0-pm0-psd0p70710678-on-z-dpoint-0-usd1-long",8,7001,8000,28261036
"materialize_bf_prior","long","z","z-dpoint-0-usd1-long","z-dirbf01-directional-normal-null0-pm0-psd0p70710678-on-z-dpoint-0-usd1-long",9,8001,9000,29261039
"materialize_bf_prior","long","z","z-dpoint-0-usd1-long","z-dirbf01-directional-normal-null0-pm0-psd0p70710678-on-z-dpoint-0-usd1-long",10,9001,10000,30261042
"materialize_bf_prior","long","z","z-dpoint-0-usd1-long","z-nmbf01-moment-null0-psd0p35355339-on-z-dpoint-0-usd1-long",1,1,1000,21261015
"materialize_bf_prior","long","z","z-dpoint-0-usd1-long","z-nmbf01-moment-null0-psd0p35355339-on-z-dpoint-0-usd1-long",2,1001,2000,22261018
"materialize_bf_prior","long","z","z-dpoint-0-usd1-long","z-nmbf01-moment-null0-psd0p35355339-on-z-dpoint-0-usd1-long",3,2001,3000,23261021
"materialize_bf_prior","long","z","z-dpoint-0-usd1-long","z-nmbf01-moment-null0-psd0p35355339-on-z-dpoint-0-usd1-long",4,3001,4000,24261024
"materialize_bf_prior","long","z","z-dpoint-0-usd1-long","z-nmbf01-moment-null0-psd0p35355339-on-z-dpoint-0-usd1-long",5,4001,5000,25261027
"materialize_bf_prior","long","z","z-dpoint-0-usd1-long","z-nmbf01-moment-null0-psd0p35355339-on-z-dpoint-0-usd1-long",6,5001,6000,26261030
"materialize_bf_prior","long","z","z-dpoint-0-usd1-long","z-nmbf01-moment-null0-psd0p35355339-on-z-dpoint-0-usd1-long",7,6001,7000,27261033
"materialize_bf_prior","long","z","z-dpoint-0-usd1-long","z-nmbf01-moment-null0-psd0p35355339-on-z-dpoint-0-usd1-long",8,7001,8000,28261036
"materialize_bf_prior","long","z","z-dpoint-0-usd1-long","z-nmbf01-moment-null0-psd0p35355339-on-z-dpoint-0-usd1-long",9,8001,9000,29261039
"materialize_bf_prior","long","z","z-dpoint-0-usd1-long","z-nmbf01-moment-null0-psd0p35355339-on-z-dpoint-0-usd1-long",10,9001,10000,30261042
"materialize_bf_prior","long","z","z-dpoint-0-usd1-long","z-nmbf01-moment-null0-psd0p70710678-on-z-dpoint-0-usd1-long",1,1,1000,21261015
"materialize_bf_prior","long","z","z-dpoint-0-usd1-long","z-nmbf01-moment-null0-psd0p70710678-on-z-dpoint-0-usd1-long",2,1001,2000,22261018
"materialize_bf_prior","long","z","z-dpoint-0-usd1-long","z-nmbf01-moment-null0-psd0p70710678-on-z-dpoint-0-usd1-long",3,2001,3000,23261021
"materialize_bf_prior","long","z","z-dpoint-0-usd1-long","z-nmbf01-moment-null0-psd0p70710678-on-z-dpoint-0-usd1-long",4,3001,4000,24261024
"materialize_bf_prior","long","z","z-dpoint-0-usd1-long","z-nmbf01-moment-null0-psd0p70710678-on-z-dpoint-0-usd1-long",5,4001,5000,25261027
"materialize_bf_prior","long","z","z-dpoint-0-usd1-long","z-nmbf01-moment-null0-psd0p70710678-on-z-dpoint-0-usd1-long",6,5001,6000,26261030
"materialize_bf_prior","long","z","z-dpoint-0-usd1-long","z-nmbf01-moment-null0-psd0p70710678-on-z-dpoint-0-usd1-long",7,6001,7000,27261033
"materialize_bf_prior","long","z","z-dpoint-0-usd1-long","z-nmbf01-moment-null0-psd0p70710678-on-z-dpoint-0-usd1-long",8,7001,8000,28261036
"materialize_bf_prior","long","z","z-dpoint-0-usd1-long","z-nmbf01-moment-null0-psd0p70710678-on-z-dpoint-0-usd1-long",9,8001,9000,29261039
"materialize_bf_prior","long","z","z-dpoint-0-usd1-long","z-nmbf01-moment-null0-psd0p70710678-on-z-dpoint-0-usd1-long",10,9001,10000,30261042
"materialize_bf_prior","long","z","z-dpoint-0p2-usd1-long","z-bf01-point-null0-pm0p2-psd0-on-z-dpoint-0p2-usd1-long",1,1,1000,21261016
"materialize_bf_prior","long","z","z-dpoint-0p2-usd1-long","z-bf01-point-null0-pm0p2-psd0-on-z-dpoint-0p2-usd1-long",2,1001,2000,22261019
"materialize_bf_prior","long","z","z-dpoint-0p2-usd1-long","z-bf01-point-null0-pm0p2-psd0-on-z-dpoint-0p2-usd1-long",3,2001,3000,23261022
"materialize_bf_prior","long","z","z-dpoint-0p2-usd1-long","z-bf01-point-null0-pm0p2-psd0-on-z-dpoint-0p2-usd1-long",4,3001,4000,24261025
"materialize_bf_prior","long","z","z-dpoint-0p2-usd1-long","z-bf01-point-null0-pm0p2-psd0-on-z-dpoint-0p2-usd1-long",5,4001,5000,25261028
"materialize_bf_prior","long","z","z-dpoint-0p2-usd1-long","z-bf01-point-null0-pm0p2-psd0-on-z-dpoint-0p2-usd1-long",6,5001,6000,26261031
"materialize_bf_prior","long","z","z-dpoint-0p2-usd1-long","z-bf01-point-null0-pm0p2-psd0-on-z-dpoint-0p2-usd1-long",7,6001,7000,27261034
"materialize_bf_prior","long","z","z-dpoint-0p2-usd1-long","z-bf01-point-null0-pm0p2-psd0-on-z-dpoint-0p2-usd1-long",8,7001,8000,28261037
"materialize_bf_prior","long","z","z-dpoint-0p2-usd1-long","z-bf01-point-null0-pm0p2-psd0-on-z-dpoint-0p2-usd1-long",9,8001,9000,29261040
"materialize_bf_prior","long","z","z-dpoint-0p2-usd1-long","z-bf01-point-null0-pm0p2-psd0-on-z-dpoint-0p2-usd1-long",10,9001,10000,30261043
"materialize_bf_prior","long","z","z-dpoint-0p2-usd1-long","z-bf01-point-null0-pm0p5-psd0-on-z-dpoint-0p2-usd1-long",1,1,1000,21261016
"materialize_bf_prior","long","z","z-dpoint-0p2-usd1-long","z-bf01-point-null0-pm0p5-psd0-on-z-dpoint-0p2-usd1-long",2,1001,2000,22261019
"materialize_bf_prior","long","z","z-dpoint-0p2-usd1-long","z-bf01-point-null0-pm0p5-psd0-on-z-dpoint-0p2-usd1-long",3,2001,3000,23261022
"materialize_bf_prior","long","z","z-dpoint-0p2-usd1-long","z-bf01-point-null0-pm0p5-psd0-on-z-dpoint-0p2-usd1-long",4,3001,4000,24261025
"materialize_bf_prior","long","z","z-dpoint-0p2-usd1-long","z-bf01-point-null0-pm0p5-psd0-on-z-dpoint-0p2-usd1-long",5,4001,5000,25261028
"materialize_bf_prior","long","z","z-dpoint-0p2-usd1-long","z-bf01-point-null0-pm0p5-psd0-on-z-dpoint-0p2-usd1-long",6,5001,6000,26261031
"materialize_bf_prior","long","z","z-dpoint-0p2-usd1-long","z-bf01-point-null0-pm0p5-psd0-on-z-dpoint-0p2-usd1-long",7,6001,7000,27261034
"materialize_bf_prior","long","z","z-dpoint-0p2-usd1-long","z-bf01-point-null0-pm0p5-psd0-on-z-dpoint-0p2-usd1-long",8,7001,8000,28261037
"materialize_bf_prior","long","z","z-dpoint-0p2-usd1-long","z-bf01-point-null0-pm0p5-psd0-on-z-dpoint-0p2-usd1-long",9,8001,9000,29261040
"materialize_bf_prior","long","z","z-dpoint-0p2-usd1-long","z-bf01-point-null0-pm0p5-psd0-on-z-dpoint-0p2-usd1-long",10,9001,10000,30261043
"materialize_bf_prior","long","z","z-dpoint-0p2-usd1-long","z-bf01-normal-null0-pm0-psd0p70710678-on-z-dpoint-0p2-usd1-long",1,1,1000,21261016
"materialize_bf_prior","long","z","z-dpoint-0p2-usd1-long","z-bf01-normal-null0-pm0-psd0p70710678-on-z-dpoint-0p2-usd1-long",2,1001,2000,22261019
"materialize_bf_prior","long","z","z-dpoint-0p2-usd1-long","z-bf01-normal-null0-pm0-psd0p70710678-on-z-dpoint-0p2-usd1-long",3,2001,3000,23261022
"materialize_bf_prior","long","z","z-dpoint-0p2-usd1-long","z-bf01-normal-null0-pm0-psd0p70710678-on-z-dpoint-0p2-usd1-long",4,3001,4000,24261025
"materialize_bf_prior","long","z","z-dpoint-0p2-usd1-long","z-bf01-normal-null0-pm0-psd0p70710678-on-z-dpoint-0p2-usd1-long",5,4001,5000,25261028
"materialize_bf_prior","long","z","z-dpoint-0p2-usd1-long","z-bf01-normal-null0-pm0-psd0p70710678-on-z-dpoint-0p2-usd1-long",6,5001,6000,26261031
"materialize_bf_prior","long","z","z-dpoint-0p2-usd1-long","z-bf01-normal-null0-pm0-psd0p70710678-on-z-dpoint-0p2-usd1-long",7,6001,7000,27261034
"materialize_bf_prior","long","z","z-dpoint-0p2-usd1-long","z-bf01-normal-null0-pm0-psd0p70710678-on-z-dpoint-0p2-usd1-long",8,7001,8000,28261037
"materialize_bf_prior","long","z","z-dpoint-0p2-usd1-long","z-bf01-normal-null0-pm0-psd0p70710678-on-z-dpoint-0p2-usd1-long",9,8001,9000,29261040
"materialize_bf_prior","long","z","z-dpoint-0p2-usd1-long","z-bf01-normal-null0-pm0-psd0p70710678-on-z-dpoint-0p2-usd1-long",10,9001,10000,30261043
"materialize_bf_prior","long","z","z-dpoint-0p2-usd1-long","z-bf01-normal-null0-pm0p2-psd0p3-on-z-dpoint-0p2-usd1-long",1,1,1000,21261016
"materialize_bf_prior","long","z","z-dpoint-0p2-usd1-long","z-bf01-normal-null0-pm0p2-psd0p3-on-z-dpoint-0p2-usd1-long",2,1001,2000,22261019
"materialize_bf_prior","long","z","z-dpoint-0p2-usd1-long","z-bf01-normal-null0-pm0p2-psd0p3-on-z-dpoint-0p2-usd1-long",3,2001,3000,23261022
"materialize_bf_prior","long","z","z-dpoint-0p2-usd1-long","z-bf01-normal-null0-pm0p2-psd0p3-on-z-dpoint-0p2-usd1-long",4,3001,4000,24261025
"materialize_bf_prior","long","z","z-dpoint-0p2-usd1-long","z-bf01-normal-null0-pm0p2-psd0p3-on-z-dpoint-0p2-usd1-long",5,4001,5000,25261028
"materialize_bf_prior","long","z","z-dpoint-0p2-usd1-long","z-bf01-normal-null0-pm0p2-psd0p3-on-z-dpoint-0p2-usd1-long",6,5001,6000,26261031
"materialize_bf_prior","long","z","z-dpoint-0p2-usd1-long","z-bf01-normal-null0-pm0p2-psd0p3-on-z-dpoint-0p2-usd1-long",7,6001,7000,27261034
"materialize_bf_prior","long","z","z-dpoint-0p2-usd1-long","z-bf01-normal-null0-pm0p2-psd0p3-on-z-dpoint-0p2-usd1-long",8,7001,8000,28261037
"materialize_bf_prior","long","z","z-dpoint-0p2-usd1-long","z-bf01-normal-null0-pm0p2-psd0p3-on-z-dpoint-0p2-usd1-long",9,8001,9000,29261040
"materialize_bf_prior","long","z","z-dpoint-0p2-usd1-long","z-bf01-normal-null0-pm0p2-psd0p3-on-z-dpoint-0p2-usd1-long",10,9001,10000,30261043
"materialize_bf_prior","long","z","z-dpoint-0p2-usd1-long","z-dirbf01-directional-normal-null0-pm0-psd0p70710678-on-z-dpoint-0p2-usd1-long",1,1,1000,21261016
"materialize_bf_prior","long","z","z-dpoint-0p2-usd1-long","z-dirbf01-directional-normal-null0-pm0-psd0p70710678-on-z-dpoint-0p2-usd1-long",2,1001,2000,22261019
"materialize_bf_prior","long","z","z-dpoint-0p2-usd1-long","z-dirbf01-directional-normal-null0-pm0-psd0p70710678-on-z-dpoint-0p2-usd1-long",3,2001,3000,23261022
"materialize_bf_prior","long","z","z-dpoint-0p2-usd1-long","z-dirbf01-directional-normal-null0-pm0-psd0p70710678-on-z-dpoint-0p2-usd1-long",4,3001,4000,24261025
"materialize_bf_prior","long","z","z-dpoint-0p2-usd1-long","z-dirbf01-directional-normal-null0-pm0-psd0p70710678-on-z-dpoint-0p2-usd1-long",5,4001,5000,25261028
"materialize_bf_prior","long","z","z-dpoint-0p2-usd1-long","z-dirbf01-directional-normal-null0-pm0-psd0p70710678-on-z-dpoint-0p2-usd1-long",6,5001,6000,26261031
"materialize_bf_prior","long","z","z-dpoint-0p2-usd1-long","z-dirbf01-directional-normal-null0-pm0-psd0p70710678-on-z-dpoint-0p2-usd1-long",7,6001,7000,27261034
"materialize_bf_prior","long","z","z-dpoint-0p2-usd1-long","z-dirbf01-directional-normal-null0-pm0-psd0p70710678-on-z-dpoint-0p2-usd1-long",8,7001,8000,28261037
"materialize_bf_prior","long","z","z-dpoint-0p2-usd1-long","z-dirbf01-directional-normal-null0-pm0-psd0p70710678-on-z-dpoint-0p2-usd1-long",9,8001,9000,29261040
"materialize_bf_prior","long","z","z-dpoint-0p2-usd1-long","z-dirbf01-directional-normal-null0-pm0-psd0p70710678-on-z-dpoint-0p2-usd1-long",10,9001,10000,30261043
"materialize_bf_prior","long","z","z-dpoint-0p2-usd1-long","z-nmbf01-moment-null0-psd0p35355339-on-z-dpoint-0p2-usd1-long",1,1,1000,21261016
"materialize_bf_prior","long","z","z-dpoint-0p2-usd1-long","z-nmbf01-moment-null0-psd0p35355339-on-z-dpoint-0p2-usd1-long",2,1001,2000,22261019
"materialize_bf_prior","long","z","z-dpoint-0p2-usd1-long","z-nmbf01-moment-null0-psd0p35355339-on-z-dpoint-0p2-usd1-long",3,2001,3000,23261022
"materialize_bf_prior","long","z","z-dpoint-0p2-usd1-long","z-nmbf01-moment-null0-psd0p35355339-on-z-dpoint-0p2-usd1-long",4,3001,4000,24261025
"materialize_bf_prior","long","z","z-dpoint-0p2-usd1-long","z-nmbf01-moment-null0-psd0p35355339-on-z-dpoint-0p2-usd1-long",5,4001,5000,25261028
"materialize_bf_prior","long","z","z-dpoint-0p2-usd1-long","z-nmbf01-moment-null0-psd0p35355339-on-z-dpoint-0p2-usd1-long",6,5001,6000,26261031
"materialize_bf_prior","long","z","z-dpoint-0p2-usd1-long","z-nmbf01-moment-null0-psd0p35355339-on-z-dpoint-0p2-usd1-long",7,6001,7000,27261034
"materialize_bf_prior","long","z","z-dpoint-0p2-usd1-long","z-nmbf01-moment-null0-psd0p35355339-on-z-dpoint-0p2-usd1-long",8,7001,8000,28261037
"materialize_bf_prior","long","z","z-dpoint-0p2-usd1-long","z-nmbf01-moment-null0-psd0p35355339-on-z-dpoint-0p2-usd1-long",9,8001,9000,29261040
"materialize_bf_prior","long","z","z-dpoint-0p2-usd1-long","z-nmbf01-moment-null0-psd0p35355339-on-z-dpoint-0p2-usd1-long",10,9001,10000,30261043
"materialize_bf_prior","long","z","z-dpoint-0p2-usd1-long","z-nmbf01-moment-null0-psd0p70710678-on-z-dpoint-0p2-usd1-long",1,1,1000,21261016
"materialize_bf_prior","long","z","z-dpoint-0p2-usd1-long","z-nmbf01-moment-null0-psd0p70710678-on-z-dpoint-0p2-usd1-long",2,1001,2000,22261019
"materialize_bf_prior","long","z","z-dpoint-0p2-usd1-long","z-nmbf01-moment-null0-psd0p70710678-on-z-dpoint-0p2-usd1-long",3,2001,3000,23261022
"materialize_bf_prior","long","z","z-dpoint-0p2-usd1-long","z-nmbf01-moment-null0-psd0p70710678-on-z-dpoint-0p2-usd1-long",4,3001,4000,24261025
"materialize_bf_prior","long","z","z-dpoint-0p2-usd1-long","z-nmbf01-moment-null0-psd0p70710678-on-z-dpoint-0p2-usd1-long",5,4001,5000,25261028
"materialize_bf_prior","long","z","z-dpoint-0p2-usd1-long","z-nmbf01-moment-null0-psd0p70710678-on-z-dpoint-0p2-usd1-long",6,5001,6000,26261031
"materialize_bf_prior","long","z","z-dpoint-0p2-usd1-long","z-nmbf01-moment-null0-psd0p70710678-on-z-dpoint-0p2-usd1-long",7,6001,7000,27261034
"materialize_bf_prior","long","z","z-dpoint-0p2-usd1-long","z-nmbf01-moment-null0-psd0p70710678-on-z-dpoint-0p2-usd1-long",8,7001,8000,28261037
"materialize_bf_prior","long","z","z-dpoint-0p2-usd1-long","z-nmbf01-moment-null0-psd0p70710678-on-z-dpoint-0p2-usd1-long",9,8001,9000,29261040
"materialize_bf_prior","long","z","z-dpoint-0p2-usd1-long","z-nmbf01-moment-null0-psd0p70710678-on-z-dpoint-0p2-usd1-long",10,9001,10000,30261043
"materialize_bf_prior","long","z","z-dnorm-0p2-s0p1-usd1-long","z-bf01-point-null0-pm0p2-psd0-on-z-dnorm-0p2-s0p1-usd1-long",1,1,1000,21261017
"materialize_bf_prior","long","z","z-dnorm-0p2-s0p1-usd1-long","z-bf01-point-null0-pm0p2-psd0-on-z-dnorm-0p2-s0p1-usd1-long",2,1001,2000,22261020
"materialize_bf_prior","long","z","z-dnorm-0p2-s0p1-usd1-long","z-bf01-point-null0-pm0p2-psd0-on-z-dnorm-0p2-s0p1-usd1-long",3,2001,3000,23261023
"materialize_bf_prior","long","z","z-dnorm-0p2-s0p1-usd1-long","z-bf01-point-null0-pm0p2-psd0-on-z-dnorm-0p2-s0p1-usd1-long",4,3001,4000,24261026
"materialize_bf_prior","long","z","z-dnorm-0p2-s0p1-usd1-long","z-bf01-point-null0-pm0p2-psd0-on-z-dnorm-0p2-s0p1-usd1-long",5,4001,5000,25261029
"materialize_bf_prior","long","z","z-dnorm-0p2-s0p1-usd1-long","z-bf01-point-null0-pm0p2-psd0-on-z-dnorm-0p2-s0p1-usd1-long",6,5001,6000,26261032
"materialize_bf_prior","long","z","z-dnorm-0p2-s0p1-usd1-long","z-bf01-point-null0-pm0p2-psd0-on-z-dnorm-0p2-s0p1-usd1-long",7,6001,7000,27261035
"materialize_bf_prior","long","z","z-dnorm-0p2-s0p1-usd1-long","z-bf01-point-null0-pm0p2-psd0-on-z-dnorm-0p2-s0p1-usd1-long",8,7001,8000,28261038
"materialize_bf_prior","long","z","z-dnorm-0p2-s0p1-usd1-long","z-bf01-point-null0-pm0p2-psd0-on-z-dnorm-0p2-s0p1-usd1-long",9,8001,9000,29261041
"materialize_bf_prior","long","z","z-dnorm-0p2-s0p1-usd1-long","z-bf01-point-null0-pm0p2-psd0-on-z-dnorm-0p2-s0p1-usd1-long",10,9001,10000,30261044
"materialize_bf_prior","long","z","z-dnorm-0p2-s0p1-usd1-long","z-bf01-point-null0-pm0p5-psd0-on-z-dnorm-0p2-s0p1-usd1-long",1,1,1000,21261017
"materialize_bf_prior","long","z","z-dnorm-0p2-s0p1-usd1-long","z-bf01-point-null0-pm0p5-psd0-on-z-dnorm-0p2-s0p1-usd1-long",2,1001,2000,22261020
"materialize_bf_prior","long","z","z-dnorm-0p2-s0p1-usd1-long","z-bf01-point-null0-pm0p5-psd0-on-z-dnorm-0p2-s0p1-usd1-long",3,2001,3000,23261023
"materialize_bf_prior","long","z","z-dnorm-0p2-s0p1-usd1-long","z-bf01-point-null0-pm0p5-psd0-on-z-dnorm-0p2-s0p1-usd1-long",4,3001,4000,24261026
"materialize_bf_prior","long","z","z-dnorm-0p2-s0p1-usd1-long","z-bf01-point-null0-pm0p5-psd0-on-z-dnorm-0p2-s0p1-usd1-long",5,4001,5000,25261029
"materialize_bf_prior","long","z","z-dnorm-0p2-s0p1-usd1-long","z-bf01-point-null0-pm0p5-psd0-on-z-dnorm-0p2-s0p1-usd1-long",6,5001,6000,26261032
"materialize_bf_prior","long","z","z-dnorm-0p2-s0p1-usd1-long","z-bf01-point-null0-pm0p5-psd0-on-z-dnorm-0p2-s0p1-usd1-long",7,6001,7000,27261035
"materialize_bf_prior","long","z","z-dnorm-0p2-s0p1-usd1-long","z-bf01-point-null0-pm0p5-psd0-on-z-dnorm-0p2-s0p1-usd1-long",8,7001,8000,28261038
"materialize_bf_prior","long","z","z-dnorm-0p2-s0p1-usd1-long","z-bf01-point-null0-pm0p5-psd0-on-z-dnorm-0p2-s0p1-usd1-long",9,8001,9000,29261041
"materialize_bf_prior","long","z","z-dnorm-0p2-s0p1-usd1-long","z-bf01-point-null0-pm0p5-psd0-on-z-dnorm-0p2-s0p1-usd1-long",10,9001,10000,30261044
"materialize_bf_prior","long","z","z-dnorm-0p2-s0p1-usd1-long","z-bf01-normal-null0-pm0-psd0p70710678-on-z-dnorm-0p2-s0p1-usd1-long",1,1,1000,21261017
"materialize_bf_prior","long","z","z-dnorm-0p2-s0p1-usd1-long","z-bf01-normal-null0-pm0-psd0p70710678-on-z-dnorm-0p2-s0p1-usd1-long",2,1001,2000,22261020
"materialize_bf_prior","long","z","z-dnorm-0p2-s0p1-usd1-long","z-bf01-normal-null0-pm0-psd0p70710678-on-z-dnorm-0p2-s0p1-usd1-long",3,2001,3000,23261023
"materialize_bf_prior","long","z","z-dnorm-0p2-s0p1-usd1-long","z-bf01-normal-null0-pm0-psd0p70710678-on-z-dnorm-0p2-s0p1-usd1-long",4,3001,4000,24261026
"materialize_bf_prior","long","z","z-dnorm-0p2-s0p1-usd1-long","z-bf01-normal-null0-pm0-psd0p70710678-on-z-dnorm-0p2-s0p1-usd1-long",5,4001,5000,25261029
"materialize_bf_prior","long","z","z-dnorm-0p2-s0p1-usd1-long","z-bf01-normal-null0-pm0-psd0p70710678-on-z-dnorm-0p2-s0p1-usd1-long",6,5001,6000,26261032
"materialize_bf_prior","long","z","z-dnorm-0p2-s0p1-usd1-long","z-bf01-normal-null0-pm0-psd0p70710678-on-z-dnorm-0p2-s0p1-usd1-long",7,6001,7000,27261035
"materialize_bf_prior","long","z","z-dnorm-0p2-s0p1-usd1-long","z-bf01-normal-null0-pm0-psd0p70710678-on-z-dnorm-0p2-s0p1-usd1-long",8,7001,8000,28261038
"materialize_bf_prior","long","z","z-dnorm-0p2-s0p1-usd1-long","z-bf01-normal-null0-pm0-psd0p70710678-on-z-dnorm-0p2-s0p1-usd1-long",9,8001,9000,29261041
"materialize_bf_prior","long","z","z-dnorm-0p2-s0p1-usd1-long","z-bf01-normal-null0-pm0-psd0p70710678-on-z-dnorm-0p2-s0p1-usd1-long",10,9001,10000,30261044
"materialize_bf_prior","long","z","z-dnorm-0p2-s0p1-usd1-long","z-bf01-normal-null0-pm0p2-psd0p3-on-z-dnorm-0p2-s0p1-usd1-long",1,1,1000,21261017
"materialize_bf_prior","long","z","z-dnorm-0p2-s0p1-usd1-long","z-bf01-normal-null0-pm0p2-psd0p3-on-z-dnorm-0p2-s0p1-usd1-long",2,1001,2000,22261020
"materialize_bf_prior","long","z","z-dnorm-0p2-s0p1-usd1-long","z-bf01-normal-null0-pm0p2-psd0p3-on-z-dnorm-0p2-s0p1-usd1-long",3,2001,3000,23261023
"materialize_bf_prior","long","z","z-dnorm-0p2-s0p1-usd1-long","z-bf01-normal-null0-pm0p2-psd0p3-on-z-dnorm-0p2-s0p1-usd1-long",4,3001,4000,24261026
"materialize_bf_prior","long","z","z-dnorm-0p2-s0p1-usd1-long","z-bf01-normal-null0-pm0p2-psd0p3-on-z-dnorm-0p2-s0p1-usd1-long",5,4001,5000,25261029
"materialize_bf_prior","long","z","z-dnorm-0p2-s0p1-usd1-long","z-bf01-normal-null0-pm0p2-psd0p3-on-z-dnorm-0p2-s0p1-usd1-long",6,5001,6000,26261032
"materialize_bf_prior","long","z","z-dnorm-0p2-s0p1-usd1-long","z-bf01-normal-null0-pm0p2-psd0p3-on-z-dnorm-0p2-s0p1-usd1-long",7,6001,7000,27261035
"materialize_bf_prior","long","z","z-dnorm-0p2-s0p1-usd1-long","z-bf01-normal-null0-pm0p2-psd0p3-on-z-dnorm-0p2-s0p1-usd1-long",8,7001,8000,28261038
"materialize_bf_prior","long","z","z-dnorm-0p2-s0p1-usd1-long","z-bf01-normal-null0-pm0p2-psd0p3-on-z-dnorm-0p2-s0p1-usd1-long",9,8001,9000,29261041
"materialize_bf_prior","long","z","z-dnorm-0p2-s0p1-usd1-long","z-bf01-normal-null0-pm0p2-psd0p3-on-z-dnorm-0p2-s0p1-usd1-long",10,9001,10000,30261044
"materialize_bf_prior","long","z","z-dnorm-0p2-s0p1-usd1-long","z-dirbf01-directional-normal-null0-pm0-psd0p70710678-on-z-dnorm-0p2-s0p1-usd1-long",1,1,1000,21261017
"materialize_bf_prior","long","z","z-dnorm-0p2-s0p1-usd1-long","z-dirbf01-directional-normal-null0-pm0-psd0p70710678-on-z-dnorm-0p2-s0p1-usd1-long",2,1001,2000,22261020
"materialize_bf_prior","long","z","z-dnorm-0p2-s0p1-usd1-long","z-dirbf01-directional-normal-null0-pm0-psd0p70710678-on-z-dnorm-0p2-s0p1-usd1-long",3,2001,3000,23261023
"materialize_bf_prior","long","z","z-dnorm-0p2-s0p1-usd1-long","z-dirbf01-directional-normal-null0-pm0-psd0p70710678-on-z-dnorm-0p2-s0p1-usd1-long",4,3001,4000,24261026
"materialize_bf_prior","long","z","z-dnorm-0p2-s0p1-usd1-long","z-dirbf01-directional-normal-null0-pm0-psd0p70710678-on-z-dnorm-0p2-s0p1-usd1-long",5,4001,5000,25261029
"materialize_bf_prior","long","z","z-dnorm-0p2-s0p1-usd1-long","z-dirbf01-directional-normal-null0-pm0-psd0p70710678-on-z-dnorm-0p2-s0p1-usd1-long",6,5001,6000,26261032
"materialize_bf_prior","long","z","z-dnorm-0p2-s0p1-usd1-long","z-dirbf01-directional-normal-null0-pm0-psd0p70710678-on-z-dnorm-0p2-s0p1-usd1-long",7,6001,7000,27261035
"materialize_bf_prior","long","z","z-dnorm-0p2-s0p1-usd1-long","z-dirbf01-directional-normal-null0-pm0-psd0p70710678-on-z-dnorm-0p2-s0p1-usd1-long",8,7001,8000,28261038
"materialize_bf_prior","long","z","z-dnorm-0p2-s0p1-usd1-long","z-dirbf01-directional-normal-null0-pm0-psd0p70710678-on-z-dnorm-0p2-s0p1-usd1-long",9,8001,9000,29261041
"materialize_bf_prior","long","z","z-dnorm-0p2-s0p1-usd1-long","z-dirbf01-directional-normal-null0-pm0-psd0p70710678-on-z-dnorm-0p2-s0p1-usd1-long",10,9001,10000,30261044
"materialize_bf_prior","long","z","z-dnorm-0p2-s0p1-usd1-long","z-nmbf01-moment-null0-psd0p35355339-on-z-dnorm-0p2-s0p1-usd1-long",1,1,1000,21261017
"materialize_bf_prior","long","z","z-dnorm-0p2-s0p1-usd1-long","z-nmbf01-moment-null0-psd0p35355339-on-z-dnorm-0p2-s0p1-usd1-long",2,1001,2000,22261020
"materialize_bf_prior","long","z","z-dnorm-0p2-s0p1-usd1-long","z-nmbf01-moment-null0-psd0p35355339-on-z-dnorm-0p2-s0p1-usd1-long",3,2001,3000,23261023
"materialize_bf_prior","long","z","z-dnorm-0p2-s0p1-usd1-long","z-nmbf01-moment-null0-psd0p35355339-on-z-dnorm-0p2-s0p1-usd1-long",4,3001,4000,24261026
"materialize_bf_prior","long","z","z-dnorm-0p2-s0p1-usd1-long","z-nmbf01-moment-null0-psd0p35355339-on-z-dnorm-0p2-s0p1-usd1-long",5,4001,5000,25261029
"materialize_bf_prior","long","z","z-dnorm-0p2-s0p1-usd1-long","z-nmbf01-moment-null0-psd0p35355339-on-z-dnorm-0p2-s0p1-usd1-long",6,5001,6000,26261032
"materialize_bf_prior","long","z","z-dnorm-0p2-s0p1-usd1-long","z-nmbf01-moment-null0-psd0p35355339-on-z-dnorm-0p2-s0p1-usd1-long",7,6001,7000,27261035
"materialize_bf_prior","long","z","z-dnorm-0p2-s0p1-usd1-long","z-nmbf01-moment-null0-psd0p35355339-on-z-dnorm-0p2-s0p1-usd1-long",8,7001,8000,28261038
"materialize_bf_prior","long","z","z-dnorm-0p2-s0p1-usd1-long","z-nmbf01-moment-null0-psd0p35355339-on-z-dnorm-0p2-s0p1-usd1-long",9,8001,9000,29261041
"materialize_bf_prior","long","z","z-dnorm-0p2-s0p1-usd1-long","z-nmbf01-moment-null0-psd0p35355339-on-z-dnorm-0p2-s0p1-usd1-long",10,9001,10000,30261044
"materialize_bf_prior","long","z","z-dnorm-0p2-s0p1-usd1-long","z-nmbf01-moment-null0-psd0p70710678-on-z-dnorm-0p2-s0p1-usd1-long",1,1,1000,21261017
"materialize_bf_prior","long","z","z-dnorm-0p2-s0p1-usd1-long","z-nmbf01-moment-null0-psd0p70710678-on-z-dnorm-0p2-s0p1-usd1-long",2,1001,2000,22261020
"materialize_bf_prior","long","z","z-dnorm-0p2-s0p1-usd1-long","z-nmbf01-moment-null0-psd0p70710678-on-z-dnorm-0p2-s0p1-usd1-long",3,2001,3000,23261023
"materialize_bf_prior","long","z","z-dnorm-0p2-s0p1-usd1-long","z-nmbf01-moment-null0-psd0p70710678-on-z-dnorm-0p2-s0p1-usd1-long",4,3001,4000,24261026
"materialize_bf_prior","long","z","z-dnorm-0p2-s0p1-usd1-long","z-nmbf01-moment-null0-psd0p70710678-on-z-dnorm-0p2-s0p1-usd1-long",5,4001,5000,25261029
"materialize_bf_prior","long","z","z-dnorm-0p2-s0p1-usd1-long","z-nmbf01-moment-null0-psd0p70710678-on-z-dnorm-0p2-s0p1-usd1-long",6,5001,6000,26261032
"materialize_bf_prior","long","z","z-dnorm-0p2-s0p1-usd1-long","z-nmbf01-moment-null0-psd0p70710678-on-z-dnorm-0p2-s0p1-usd1-long",7,6001,7000,27261035
"materialize_bf_prior","long","z","z-dnorm-0p2-s0p1-usd1-long","z-nmbf01-moment-null0-psd0p70710678-on-z-dnorm-0p2-s0p1-usd1-long",8,7001,8000,28261038
"materialize_bf_prior","long","z","z-dnorm-0p2-s0p1-usd1-long","z-nmbf01-moment-null0-psd0p70710678-on-z-dnorm-0p2-s0p1-usd1-long",9,8001,9000,29261041
"materialize_bf_prior","long","z","z-dnorm-0p2-s0p1-usd1-long","z-nmbf01-moment-null0-psd0p70710678-on-z-dnorm-0p2-s0p1-usd1-long",10,9001,10000,30261044
"materialize_bf_prior","long","z","z-dnorm-0p2-s0p5-usd1-long","z-bf01-point-null0-pm0p2-psd0-on-z-dnorm-0p2-s0p5-usd1-long",1,1,1000,21261018
"materialize_bf_prior","long","z","z-dnorm-0p2-s0p5-usd1-long","z-bf01-point-null0-pm0p2-psd0-on-z-dnorm-0p2-s0p5-usd1-long",2,1001,2000,22261021
"materialize_bf_prior","long","z","z-dnorm-0p2-s0p5-usd1-long","z-bf01-point-null0-pm0p2-psd0-on-z-dnorm-0p2-s0p5-usd1-long",3,2001,3000,23261024
"materialize_bf_prior","long","z","z-dnorm-0p2-s0p5-usd1-long","z-bf01-point-null0-pm0p2-psd0-on-z-dnorm-0p2-s0p5-usd1-long",4,3001,4000,24261027
"materialize_bf_prior","long","z","z-dnorm-0p2-s0p5-usd1-long","z-bf01-point-null0-pm0p2-psd0-on-z-dnorm-0p2-s0p5-usd1-long",5,4001,5000,25261030
"materialize_bf_prior","long","z","z-dnorm-0p2-s0p5-usd1-long","z-bf01-point-null0-pm0p2-psd0-on-z-dnorm-0p2-s0p5-usd1-long",6,5001,6000,26261033
"materialize_bf_prior","long","z","z-dnorm-0p2-s0p5-usd1-long","z-bf01-point-null0-pm0p2-psd0-on-z-dnorm-0p2-s0p5-usd1-long",7,6001,7000,27261036
"materialize_bf_prior","long","z","z-dnorm-0p2-s0p5-usd1-long","z-bf01-point-null0-pm0p2-psd0-on-z-dnorm-0p2-s0p5-usd1-long",8,7001,8000,28261039
"materialize_bf_prior","long","z","z-dnorm-0p2-s0p5-usd1-long","z-bf01-point-null0-pm0p2-psd0-on-z-dnorm-0p2-s0p5-usd1-long",9,8001,9000,29261042
"materialize_bf_prior","long","z","z-dnorm-0p2-s0p5-usd1-long","z-bf01-point-null0-pm0p2-psd0-on-z-dnorm-0p2-s0p5-usd1-long",10,9001,10000,30261045
"materialize_bf_prior","long","z","z-dnorm-0p2-s0p5-usd1-long","z-bf01-point-null0-pm0p5-psd0-on-z-dnorm-0p2-s0p5-usd1-long",1,1,1000,21261018
"materialize_bf_prior","long","z","z-dnorm-0p2-s0p5-usd1-long","z-bf01-point-null0-pm0p5-psd0-on-z-dnorm-0p2-s0p5-usd1-long",2,1001,2000,22261021
"materialize_bf_prior","long","z","z-dnorm-0p2-s0p5-usd1-long","z-bf01-point-null0-pm0p5-psd0-on-z-dnorm-0p2-s0p5-usd1-long",3,2001,3000,23261024
"materialize_bf_prior","long","z","z-dnorm-0p2-s0p5-usd1-long","z-bf01-point-null0-pm0p5-psd0-on-z-dnorm-0p2-s0p5-usd1-long",4,3001,4000,24261027
"materialize_bf_prior","long","z","z-dnorm-0p2-s0p5-usd1-long","z-bf01-point-null0-pm0p5-psd0-on-z-dnorm-0p2-s0p5-usd1-long",5,4001,5000,25261030
"materialize_bf_prior","long","z","z-dnorm-0p2-s0p5-usd1-long","z-bf01-point-null0-pm0p5-psd0-on-z-dnorm-0p2-s0p5-usd1-long",6,5001,6000,26261033
"materialize_bf_prior","long","z","z-dnorm-0p2-s0p5-usd1-long","z-bf01-point-null0-pm0p5-psd0-on-z-dnorm-0p2-s0p5-usd1-long",7,6001,7000,27261036
"materialize_bf_prior","long","z","z-dnorm-0p2-s0p5-usd1-long","z-bf01-point-null0-pm0p5-psd0-on-z-dnorm-0p2-s0p5-usd1-long",8,7001,8000,28261039
"materialize_bf_prior","long","z","z-dnorm-0p2-s0p5-usd1-long","z-bf01-point-null0-pm0p5-psd0-on-z-dnorm-0p2-s0p5-usd1-long",9,8001,9000,29261042
"materialize_bf_prior","long","z","z-dnorm-0p2-s0p5-usd1-long","z-bf01-point-null0-pm0p5-psd0-on-z-dnorm-0p2-s0p5-usd1-long",10,9001,10000,30261045
"materialize_bf_prior","long","z","z-dnorm-0p2-s0p5-usd1-long","z-bf01-normal-null0-pm0-psd0p70710678-on-z-dnorm-0p2-s0p5-usd1-long",1,1,1000,21261018
"materialize_bf_prior","long","z","z-dnorm-0p2-s0p5-usd1-long","z-bf01-normal-null0-pm0-psd0p70710678-on-z-dnorm-0p2-s0p5-usd1-long",2,1001,2000,22261021
"materialize_bf_prior","long","z","z-dnorm-0p2-s0p5-usd1-long","z-bf01-normal-null0-pm0-psd0p70710678-on-z-dnorm-0p2-s0p5-usd1-long",3,2001,3000,23261024
"materialize_bf_prior","long","z","z-dnorm-0p2-s0p5-usd1-long","z-bf01-normal-null0-pm0-psd0p70710678-on-z-dnorm-0p2-s0p5-usd1-long",4,3001,4000,24261027
"materialize_bf_prior","long","z","z-dnorm-0p2-s0p5-usd1-long","z-bf01-normal-null0-pm0-psd0p70710678-on-z-dnorm-0p2-s0p5-usd1-long",5,4001,5000,25261030
"materialize_bf_prior","long","z","z-dnorm-0p2-s0p5-usd1-long","z-bf01-normal-null0-pm0-psd0p70710678-on-z-dnorm-0p2-s0p5-usd1-long",6,5001,6000,26261033
"materialize_bf_prior","long","z","z-dnorm-0p2-s0p5-usd1-long","z-bf01-normal-null0-pm0-psd0p70710678-on-z-dnorm-0p2-s0p5-usd1-long",7,6001,7000,27261036
"materialize_bf_prior","long","z","z-dnorm-0p2-s0p5-usd1-long","z-bf01-normal-null0-pm0-psd0p70710678-on-z-dnorm-0p2-s0p5-usd1-long",8,7001,8000,28261039
"materialize_bf_prior","long","z","z-dnorm-0p2-s0p5-usd1-long","z-bf01-normal-null0-pm0-psd0p70710678-on-z-dnorm-0p2-s0p5-usd1-long",9,8001,9000,29261042
"materialize_bf_prior","long","z","z-dnorm-0p2-s0p5-usd1-long","z-bf01-normal-null0-pm0-psd0p70710678-on-z-dnorm-0p2-s0p5-usd1-long",10,9001,10000,30261045
"materialize_bf_prior","long","z","z-dnorm-0p2-s0p5-usd1-long","z-bf01-normal-null0-pm0p2-psd0p3-on-z-dnorm-0p2-s0p5-usd1-long",1,1,1000,21261018
"materialize_bf_prior","long","z","z-dnorm-0p2-s0p5-usd1-long","z-bf01-normal-null0-pm0p2-psd0p3-on-z-dnorm-0p2-s0p5-usd1-long",2,1001,2000,22261021
"materialize_bf_prior","long","z","z-dnorm-0p2-s0p5-usd1-long","z-bf01-normal-null0-pm0p2-psd0p3-on-z-dnorm-0p2-s0p5-usd1-long",3,2001,3000,23261024
"materialize_bf_prior","long","z","z-dnorm-0p2-s0p5-usd1-long","z-bf01-normal-null0-pm0p2-psd0p3-on-z-dnorm-0p2-s0p5-usd1-long",4,3001,4000,24261027
"materialize_bf_prior","long","z","z-dnorm-0p2-s0p5-usd1-long","z-bf01-normal-null0-pm0p2-psd0p3-on-z-dnorm-0p2-s0p5-usd1-long",5,4001,5000,25261030
"materialize_bf_prior","long","z","z-dnorm-0p2-s0p5-usd1-long","z-bf01-normal-null0-pm0p2-psd0p3-on-z-dnorm-0p2-s0p5-usd1-long",6,5001,6000,26261033
"materialize_bf_prior","long","z","z-dnorm-0p2-s0p5-usd1-long","z-bf01-normal-null0-pm0p2-psd0p3-on-z-dnorm-0p2-s0p5-usd1-long",7,6001,7000,27261036
"materialize_bf_prior","long","z","z-dnorm-0p2-s0p5-usd1-long","z-bf01-normal-null0-pm0p2-psd0p3-on-z-dnorm-0p2-s0p5-usd1-long",8,7001,8000,28261039
"materialize_bf_prior","long","z","z-dnorm-0p2-s0p5-usd1-long","z-bf01-normal-null0-pm0p2-psd0p3-on-z-dnorm-0p2-s0p5-usd1-long",9,8001,9000,29261042
"materialize_bf_prior","long","z","z-dnorm-0p2-s0p5-usd1-long","z-bf01-normal-null0-pm0p2-psd0p3-on-z-dnorm-0p2-s0p5-usd1-long",10,9001,10000,30261045
"materialize_bf_prior","long","z","z-dnorm-0p2-s0p5-usd1-long","z-dirbf01-directional-normal-null0-pm0-psd0p70710678-on-z-dnorm-0p2-s0p5-usd1-long",1,1,1000,21261018
"materialize_bf_prior","long","z","z-dnorm-0p2-s0p5-usd1-long","z-dirbf01-directional-normal-null0-pm0-psd0p70710678-on-z-dnorm-0p2-s0p5-usd1-long",2,1001,2000,22261021
"materialize_bf_prior","long","z","z-dnorm-0p2-s0p5-usd1-long","z-dirbf01-directional-normal-null0-pm0-psd0p70710678-on-z-dnorm-0p2-s0p5-usd1-long",3,2001,3000,23261024
"materialize_bf_prior","long","z","z-dnorm-0p2-s0p5-usd1-long","z-dirbf01-directional-normal-null0-pm0-psd0p70710678-on-z-dnorm-0p2-s0p5-usd1-long",4,3001,4000,24261027
"materialize_bf_prior","long","z","z-dnorm-0p2-s0p5-usd1-long","z-dirbf01-directional-normal-null0-pm0-psd0p70710678-on-z-dnorm-0p2-s0p5-usd1-long",5,4001,5000,25261030
"materialize_bf_prior","long","z","z-dnorm-0p2-s0p5-usd1-long","z-dirbf01-directional-normal-null0-pm0-psd0p70710678-on-z-dnorm-0p2-s0p5-usd1-long",6,5001,6000,26261033
"materialize_bf_prior","long","z","z-dnorm-0p2-s0p5-usd1-long","z-dirbf01-directional-normal-null0-pm0-psd0p70710678-on-z-dnorm-0p2-s0p5-usd1-long",7,6001,7000,27261036
"materialize_bf_prior","long","z","z-dnorm-0p2-s0p5-usd1-long","z-dirbf01-directional-normal-null0-pm0-psd0p70710678-on-z-dnorm-0p2-s0p5-usd1-long",8,7001,8000,28261039
"materialize_bf_prior","long","z","z-dnorm-0p2-s0p5-usd1-long","z-dirbf01-directional-normal-null0-pm0-psd0p70710678-on-z-dnorm-0p2-s0p5-usd1-long",9,8001,9000,29261042
"materialize_bf_prior","long","z","z-dnorm-0p2-s0p5-usd1-long","z-dirbf01-directional-normal-null0-pm0-psd0p70710678-on-z-dnorm-0p2-s0p5-usd1-long",10,9001,10000,30261045
"materialize_bf_prior","long","z","z-dnorm-0p2-s0p5-usd1-long","z-nmbf01-moment-null0-psd0p35355339-on-z-dnorm-0p2-s0p5-usd1-long",1,1,1000,21261018
"materialize_bf_prior","long","z","z-dnorm-0p2-s0p5-usd1-long","z-nmbf01-moment-null0-psd0p35355339-on-z-dnorm-0p2-s0p5-usd1-long",2,1001,2000,22261021
"materialize_bf_prior","long","z","z-dnorm-0p2-s0p5-usd1-long","z-nmbf01-moment-null0-psd0p35355339-on-z-dnorm-0p2-s0p5-usd1-long",3,2001,3000,23261024
"materialize_bf_prior","long","z","z-dnorm-0p2-s0p5-usd1-long","z-nmbf01-moment-null0-psd0p35355339-on-z-dnorm-0p2-s0p5-usd1-long",4,3001,4000,24261027
"materialize_bf_prior","long","z","z-dnorm-0p2-s0p5-usd1-long","z-nmbf01-moment-null0-psd0p35355339-on-z-dnorm-0p2-s0p5-usd1-long",5,4001,5000,25261030
"materialize_bf_prior","long","z","z-dnorm-0p2-s0p5-usd1-long","z-nmbf01-moment-null0-psd0p35355339-on-z-dnorm-0p2-s0p5-usd1-long",6,5001,6000,26261033
"materialize_bf_prior","long","z","z-dnorm-0p2-s0p5-usd1-long","z-nmbf01-moment-null0-psd0p35355339-on-z-dnorm-0p2-s0p5-usd1-long",7,6001,7000,27261036
"materialize_bf_prior","long","z","z-dnorm-0p2-s0p5-usd1-long","z-nmbf01-moment-null0-psd0p35355339-on-z-dnorm-0p2-s0p5-usd1-long",8,7001,8000,28261039
"materialize_bf_prior","long","z","z-dnorm-0p2-s0p5-usd1-long","z-nmbf01-moment-null0-psd0p35355339-on-z-dnorm-0p2-s0p5-usd1-long",9,8001,9000,29261042
"materialize_bf_prior","long","z","z-dnorm-0p2-s0p5-usd1-long","z-nmbf01-moment-null0-psd0p35355339-on-z-dnorm-0p2-s0p5-usd1-long",10,9001,10000,30261045
"materialize_bf_prior","long","z","z-dnorm-0p2-s0p5-usd1-long","z-nmbf01-moment-null0-psd0p70710678-on-z-dnorm-0p2-s0p5-usd1-long",1,1,1000,21261018
"materialize_bf_prior","long","z","z-dnorm-0p2-s0p5-usd1-long","z-nmbf01-moment-null0-psd0p70710678-on-z-dnorm-0p2-s0p5-usd1-long",2,1001,2000,22261021
"materialize_bf_prior","long","z","z-dnorm-0p2-s0p5-usd1-long","z-nmbf01-moment-null0-psd0p70710678-on-z-dnorm-0p2-s0p5-usd1-long",3,2001,3000,23261024
"materialize_bf_prior","long","z","z-dnorm-0p2-s0p5-usd1-long","z-nmbf01-moment-null0-psd0p70710678-on-z-dnorm-0p2-s0p5-usd1-long",4,3001,4000,24261027
"materialize_bf_prior","long","z","z-dnorm-0p2-s0p5-usd1-long","z-nmbf01-moment-null0-psd0p70710678-on-z-dnorm-0p2-s0p5-usd1-long",5,4001,5000,25261030
"materialize_bf_prior","long","z","z-dnorm-0p2-s0p5-usd1-long","z-nmbf01-moment-null0-psd0p70710678-on-z-dnorm-0p2-s0p5-usd1-long",6,5001,6000,26261033
"materialize_bf_prior","long","z","z-dnorm-0p2-s0p5-usd1-long","z-nmbf01-moment-null0-psd0p70710678-on-z-dnorm-0p2-s0p5-usd1-long",7,6001,7000,27261036
"materialize_bf_prior","long","z","z-dnorm-0p2-s0p5-usd1-long","z-nmbf01-moment-null0-psd0p70710678-on-z-dnorm-0p2-s0p5-usd1-long",8,7001,8000,28261039
"materialize_bf_prior","long","z","z-dnorm-0p2-s0p5-usd1-long","z-nmbf01-moment-null0-psd0p70710678-on-z-dnorm-0p2-s0p5-usd1-long",9,8001,9000,29261042
"materialize_bf_prior","long","z","z-dnorm-0p2-s0p5-usd1-long","z-nmbf01-moment-null0-psd0p70710678-on-z-dnorm-0p2-s0p5-usd1-long",10,9001,10000,30261045
"materialize_bf_prior","adversarial","z","z-dpoint-0-usd50-short","z-bf01-point-null0-pm10-psd0-on-z-dpoint-0-usd50-short",1,1,1000,21261012
"materialize_bf_prior","adversarial","z","z-dpoint-0-usd50-short","z-bf01-point-null0-pm10-psd0-on-z-dpoint-0-usd50-short",2,1001,2000,22261015
"materialize_bf_prior","adversarial","z","z-dpoint-0-usd50-short","z-bf01-point-null0-pm10-psd0-on-z-dpoint-0-usd50-short",3,2001,3000,23261018
"materialize_bf_prior","adversarial","z","z-dpoint-0-usd50-short","z-bf01-point-null0-pm10-psd0-on-z-dpoint-0-usd50-short",4,3001,4000,24261021
"materialize_bf_prior","adversarial","z","z-dpoint-0-usd50-short","z-bf01-point-null0-pm10-psd0-on-z-dpoint-0-usd50-short",5,4001,5000,25261024
"materialize_bf_prior","adversarial","z","z-dpoint-0-usd50-short","z-bf01-point-null0-pm10-psd0-on-z-dpoint-0-usd50-short",6,5001,6000,26261027
"materialize_bf_prior","adversarial","z","z-dpoint-0-usd50-short","z-bf01-point-null0-pm10-psd0-on-z-dpoint-0-usd50-short",7,6001,7000,27261030
"materialize_bf_prior","adversarial","z","z-dpoint-0-usd50-short","z-bf01-point-null0-pm10-psd0-on-z-dpoint-0-usd50-short",8,7001,8000,28261033
"materialize_bf_prior","adversarial","z","z-dpoint-0-usd50-short","z-bf01-point-null0-pm10-psd0-on-z-dpoint-0-usd50-short",9,8001,9000,29261036
"materialize_bf_prior","adversarial","z","z-dpoint-0-usd50-short","z-bf01-point-null0-pm10-psd0-on-z-dpoint-0-usd50-short",10,9001,10000,30261039
"materialize_bf_prior","adversarial","z","z-dpoint-0-usd50-short","z-bf01-normal-null0-pm10-psd20-on-z-dpoint-0-usd50-short",1,1,1000,21261012
"materialize_bf_prior","adversarial","z","z-dpoint-0-usd50-short","z-bf01-normal-null0-pm10-psd20-on-z-dpoint-0-usd50-short",2,1001,2000,22261015
"materialize_bf_prior","adversarial","z","z-dpoint-0-usd50-short","z-bf01-normal-null0-pm10-psd20-on-z-dpoint-0-usd50-short",3,2001,3000,23261018
"materialize_bf_prior","adversarial","z","z-dpoint-0-usd50-short","z-bf01-normal-null0-pm10-psd20-on-z-dpoint-0-usd50-short",4,3001,4000,24261021
"materialize_bf_prior","adversarial","z","z-dpoint-0-usd50-short","z-bf01-normal-null0-pm10-psd20-on-z-dpoint-0-usd50-short",5,4001,5000,25261024
"materialize_bf_prior","adversarial","z","z-dpoint-0-usd50-short","z-bf01-normal-null0-pm10-psd20-on-z-dpoint-0-usd50-short",6,5001,6000,26261027
"materialize_bf_prior","adversarial","z","z-dpoint-0-usd50-short","z-bf01-normal-null0-pm10-psd20-on-z-dpoint-0-usd50-short",7,6001,7000,27261030
"materialize_bf_prior","adversarial","z","z-dpoint-0-usd50-short","z-bf01-normal-null0-pm10-psd20-on-z-dpoint-0-usd50-short",8,7001,8000,28261033
"materialize_bf_prior","adversarial","z","z-dpoint-0-usd50-short","z-bf01-normal-null0-pm10-psd20-on-z-dpoint-0-usd50-short",9,8001,9000,29261036
"materialize_bf_prior","adversarial","z","z-dpoint-0-usd50-short","z-bf01-normal-null0-pm10-psd20-on-z-dpoint-0-usd50-short",10,9001,10000,30261039
"materialize_bf_prior","adversarial","z","z-dpoint-0-usd50-short","z-bf01-normal-null0-pm0-psd20-on-z-dpoint-0-usd50-short",1,1,1000,21261012
"materialize_bf_prior","adversarial","z","z-dpoint-0-usd50-short","z-bf01-normal-null0-pm0-psd20-on-z-dpoint-0-usd50-short",2,1001,2000,22261015
"materialize_bf_prior","adversarial","z","z-dpoint-0-usd50-short","z-bf01-normal-null0-pm0-psd20-on-z-dpoint-0-usd50-short",3,2001,3000,23261018
"materialize_bf_prior","adversarial","z","z-dpoint-0-usd50-short","z-bf01-normal-null0-pm0-psd20-on-z-dpoint-0-usd50-short",4,3001,4000,24261021
"materialize_bf_prior","adversarial","z","z-dpoint-0-usd50-short","z-bf01-normal-null0-pm0-psd20-on-z-dpoint-0-usd50-short",5,4001,5000,25261024
"materialize_bf_prior","adversarial","z","z-dpoint-0-usd50-short","z-bf01-normal-null0-pm0-psd20-on-z-dpoint-0-usd50-short",6,5001,6000,26261027
"materialize_bf_prior","adversarial","z","z-dpoint-0-usd50-short","z-bf01-normal-null0-pm0-psd20-on-z-dpoint-0-usd50-short",7,6001,7000,27261030
"materialize_bf_prior","adversarial","z","z-dpoint-0-usd50-short","z-bf01-normal-null0-pm0-psd20-on-z-dpoint-0-usd50-short",8,7001,8000,28261033
"materialize_bf_prior","adversarial","z","z-dpoint-0-usd50-short","z-bf01-normal-null0-pm0-psd20-on-z-dpoint-0-usd50-short",9,8001,9000,29261036
"materialize_bf_prior","adversarial","z","z-dpoint-0-usd50-short","z-bf01-normal-null0-pm0-psd20-on-z-dpoint-0-usd50-short",10,9001,10000,30261039
"materialize_bf_prior","adversarial","z","z-dpoint-0-usd50-short","z-dirbf01-directional-normal-null0-pm0-psd20-on-z-dpoint-0-usd50-short",1,1,1000,21261012
"materialize_bf_prior","adversarial","z","z-dpoint-0-usd50-short","z-dirbf01-directional-normal-null0-pm0-psd20-on-z-dpoint-0-usd50-short",2,1001,2000,22261015
"materialize_bf_prior","adversarial","z","z-dpoint-0-usd50-short","z-dirbf01-directional-normal-null0-pm0-psd20-on-z-dpoint-0-usd50-short",3,2001,3000,23261018
"materialize_bf_prior","adversarial","z","z-dpoint-0-usd50-short","z-dirbf01-directional-normal-null0-pm0-psd20-on-z-dpoint-0-usd50-short",4,3001,4000,24261021
"materialize_bf_prior","adversarial","z","z-dpoint-0-usd50-short","z-dirbf01-directional-normal-null0-pm0-psd20-on-z-dpoint-0-usd50-short",5,4001,5000,25261024
"materialize_bf_prior","adversarial","z","z-dpoint-0-usd50-short","z-dirbf01-directional-normal-null0-pm0-psd20-on-z-dpoint-0-usd50-short",6,5001,6000,26261027
"materialize_bf_prior","adversarial","z","z-dpoint-0-usd50-short","z-dirbf01-directional-normal-null0-pm0-psd20-on-z-dpoint-0-usd50-short",7,6001,7000,27261030
"materialize_bf_prior","adversarial","z","z-dpoint-0-usd50-short","z-dirbf01-directional-normal-null0-pm0-psd20-on-z-dpoint-0-usd50-short",8,7001,8000,28261033
"materialize_bf_prior","adversarial","z","z-dpoint-0-usd50-short","z-dirbf01-directional-normal-null0-pm0-psd20-on-z-dpoint-0-usd50-short",9,8001,9000,29261036
"materialize_bf_prior","adversarial","z","z-dpoint-0-usd50-short","z-dirbf01-directional-normal-null0-pm0-psd20-on-z-dpoint-0-usd50-short",10,9001,10000,30261039
"materialize_bf_prior","adversarial","z","z-dpoint-0-usd50-short","z-nmbf01-moment-null0-psd7p07106781-on-z-dpoint-0-usd50-short",1,1,1000,21261012
"materialize_bf_prior","adversarial","z","z-dpoint-0-usd50-short","z-nmbf01-moment-null0-psd7p07106781-on-z-dpoint-0-usd50-short",2,1001,2000,22261015
"materialize_bf_prior","adversarial","z","z-dpoint-0-usd50-short","z-nmbf01-moment-null0-psd7p07106781-on-z-dpoint-0-usd50-short",3,2001,3000,23261018
"materialize_bf_prior","adversarial","z","z-dpoint-0-usd50-short","z-nmbf01-moment-null0-psd7p07106781-on-z-dpoint-0-usd50-short",4,3001,4000,24261021
"materialize_bf_prior","adversarial","z","z-dpoint-0-usd50-short","z-nmbf01-moment-null0-psd7p07106781-on-z-dpoint-0-usd50-short",5,4001,5000,25261024
"materialize_bf_prior","adversarial","z","z-dpoint-0-usd50-short","z-nmbf01-moment-null0-psd7p07106781-on-z-dpoint-0-usd50-short",6,5001,6000,26261027
"materialize_bf_prior","adversarial","z","z-dpoint-0-usd50-short","z-nmbf01-moment-null0-psd7p07106781-on-z-dpoint-0-usd50-short",7,6001,7000,27261030
"materialize_bf_prior","adversarial","z","z-dpoint-0-usd50-short","z-nmbf01-moment-null0-psd7p07106781-on-z-dpoint-0-usd50-short",8,7001,8000,28261033
"materialize_bf_prior","adversarial","z","z-dpoint-0-usd50-short","z-nmbf01-moment-null0-psd7p07106781-on-z-dpoint-0-usd50-short",9,8001,9000,29261036
"materialize_bf_prior","adversarial","z","z-dpoint-0-usd50-short","z-nmbf01-moment-null0-psd7p07106781-on-z-dpoint-0-usd50-short",10,9001,10000,30261039
"materialize_bf_prior","adversarial","z","z-dpoint-10-usd50-short","z-bf01-point-null0-pm10-psd0-on-z-dpoint-10-usd50-short",1,1,1000,21261013
"materialize_bf_prior","adversarial","z","z-dpoint-10-usd50-short","z-bf01-point-null0-pm10-psd0-on-z-dpoint-10-usd50-short",2,1001,2000,22261016
"materialize_bf_prior","adversarial","z","z-dpoint-10-usd50-short","z-bf01-point-null0-pm10-psd0-on-z-dpoint-10-usd50-short",3,2001,3000,23261019
"materialize_bf_prior","adversarial","z","z-dpoint-10-usd50-short","z-bf01-point-null0-pm10-psd0-on-z-dpoint-10-usd50-short",4,3001,4000,24261022
"materialize_bf_prior","adversarial","z","z-dpoint-10-usd50-short","z-bf01-point-null0-pm10-psd0-on-z-dpoint-10-usd50-short",5,4001,5000,25261025
"materialize_bf_prior","adversarial","z","z-dpoint-10-usd50-short","z-bf01-point-null0-pm10-psd0-on-z-dpoint-10-usd50-short",6,5001,6000,26261028
"materialize_bf_prior","adversarial","z","z-dpoint-10-usd50-short","z-bf01-point-null0-pm10-psd0-on-z-dpoint-10-usd50-short",7,6001,7000,27261031
"materialize_bf_prior","adversarial","z","z-dpoint-10-usd50-short","z-bf01-point-null0-pm10-psd0-on-z-dpoint-10-usd50-short",8,7001,8000,28261034
"materialize_bf_prior","adversarial","z","z-dpoint-10-usd50-short","z-bf01-point-null0-pm10-psd0-on-z-dpoint-10-usd50-short",9,8001,9000,29261037
"materialize_bf_prior","adversarial","z","z-dpoint-10-usd50-short","z-bf01-point-null0-pm10-psd0-on-z-dpoint-10-usd50-short",10,9001,10000,30261040
"materialize_bf_prior","adversarial","z","z-dpoint-10-usd50-short","z-bf01-normal-null0-pm10-psd20-on-z-dpoint-10-usd50-short",1,1,1000,21261013
"materialize_bf_prior","adversarial","z","z-dpoint-10-usd50-short","z-bf01-normal-null0-pm10-psd20-on-z-dpoint-10-usd50-short",2,1001,2000,22261016
"materialize_bf_prior","adversarial","z","z-dpoint-10-usd50-short","z-bf01-normal-null0-pm10-psd20-on-z-dpoint-10-usd50-short",3,2001,3000,23261019
"materialize_bf_prior","adversarial","z","z-dpoint-10-usd50-short","z-bf01-normal-null0-pm10-psd20-on-z-dpoint-10-usd50-short",4,3001,4000,24261022
"materialize_bf_prior","adversarial","z","z-dpoint-10-usd50-short","z-bf01-normal-null0-pm10-psd20-on-z-dpoint-10-usd50-short",5,4001,5000,25261025
"materialize_bf_prior","adversarial","z","z-dpoint-10-usd50-short","z-bf01-normal-null0-pm10-psd20-on-z-dpoint-10-usd50-short",6,5001,6000,26261028
"materialize_bf_prior","adversarial","z","z-dpoint-10-usd50-short","z-bf01-normal-null0-pm10-psd20-on-z-dpoint-10-usd50-short",7,6001,7000,27261031
"materialize_bf_prior","adversarial","z","z-dpoint-10-usd50-short","z-bf01-normal-null0-pm10-psd20-on-z-dpoint-10-usd50-short",8,7001,8000,28261034
"materialize_bf_prior","adversarial","z","z-dpoint-10-usd50-short","z-bf01-normal-null0-pm10-psd20-on-z-dpoint-10-usd50-short",9,8001,9000,29261037
"materialize_bf_prior","adversarial","z","z-dpoint-10-usd50-short","z-bf01-normal-null0-pm10-psd20-on-z-dpoint-10-usd50-short",10,9001,10000,30261040
"materialize_bf_prior","adversarial","z","z-dpoint-10-usd50-short","z-bf01-normal-null0-pm0-psd20-on-z-dpoint-10-usd50-short",1,1,1000,21261013
"materialize_bf_prior","adversarial","z","z-dpoint-10-usd50-short","z-bf01-normal-null0-pm0-psd20-on-z-dpoint-10-usd50-short",2,1001,2000,22261016
"materialize_bf_prior","adversarial","z","z-dpoint-10-usd50-short","z-bf01-normal-null0-pm0-psd20-on-z-dpoint-10-usd50-short",3,2001,3000,23261019
"materialize_bf_prior","adversarial","z","z-dpoint-10-usd50-short","z-bf01-normal-null0-pm0-psd20-on-z-dpoint-10-usd50-short",4,3001,4000,24261022
"materialize_bf_prior","adversarial","z","z-dpoint-10-usd50-short","z-bf01-normal-null0-pm0-psd20-on-z-dpoint-10-usd50-short",5,4001,5000,25261025
"materialize_bf_prior","adversarial","z","z-dpoint-10-usd50-short","z-bf01-normal-null0-pm0-psd20-on-z-dpoint-10-usd50-short",6,5001,6000,26261028
"materialize_bf_prior","adversarial","z","z-dpoint-10-usd50-short","z-bf01-normal-null0-pm0-psd20-on-z-dpoint-10-usd50-short",7,6001,7000,27261031
"materialize_bf_prior","adversarial","z","z-dpoint-10-usd50-short","z-bf01-normal-null0-pm0-psd20-on-z-dpoint-10-usd50-short",8,7001,8000,28261034
"materialize_bf_prior","adversarial","z","z-dpoint-10-usd50-short","z-bf01-normal-null0-pm0-psd20-on-z-dpoint-10-usd50-short",9,8001,9000,29261037
"materialize_bf_prior","adversarial","z","z-dpoint-10-usd50-short","z-bf01-normal-null0-pm0-psd20-on-z-dpoint-10-usd50-short",10,9001,10000,30261040
"materialize_bf_prior","adversarial","z","z-dpoint-10-usd50-short","z-dirbf01-directional-normal-null0-pm0-psd20-on-z-dpoint-10-usd50-short",1,1,1000,21261013
"materialize_bf_prior","adversarial","z","z-dpoint-10-usd50-short","z-dirbf01-directional-normal-null0-pm0-psd20-on-z-dpoint-10-usd50-short",2,1001,2000,22261016
"materialize_bf_prior","adversarial","z","z-dpoint-10-usd50-short","z-dirbf01-directional-normal-null0-pm0-psd20-on-z-dpoint-10-usd50-short",3,2001,3000,23261019
"materialize_bf_prior","adversarial","z","z-dpoint-10-usd50-short","z-dirbf01-directional-normal-null0-pm0-psd20-on-z-dpoint-10-usd50-short",4,3001,4000,24261022
"materialize_bf_prior","adversarial","z","z-dpoint-10-usd50-short","z-dirbf01-directional-normal-null0-pm0-psd20-on-z-dpoint-10-usd50-short",5,4001,5000,25261025
"materialize_bf_prior","adversarial","z","z-dpoint-10-usd50-short","z-dirbf01-directional-normal-null0-pm0-psd20-on-z-dpoint-10-usd50-short",6,5001,6000,26261028
"materialize_bf_prior","adversarial","z","z-dpoint-10-usd50-short","z-dirbf01-directional-normal-null0-pm0-psd20-on-z-dpoint-10-usd50-short",7,6001,7000,27261031
"materialize_bf_prior","adversarial","z","z-dpoint-10-usd50-short","z-dirbf01-directional-normal-null0-pm0-psd20-on-z-dpoint-10-usd50-short",8,7001,8000,28261034
"materialize_bf_prior","adversarial","z","z-dpoint-10-usd50-short","z-dirbf01-directional-normal-null0-pm0-psd20-on-z-dpoint-10-usd50-short",9,8001,9000,29261037
"materialize_bf_prior","adversarial","z","z-dpoint-10-usd50-short","z-dirbf01-directional-normal-null0-pm0-psd20-on-z-dpoint-10-usd50-short",10,9001,10000,30261040
"materialize_bf_prior","adversarial","z","z-dpoint-10-usd50-short","z-nmbf01-moment-null0-psd7p07106781-on-z-dpoint-10-usd50-short",1,1,1000,21261013
"materialize_bf_prior","adversarial","z","z-dpoint-10-usd50-short","z-nmbf01-moment-null0-psd7p07106781-on-z-dpoint-10-usd50-short",2,1001,2000,22261016
"materialize_bf_prior","adversarial","z","z-dpoint-10-usd50-short","z-nmbf01-moment-null0-psd7p07106781-on-z-dpoint-10-usd50-short",3,2001,3000,23261019
"materialize_bf_prior","adversarial","z","z-dpoint-10-usd50-short","z-nmbf01-moment-null0-psd7p07106781-on-z-dpoint-10-usd50-short",4,3001,4000,24261022
"materialize_bf_prior","adversarial","z","z-dpoint-10-usd50-short","z-nmbf01-moment-null0-psd7p07106781-on-z-dpoint-10-usd50-short",5,4001,5000,25261025
"materialize_bf_prior","adversarial","z","z-dpoint-10-usd50-short","z-nmbf01-moment-null0-psd7p07106781-on-z-dpoint-10-usd50-short",6,5001,6000,26261028
"materialize_bf_prior","adversarial","z","z-dpoint-10-usd50-short","z-nmbf01-moment-null0-psd7p07106781-on-z-dpoint-10-usd50-short",7,6001,7000,27261031
"materialize_bf_prior","adversarial","z","z-dpoint-10-usd50-short","z-nmbf01-moment-null0-psd7p07106781-on-z-dpoint-10-usd50-short",8,7001,8000,28261034
"materialize_bf_prior","adversarial","z","z-dpoint-10-usd50-short","z-nmbf01-moment-null0-psd7p07106781-on-z-dpoint-10-usd50-short",9,8001,9000,29261037
"materialize_bf_prior","adversarial","z","z-dpoint-10-usd50-short","z-nmbf01-moment-null0-psd7p07106781-on-z-dpoint-10-usd50-short",10,9001,10000,30261040
"materialize_bf_prior","adversarial","z","z-dnorm-10-s20-usd50-short","z-bf01-point-null0-pm10-psd0-on-z-dnorm-10-s20-usd50-short",1,1,1000,21261014
"materialize_bf_prior","adversarial","z","z-dnorm-10-s20-usd50-short","z-bf01-point-null0-pm10-psd0-on-z-dnorm-10-s20-usd50-short",2,1001,2000,22261017
"materialize_bf_prior","adversarial","z","z-dnorm-10-s20-usd50-short","z-bf01-point-null0-pm10-psd0-on-z-dnorm-10-s20-usd50-short",3,2001,3000,23261020
"materialize_bf_prior","adversarial","z","z-dnorm-10-s20-usd50-short","z-bf01-point-null0-pm10-psd0-on-z-dnorm-10-s20-usd50-short",4,3001,4000,24261023
"materialize_bf_prior","adversarial","z","z-dnorm-10-s20-usd50-short","z-bf01-point-null0-pm10-psd0-on-z-dnorm-10-s20-usd50-short",5,4001,5000,25261026
"materialize_bf_prior","adversarial","z","z-dnorm-10-s20-usd50-short","z-bf01-point-null0-pm10-psd0-on-z-dnorm-10-s20-usd50-short",6,5001,6000,26261029
"materialize_bf_prior","adversarial","z","z-dnorm-10-s20-usd50-short","z-bf01-point-null0-pm10-psd0-on-z-dnorm-10-s20-usd50-short",7,6001,7000,27261032
"materialize_bf_prior","adversarial","z","z-dnorm-10-s20-usd50-short","z-bf01-point-null0-pm10-psd0-on-z-dnorm-10-s20-usd50-short",8,7001,8000,28261035
"materialize_bf_prior","adversarial","z","z-dnorm-10-s20-usd50-short","z-bf01-point-null0-pm10-psd0-on-z-dnorm-10-s20-usd50-short",9,8001,9000,29261038
"materialize_bf_prior","adversarial","z","z-dnorm-10-s20-usd50-short","z-bf01-point-null0-pm10-psd0-on-z-dnorm-10-s20-usd50-short",10,9001,10000,30261041
"materialize_bf_prior","adversarial","z","z-dnorm-10-s20-usd50-short","z-bf01-normal-null0-pm10-psd20-on-z-dnorm-10-s20-usd50-short",1,1,1000,21261014
"materialize_bf_prior","adversarial","z","z-dnorm-10-s20-usd50-short","z-bf01-normal-null0-pm10-psd20-on-z-dnorm-10-s20-usd50-short",2,1001,2000,22261017
"materialize_bf_prior","adversarial","z","z-dnorm-10-s20-usd50-short","z-bf01-normal-null0-pm10-psd20-on-z-dnorm-10-s20-usd50-short",3,2001,3000,23261020
"materialize_bf_prior","adversarial","z","z-dnorm-10-s20-usd50-short","z-bf01-normal-null0-pm10-psd20-on-z-dnorm-10-s20-usd50-short",4,3001,4000,24261023
"materialize_bf_prior","adversarial","z","z-dnorm-10-s20-usd50-short","z-bf01-normal-null0-pm10-psd20-on-z-dnorm-10-s20-usd50-short",5,4001,5000,25261026
"materialize_bf_prior","adversarial","z","z-dnorm-10-s20-usd50-short","z-bf01-normal-null0-pm10-psd20-on-z-dnorm-10-s20-usd50-short",6,5001,6000,26261029
"materialize_bf_prior","adversarial","z","z-dnorm-10-s20-usd50-short","z-bf01-normal-null0-pm10-psd20-on-z-dnorm-10-s20-usd50-short",7,6001,7000,27261032
"materialize_bf_prior","adversarial","z","z-dnorm-10-s20-usd50-short","z-bf01-normal-null0-pm10-psd20-on-z-dnorm-10-s20-usd50-short",8,7001,8000,28261035
"materialize_bf_prior","adversarial","z","z-dnorm-10-s20-usd50-short","z-bf01-normal-null0-pm10-psd20-on-z-dnorm-10-s20-usd50-short",9,8001,9000,29261038
"materialize_bf_prior","adversarial","z","z-dnorm-10-s20-usd50-short","z-bf01-normal-null0-pm10-psd20-on-z-dnorm-10-s20-usd50-short",10,9001,10000,30261041
"materialize_bf_prior","adversarial","z","z-dnorm-10-s20-usd50-short","z-bf01-normal-null0-pm0-psd20-on-z-dnorm-10-s20-usd50-short",1,1,1000,21261014
"materialize_bf_prior","adversarial","z","z-dnorm-10-s20-usd50-short","z-bf01-normal-null0-pm0-psd20-on-z-dnorm-10-s20-usd50-short",2,1001,2000,22261017
"materialize_bf_prior","adversarial","z","z-dnorm-10-s20-usd50-short","z-bf01-normal-null0-pm0-psd20-on-z-dnorm-10-s20-usd50-short",3,2001,3000,23261020
"materialize_bf_prior","adversarial","z","z-dnorm-10-s20-usd50-short","z-bf01-normal-null0-pm0-psd20-on-z-dnorm-10-s20-usd50-short",4,3001,4000,24261023
"materialize_bf_prior","adversarial","z","z-dnorm-10-s20-usd50-short","z-bf01-normal-null0-pm0-psd20-on-z-dnorm-10-s20-usd50-short",5,4001,5000,25261026
"materialize_bf_prior","adversarial","z","z-dnorm-10-s20-usd50-short","z-bf01-normal-null0-pm0-psd20-on-z-dnorm-10-s20-usd50-short",6,5001,6000,26261029
"materialize_bf_prior","adversarial","z","z-dnorm-10-s20-usd50-short","z-bf01-normal-null0-pm0-psd20-on-z-dnorm-10-s20-usd50-short",7,6001,7000,27261032
"materialize_bf_prior","adversarial","z","z-dnorm-10-s20-usd50-short","z-bf01-normal-null0-pm0-psd20-on-z-dnorm-10-s20-usd50-short",8,7001,8000,28261035
"materialize_bf_prior","adversarial","z","z-dnorm-10-s20-usd50-short","z-bf01-normal-null0-pm0-psd20-on-z-dnorm-10-s20-usd50-short",9,8001,9000,29261038
"materialize_bf_prior","adversarial","z","z-dnorm-10-s20-usd50-short","z-bf01-normal-null0-pm0-psd20-on-z-dnorm-10-s20-usd50-short",10,9001,10000,30261041
"materialize_bf_prior","adversarial","z","z-dnorm-10-s20-usd50-short","z-dirbf01-directional-normal-null0-pm0-psd20-on-z-dnorm-10-s20-usd50-short",1,1,1000,21261014
"materialize_bf_prior","adversarial","z","z-dnorm-10-s20-usd50-short","z-dirbf01-directional-normal-null0-pm0-psd20-on-z-dnorm-10-s20-usd50-short",2,1001,2000,22261017
"materialize_bf_prior","adversarial","z","z-dnorm-10-s20-usd50-short","z-dirbf01-directional-normal-null0-pm0-psd20-on-z-dnorm-10-s20-usd50-short",3,2001,3000,23261020
"materialize_bf_prior","adversarial","z","z-dnorm-10-s20-usd50-short","z-dirbf01-directional-normal-null0-pm0-psd20-on-z-dnorm-10-s20-usd50-short",4,3001,4000,24261023
"materialize_bf_prior","adversarial","z","z-dnorm-10-s20-usd50-short","z-dirbf01-directional-normal-null0-pm0-psd20-on-z-dnorm-10-s20-usd50-short",5,4001,5000,25261026
"materialize_bf_prior","adversarial","z","z-dnorm-10-s20-usd50-short","z-dirbf01-directional-normal-null0-pm0-psd20-on-z-dnorm-10-s20-usd50-short",6,5001,6000,26261029
"materialize_bf_prior","adversarial","z","z-dnorm-10-s20-usd50-short","z-dirbf01-directional-normal-null0-pm0-psd20-on-z-dnorm-10-s20-usd50-short",7,6001,7000,27261032
"materialize_bf_prior","adversarial","z","z-dnorm-10-s20-usd50-short","z-dirbf01-directional-normal-null0-pm0-psd20-on-z-dnorm-10-s20-usd50-short",8,7001,8000,28261035
"materialize_bf_prior","adversarial","z","z-dnorm-10-s20-usd50-short","z-dirbf01-directional-normal-null0-pm0-psd20-on-z-dnorm-10-s20-usd50-short",9,8001,9000,29261038
"materialize_bf_prior","adversarial","z","z-dnorm-10-s20-usd50-short","z-dirbf01-directional-normal-null0-pm0-psd20-on-z-dnorm-10-s20-usd50-short",10,9001,10000,30261041
"materialize_bf_prior","adversarial","z","z-dnorm-10-s20-usd50-short","z-nmbf01-moment-null0-psd7p07106781-on-z-dnorm-10-s20-usd50-short",1,1,1000,21261014
"materialize_bf_prior","adversarial","z","z-dnorm-10-s20-usd50-short","z-nmbf01-moment-null0-psd7p07106781-on-z-dnorm-10-s20-usd50-short",2,1001,2000,22261017
"materialize_bf_prior","adversarial","z","z-dnorm-10-s20-usd50-short","z-nmbf01-moment-null0-psd7p07106781-on-z-dnorm-10-s20-usd50-short",3,2001,3000,23261020
"materialize_bf_prior","adversarial","z","z-dnorm-10-s20-usd50-short","z-nmbf01-moment-null0-psd7p07106781-on-z-dnorm-10-s20-usd50-short",4,3001,4000,24261023
"materialize_bf_prior","adversarial","z","z-dnorm-10-s20-usd50-short","z-nmbf01-moment-null0-psd7p07106781-on-z-dnorm-10-s20-usd50-short",5,4001,5000,25261026
"materialize_bf_prior","adversarial","z","z-dnorm-10-s20-usd50-short","z-nmbf01-moment-null0-psd7p07106781-on-z-dnorm-10-s20-usd50-short",6,5001,6000,26261029
"materialize_bf_prior","adversarial","z","z-dnorm-10-s20-usd50-short","z-nmbf01-moment-null0-psd7p07106781-on-z-dnorm-10-s20-usd50-short",7,6001,7000,27261032
"materialize_bf_prior","adversarial","z","z-dnorm-10-s20-usd50-short","z-nmbf01-moment-null0-psd7p07106781-on-z-dnorm-10-s20-usd50-short",8,7001,8000,28261035
"materialize_bf_prior","adversarial","z","z-dnorm-10-s20-usd50-short","z-nmbf01-moment-null0-psd7p07106781-on-z-dnorm-10-s20-usd50-short",9,8001,9000,29261038
"materialize_bf_prior","adversarial","z","z-dnorm-10-s20-usd50-short","z-nmbf01-moment-null0-psd7p07106781-on-z-dnorm-10-s20-usd50-short",10,9001,10000,30261041
"materialize_bf_prior","short","z","z-dpoint-0p2-usd1-short","z-bf01-point-null0p2-pm0p5-psd0-on-z-dpoint-0p2-usd1-short",1,1,1000,21261005
"materialize_bf_prior","short","z","z-dpoint-0p2-usd1-short","z-bf01-point-null0p2-pm0p5-psd0-on-z-dpoint-0p2-usd1-short",2,1001,2000,22261008
"materialize_bf_prior","short","z","z-dpoint-0p2-usd1-short","z-bf01-point-null0p2-pm0p5-psd0-on-z-dpoint-0p2-usd1-short",3,2001,3000,23261011
"materialize_bf_prior","short","z","z-dpoint-0p2-usd1-short","z-bf01-point-null0p2-pm0p5-psd0-on-z-dpoint-0p2-usd1-short",4,3001,4000,24261014
"materialize_bf_prior","short","z","z-dpoint-0p2-usd1-short","z-bf01-point-null0p2-pm0p5-psd0-on-z-dpoint-0p2-usd1-short",5,4001,5000,25261017
"materialize_bf_prior","short","z","z-dpoint-0p2-usd1-short","z-bf01-point-null0p2-pm0p5-psd0-on-z-dpoint-0p2-usd1-short",6,5001,6000,26261020
"materialize_bf_prior","short","z","z-dpoint-0p2-usd1-short","z-bf01-point-null0p2-pm0p5-psd0-on-z-dpoint-0p2-usd1-short",7,6001,7000,27261023
"materialize_bf_prior","short","z","z-dpoint-0p2-usd1-short","z-bf01-point-null0p2-pm0p5-psd0-on-z-dpoint-0p2-usd1-short",8,7001,8000,28261026
"materialize_bf_prior","short","z","z-dpoint-0p2-usd1-short","z-bf01-point-null0p2-pm0p5-psd0-on-z-dpoint-0p2-usd1-short",9,8001,9000,29261029
"materialize_bf_prior","short","z","z-dpoint-0p2-usd1-short","z-bf01-point-null0p2-pm0p5-psd0-on-z-dpoint-0p2-usd1-short",10,9001,10000,30261032
"materialize_bf_prior","short","z","z-dpoint-0p2-usd1-short","z-bf01-normal-null0p2-pm0p2-psd0p70710678-on-z-dpoint-0p2-usd1-short",1,1,1000,21261005
"materialize_bf_prior","short","z","z-dpoint-0p2-usd1-short","z-bf01-normal-null0p2-pm0p2-psd0p70710678-on-z-dpoint-0p2-usd1-short",2,1001,2000,22261008
"materialize_bf_prior","short","z","z-dpoint-0p2-usd1-short","z-bf01-normal-null0p2-pm0p2-psd0p70710678-on-z-dpoint-0p2-usd1-short",3,2001,3000,23261011
"materialize_bf_prior","short","z","z-dpoint-0p2-usd1-short","z-bf01-normal-null0p2-pm0p2-psd0p70710678-on-z-dpoint-0p2-usd1-short",4,3001,4000,24261014
"materialize_bf_prior","short","z","z-dpoint-0p2-usd1-short","z-bf01-normal-null0p2-pm0p2-psd0p70710678-on-z-dpoint-0p2-usd1-short",5,4001,5000,25261017
"materialize_bf_prior","short","z","z-dpoint-0p2-usd1-short","z-bf01-normal-null0p2-pm0p2-psd0p70710678-on-z-dpoint-0p2-usd1-short",6,5001,6000,26261020
"materialize_bf_prior","short","z","z-dpoint-0p2-usd1-short","z-bf01-normal-null0p2-pm0p2-psd0p70710678-on-z-dpoint-0p2-usd1-short",7,6001,7000,27261023
"materialize_bf_prior","short","z","z-dpoint-0p2-usd1-short","z-bf01-normal-null0p2-pm0p2-psd0p70710678-on-z-dpoint-0p2-usd1-short",8,7001,8000,28261026
"materialize_bf_prior","short","z","z-dpoint-0p2-usd1-short","z-bf01-normal-null0p2-pm0p2-psd0p70710678-on-z-dpoint-0p2-usd1-short",9,8001,9000,29261029
"materialize_bf_prior","short","z","z-dpoint-0p2-usd1-short","z-bf01-normal-null0p2-pm0p2-psd0p70710678-on-z-dpoint-0p2-usd1-short",10,9001,10000,30261032
"materialize_bf_prior","short","z","z-dpoint-0p2-usd1-short","z-dirbf01-directional-normal-null0p2-pm0p2-psd0p70710678-on-z-dpoint-0p2-usd1-short",1,1,1000,21261005
"materialize_bf_prior","short","z","z-dpoint-0p2-usd1-short","z-dirbf01-directional-normal-null0p2-pm0p2-psd0p70710678-on-z-dpoint-0p2-usd1-short",2,1001,2000,22261008
"materialize_bf_prior","short","z","z-dpoint-0p2-usd1-short","z-dirbf01-directional-normal-null0p2-pm0p2-psd0p70710678-on-z-dpoint-0p2-usd1-short",3,2001,3000,23261011
"materialize_bf_prior","short","z","z-dpoint-0p2-usd1-short","z-dirbf01-directional-normal-null0p2-pm0p2-psd0p70710678-on-z-dpoint-0p2-usd1-short",4,3001,4000,24261014
"materialize_bf_prior","short","z","z-dpoint-0p2-usd1-short","z-dirbf01-directional-normal-null0p2-pm0p2-psd0p70710678-on-z-dpoint-0p2-usd1-short",5,4001,5000,25261017
"materialize_bf_prior","short","z","z-dpoint-0p2-usd1-short","z-dirbf01-directional-normal-null0p2-pm0p2-psd0p70710678-on-z-dpoint-0p2-usd1-short",6,5001,6000,26261020
"materialize_bf_prior","short","z","z-dpoint-0p2-usd1-short","z-dirbf01-directional-normal-null0p2-pm0p2-psd0p70710678-on-z-dpoint-0p2-usd1-short",7,6001,7000,27261023
"materialize_bf_prior","short","z","z-dpoint-0p2-usd1-short","z-dirbf01-directional-normal-null0p2-pm0p2-psd0p70710678-on-z-dpoint-0p2-usd1-short",8,7001,8000,28261026
"materialize_bf_prior","short","z","z-dpoint-0p2-usd1-short","z-dirbf01-directional-normal-null0p2-pm0p2-psd0p70710678-on-z-dpoint-0p2-usd1-short",9,8001,9000,29261029
"materialize_bf_prior","short","z","z-dpoint-0p2-usd1-short","z-dirbf01-directional-normal-null0p2-pm0p2-psd0p70710678-on-z-dpoint-0p2-usd1-short",10,9001,10000,30261032
"materialize_bf_prior","short","z","z-dpoint-0p2-usd1-short","z-nmbf01-moment-null0p2-psd0p35355339-on-z-dpoint-0p2-usd1-short",1,1,1000,21261005
"materialize_bf_prior","short","z","z-dpoint-0p2-usd1-short","z-nmbf01-moment-null0p2-psd0p35355339-on-z-dpoint-0p2-usd1-short",2,1001,2000,22261008
"materialize_bf_prior","short","z","z-dpoint-0p2-usd1-short","z-nmbf01-moment-null0p2-psd0p35355339-on-z-dpoint-0p2-usd1-short",3,2001,3000,23261011
"materialize_bf_prior","short","z","z-dpoint-0p2-usd1-short","z-nmbf01-moment-null0p2-psd0p35355339-on-z-dpoint-0p2-usd1-short",4,3001,4000,24261014
"materialize_bf_prior","short","z","z-dpoint-0p2-usd1-short","z-nmbf01-moment-null0p2-psd0p35355339-on-z-dpoint-0p2-usd1-short",5,4001,5000,25261017
"materialize_bf_prior","short","z","z-dpoint-0p2-usd1-short","z-nmbf01-moment-null0p2-psd0p35355339-on-z-dpoint-0p2-usd1-short",6,5001,6000,26261020
"materialize_bf_prior","short","z","z-dpoint-0p2-usd1-short","z-nmbf01-moment-null0p2-psd0p35355339-on-z-dpoint-0p2-usd1-short",7,6001,7000,27261023
"materialize_bf_prior","short","z","z-dpoint-0p2-usd1-short","z-nmbf01-moment-null0p2-psd0p35355339-on-z-dpoint-0p2-usd1-short",8,7001,8000,28261026
"materialize_bf_prior","short","z","z-dpoint-0p2-usd1-short","z-nmbf01-moment-null0p2-psd0p35355339-on-z-dpoint-0p2-usd1-short",9,8001,9000,29261029
"materialize_bf_prior","short","z","z-dpoint-0p2-usd1-short","z-nmbf01-moment-null0p2-psd0p35355339-on-z-dpoint-0p2-usd1-short",10,9001,10000,30261032
"materialize_bf_prior","short","z","z-dpoint-0p5-usd1-short","z-bf01-point-null0p2-pm0p5-psd0-on-z-dpoint-0p5-usd1-short",1,1,1000,21261006
"materialize_bf_prior","short","z","z-dpoint-0p5-usd1-short","z-bf01-point-null0p2-pm0p5-psd0-on-z-dpoint-0p5-usd1-short",2,1001,2000,22261009
"materialize_bf_prior","short","z","z-dpoint-0p5-usd1-short","z-bf01-point-null0p2-pm0p5-psd0-on-z-dpoint-0p5-usd1-short",3,2001,3000,23261012
"materialize_bf_prior","short","z","z-dpoint-0p5-usd1-short","z-bf01-point-null0p2-pm0p5-psd0-on-z-dpoint-0p5-usd1-short",4,3001,4000,24261015
"materialize_bf_prior","short","z","z-dpoint-0p5-usd1-short","z-bf01-point-null0p2-pm0p5-psd0-on-z-dpoint-0p5-usd1-short",5,4001,5000,25261018
"materialize_bf_prior","short","z","z-dpoint-0p5-usd1-short","z-bf01-point-null0p2-pm0p5-psd0-on-z-dpoint-0p5-usd1-short",6,5001,6000,26261021
"materialize_bf_prior","short","z","z-dpoint-0p5-usd1-short","z-bf01-point-null0p2-pm0p5-psd0-on-z-dpoint-0p5-usd1-short",7,6001,7000,27261024
"materialize_bf_prior","short","z","z-dpoint-0p5-usd1-short","z-bf01-point-null0p2-pm0p5-psd0-on-z-dpoint-0p5-usd1-short",8,7001,8000,28261027
"materialize_bf_prior","short","z","z-dpoint-0p5-usd1-short","z-bf01-point-null0p2-pm0p5-psd0-on-z-dpoint-0p5-usd1-short",9,8001,9000,29261030
"materialize_bf_prior","short","z","z-dpoint-0p5-usd1-short","z-bf01-point-null0p2-pm0p5-psd0-on-z-dpoint-0p5-usd1-short",10,9001,10000,30261033
"materialize_bf_prior","short","z","z-dpoint-0p5-usd1-short","z-bf01-normal-null0p2-pm0p2-psd0p70710678-on-z-dpoint-0p5-usd1-short",1,1,1000,21261006
"materialize_bf_prior","short","z","z-dpoint-0p5-usd1-short","z-bf01-normal-null0p2-pm0p2-psd0p70710678-on-z-dpoint-0p5-usd1-short",2,1001,2000,22261009
"materialize_bf_prior","short","z","z-dpoint-0p5-usd1-short","z-bf01-normal-null0p2-pm0p2-psd0p70710678-on-z-dpoint-0p5-usd1-short",3,2001,3000,23261012
"materialize_bf_prior","short","z","z-dpoint-0p5-usd1-short","z-bf01-normal-null0p2-pm0p2-psd0p70710678-on-z-dpoint-0p5-usd1-short",4,3001,4000,24261015
"materialize_bf_prior","short","z","z-dpoint-0p5-usd1-short","z-bf01-normal-null0p2-pm0p2-psd0p70710678-on-z-dpoint-0p5-usd1-short",5,4001,5000,25261018
"materialize_bf_prior","short","z","z-dpoint-0p5-usd1-short","z-bf01-normal-null0p2-pm0p2-psd0p70710678-on-z-dpoint-0p5-usd1-short",6,5001,6000,26261021
"materialize_bf_prior","short","z","z-dpoint-0p5-usd1-short","z-bf01-normal-null0p2-pm0p2-psd0p70710678-on-z-dpoint-0p5-usd1-short",7,6001,7000,27261024
"materialize_bf_prior","short","z","z-dpoint-0p5-usd1-short","z-bf01-normal-null0p2-pm0p2-psd0p70710678-on-z-dpoint-0p5-usd1-short",8,7001,8000,28261027
"materialize_bf_prior","short","z","z-dpoint-0p5-usd1-short","z-bf01-normal-null0p2-pm0p2-psd0p70710678-on-z-dpoint-0p5-usd1-short",9,8001,9000,29261030
"materialize_bf_prior","short","z","z-dpoint-0p5-usd1-short","z-bf01-normal-null0p2-pm0p2-psd0p70710678-on-z-dpoint-0p5-usd1-short",10,9001,10000,30261033
"materialize_bf_prior","short","z","z-dpoint-0p5-usd1-short","z-dirbf01-directional-normal-null0p2-pm0p2-psd0p70710678-on-z-dpoint-0p5-usd1-short",1,1,1000,21261006
"materialize_bf_prior","short","z","z-dpoint-0p5-usd1-short","z-dirbf01-directional-normal-null0p2-pm0p2-psd0p70710678-on-z-dpoint-0p5-usd1-short",2,1001,2000,22261009
"materialize_bf_prior","short","z","z-dpoint-0p5-usd1-short","z-dirbf01-directional-normal-null0p2-pm0p2-psd0p70710678-on-z-dpoint-0p5-usd1-short",3,2001,3000,23261012
"materialize_bf_prior","short","z","z-dpoint-0p5-usd1-short","z-dirbf01-directional-normal-null0p2-pm0p2-psd0p70710678-on-z-dpoint-0p5-usd1-short",4,3001,4000,24261015
"materialize_bf_prior","short","z","z-dpoint-0p5-usd1-short","z-dirbf01-directional-normal-null0p2-pm0p2-psd0p70710678-on-z-dpoint-0p5-usd1-short",5,4001,5000,25261018
"materialize_bf_prior","short","z","z-dpoint-0p5-usd1-short","z-dirbf01-directional-normal-null0p2-pm0p2-psd0p70710678-on-z-dpoint-0p5-usd1-short",6,5001,6000,26261021
"materialize_bf_prior","short","z","z-dpoint-0p5-usd1-short","z-dirbf01-directional-normal-null0p2-pm0p2-psd0p70710678-on-z-dpoint-0p5-usd1-short",7,6001,7000,27261024
"materialize_bf_prior","short","z","z-dpoint-0p5-usd1-short","z-dirbf01-directional-normal-null0p2-pm0p2-psd0p70710678-on-z-dpoint-0p5-usd1-short",8,7001,8000,28261027
"materialize_bf_prior","short","z","z-dpoint-0p5-usd1-short","z-dirbf01-directional-normal-null0p2-pm0p2-psd0p70710678-on-z-dpoint-0p5-usd1-short",9,8001,9000,29261030
"materialize_bf_prior","short","z","z-dpoint-0p5-usd1-short","z-dirbf01-directional-normal-null0p2-pm0p2-psd0p70710678-on-z-dpoint-0p5-usd1-short",10,9001,10000,30261033
"materialize_bf_prior","short","z","z-dpoint-0p5-usd1-short","z-nmbf01-moment-null0p2-psd0p35355339-on-z-dpoint-0p5-usd1-short",1,1,1000,21261006
"materialize_bf_prior","short","z","z-dpoint-0p5-usd1-short","z-nmbf01-moment-null0p2-psd0p35355339-on-z-dpoint-0p5-usd1-short",2,1001,2000,22261009
"materialize_bf_prior","short","z","z-dpoint-0p5-usd1-short","z-nmbf01-moment-null0p2-psd0p35355339-on-z-dpoint-0p5-usd1-short",3,2001,3000,23261012
"materialize_bf_prior","short","z","z-dpoint-0p5-usd1-short","z-nmbf01-moment-null0p2-psd0p35355339-on-z-dpoint-0p5-usd1-short",4,3001,4000,24261015
"materialize_bf_prior","short","z","z-dpoint-0p5-usd1-short","z-nmbf01-moment-null0p2-psd0p35355339-on-z-dpoint-0p5-usd1-short",5,4001,5000,25261018
"materialize_bf_prior","short","z","z-dpoint-0p5-usd1-short","z-nmbf01-moment-null0p2-psd0p35355339-on-z-dpoint-0p5-usd1-short",6,5001,6000,26261021
"materialize_bf_prior","short","z","z-dpoint-0p5-usd1-short","z-nmbf01-moment-null0p2-psd0p35355339-on-z-dpoint-0p5-usd1-short",7,6001,7000,27261024
"materialize_bf_prior","short","z","z-dpoint-0p5-usd1-short","z-nmbf01-moment-null0p2-psd0p35355339-on-z-dpoint-0p5-usd1-short",8,7001,8000,28261027
"materialize_bf_prior","short","z","z-dpoint-0p5-usd1-short","z-nmbf01-moment-null0p2-psd0p35355339-on-z-dpoint-0p5-usd1-short",9,8001,9000,29261030
"materialize_bf_prior","short","z","z-dpoint-0p5-usd1-short","z-nmbf01-moment-null0p2-psd0p35355339-on-z-dpoint-0p5-usd1-short",10,9001,10000,30261033
"materialize_bf_prior","short","z","z-dnorm-0p5-s0p1-usd1-short","z-bf01-point-null0p2-pm0p5-psd0-on-z-dnorm-0p5-s0p1-usd1-short",1,1,1000,21261007
"materialize_bf_prior","short","z","z-dnorm-0p5-s0p1-usd1-short","z-bf01-point-null0p2-pm0p5-psd0-on-z-dnorm-0p5-s0p1-usd1-short",2,1001,2000,22261010
"materialize_bf_prior","short","z","z-dnorm-0p5-s0p1-usd1-short","z-bf01-point-null0p2-pm0p5-psd0-on-z-dnorm-0p5-s0p1-usd1-short",3,2001,3000,23261013
"materialize_bf_prior","short","z","z-dnorm-0p5-s0p1-usd1-short","z-bf01-point-null0p2-pm0p5-psd0-on-z-dnorm-0p5-s0p1-usd1-short",4,3001,4000,24261016
"materialize_bf_prior","short","z","z-dnorm-0p5-s0p1-usd1-short","z-bf01-point-null0p2-pm0p5-psd0-on-z-dnorm-0p5-s0p1-usd1-short",5,4001,5000,25261019
"materialize_bf_prior","short","z","z-dnorm-0p5-s0p1-usd1-short","z-bf01-point-null0p2-pm0p5-psd0-on-z-dnorm-0p5-s0p1-usd1-short",6,5001,6000,26261022
"materialize_bf_prior","short","z","z-dnorm-0p5-s0p1-usd1-short","z-bf01-point-null0p2-pm0p5-psd0-on-z-dnorm-0p5-s0p1-usd1-short",7,6001,7000,27261025
"materialize_bf_prior","short","z","z-dnorm-0p5-s0p1-usd1-short","z-bf01-point-null0p2-pm0p5-psd0-on-z-dnorm-0p5-s0p1-usd1-short",8,7001,8000,28261028
"materialize_bf_prior","short","z","z-dnorm-0p5-s0p1-usd1-short","z-bf01-point-null0p2-pm0p5-psd0-on-z-dnorm-0p5-s0p1-usd1-short",9,8001,9000,29261031
"materialize_bf_prior","short","z","z-dnorm-0p5-s0p1-usd1-short","z-bf01-point-null0p2-pm0p5-psd0-on-z-dnorm-0p5-s0p1-usd1-short",10,9001,10000,30261034
"materialize_bf_prior","short","z","z-dnorm-0p5-s0p1-usd1-short","z-bf01-normal-null0p2-pm0p2-psd0p70710678-on-z-dnorm-0p5-s0p1-usd1-short",1,1,1000,21261007
"materialize_bf_prior","short","z","z-dnorm-0p5-s0p1-usd1-short","z-bf01-normal-null0p2-pm0p2-psd0p70710678-on-z-dnorm-0p5-s0p1-usd1-short",2,1001,2000,22261010
"materialize_bf_prior","short","z","z-dnorm-0p5-s0p1-usd1-short","z-bf01-normal-null0p2-pm0p2-psd0p70710678-on-z-dnorm-0p5-s0p1-usd1-short",3,2001,3000,23261013
"materialize_bf_prior","short","z","z-dnorm-0p5-s0p1-usd1-short","z-bf01-normal-null0p2-pm0p2-psd0p70710678-on-z-dnorm-0p5-s0p1-usd1-short",4,3001,4000,24261016
"materialize_bf_prior","short","z","z-dnorm-0p5-s0p1-usd1-short","z-bf01-normal-null0p2-pm0p2-psd0p70710678-on-z-dnorm-0p5-s0p1-usd1-short",5,4001,5000,25261019
"materialize_bf_prior","short","z","z-dnorm-0p5-s0p1-usd1-short","z-bf01-normal-null0p2-pm0p2-psd0p70710678-on-z-dnorm-0p5-s0p1-usd1-short",6,5001,6000,26261022
"materialize_bf_prior","short","z","z-dnorm-0p5-s0p1-usd1-short","z-bf01-normal-null0p2-pm0p2-psd0p70710678-on-z-dnorm-0p5-s0p1-usd1-short",7,6001,7000,27261025
"materialize_bf_prior","short","z","z-dnorm-0p5-s0p1-usd1-short","z-bf01-normal-null0p2-pm0p2-psd0p70710678-on-z-dnorm-0p5-s0p1-usd1-short",8,7001,8000,28261028
"materialize_bf_prior","short","z","z-dnorm-0p5-s0p1-usd1-short","z-bf01-normal-null0p2-pm0p2-psd0p70710678-on-z-dnorm-0p5-s0p1-usd1-short",9,8001,9000,29261031
"materialize_bf_prior","short","z","z-dnorm-0p5-s0p1-usd1-short","z-bf01-normal-null0p2-pm0p2-psd0p70710678-on-z-dnorm-0p5-s0p1-usd1-short",10,9001,10000,30261034
"materialize_bf_prior","short","z","z-dnorm-0p5-s0p1-usd1-short","z-dirbf01-directional-normal-null0p2-pm0p2-psd0p70710678-on-z-dnorm-0p5-s0p1-usd1-short",1,1,1000,21261007
"materialize_bf_prior","short","z","z-dnorm-0p5-s0p1-usd1-short","z-dirbf01-directional-normal-null0p2-pm0p2-psd0p70710678-on-z-dnorm-0p5-s0p1-usd1-short",2,1001,2000,22261010
"materialize_bf_prior","short","z","z-dnorm-0p5-s0p1-usd1-short","z-dirbf01-directional-normal-null0p2-pm0p2-psd0p70710678-on-z-dnorm-0p5-s0p1-usd1-short",3,2001,3000,23261013
"materialize_bf_prior","short","z","z-dnorm-0p5-s0p1-usd1-short","z-dirbf01-directional-normal-null0p2-pm0p2-psd0p70710678-on-z-dnorm-0p5-s0p1-usd1-short",4,3001,4000,24261016
"materialize_bf_prior","short","z","z-dnorm-0p5-s0p1-usd1-short","z-dirbf01-directional-normal-null0p2-pm0p2-psd0p70710678-on-z-dnorm-0p5-s0p1-usd1-short",5,4001,5000,25261019
"materialize_bf_prior","short","z","z-dnorm-0p5-s0p1-usd1-short","z-dirbf01-directional-normal-null0p2-pm0p2-psd0p70710678-on-z-dnorm-0p5-s0p1-usd1-short",6,5001,6000,26261022
"materialize_bf_prior","short","z","z-dnorm-0p5-s0p1-usd1-short","z-dirbf01-directional-normal-null0p2-pm0p2-psd0p70710678-on-z-dnorm-0p5-s0p1-usd1-short",7,6001,7000,27261025
"materialize_bf_prior","short","z","z-dnorm-0p5-s0p1-usd1-short","z-dirbf01-directional-normal-null0p2-pm0p2-psd0p70710678-on-z-dnorm-0p5-s0p1-usd1-short",8,7001,8000,28261028
"materialize_bf_prior","short","z","z-dnorm-0p5-s0p1-usd1-short","z-dirbf01-directional-normal-null0p2-pm0p2-psd0p70710678-on-z-dnorm-0p5-s0p1-usd1-short",9,8001,9000,29261031
"materialize_bf_prior","short","z","z-dnorm-0p5-s0p1-usd1-short","z-dirbf01-directional-normal-null0p2-pm0p2-psd0p70710678-on-z-dnorm-0p5-s0p1-usd1-short",10,9001,10000,30261034
"materialize_bf_prior","short","z","z-dnorm-0p5-s0p1-usd1-short","z-nmbf01-moment-null0p2-psd0p35355339-on-z-dnorm-0p5-s0p1-usd1-short",1,1,1000,21261007
"materialize_bf_prior","short","z","z-dnorm-0p5-s0p1-usd1-short","z-nmbf01-moment-null0p2-psd0p35355339-on-z-dnorm-0p5-s0p1-usd1-short",2,1001,2000,22261010
"materialize_bf_prior","short","z","z-dnorm-0p5-s0p1-usd1-short","z-nmbf01-moment-null0p2-psd0p35355339-on-z-dnorm-0p5-s0p1-usd1-short",3,2001,3000,23261013
"materialize_bf_prior","short","z","z-dnorm-0p5-s0p1-usd1-short","z-nmbf01-moment-null0p2-psd0p35355339-on-z-dnorm-0p5-s0p1-usd1-short",4,3001,4000,24261016
"materialize_bf_prior","short","z","z-dnorm-0p5-s0p1-usd1-short","z-nmbf01-moment-null0p2-psd0p35355339-on-z-dnorm-0p5-s0p1-usd1-short",5,4001,5000,25261019
"materialize_bf_prior","short","z","z-dnorm-0p5-s0p1-usd1-short","z-nmbf01-moment-null0p2-psd0p35355339-on-z-dnorm-0p5-s0p1-usd1-short",6,5001,6000,26261022
"materialize_bf_prior","short","z","z-dnorm-0p5-s0p1-usd1-short","z-nmbf01-moment-null0p2-psd0p35355339-on-z-dnorm-0p5-s0p1-usd1-short",7,6001,7000,27261025
"materialize_bf_prior","short","z","z-dnorm-0p5-s0p1-usd1-short","z-nmbf01-moment-null0p2-psd0p35355339-on-z-dnorm-0p5-s0p1-usd1-short",8,7001,8000,28261028
"materialize_bf_prior","short","z","z-dnorm-0p5-s0p1-usd1-short","z-nmbf01-moment-null0p2-psd0p35355339-on-z-dnorm-0p5-s0p1-usd1-short",9,8001,9000,29261031
"materialize_bf_prior","short","z","z-dnorm-0p5-s0p1-usd1-short","z-nmbf01-moment-null0p2-psd0p35355339-on-z-dnorm-0p5-s0p1-usd1-short",10,9001,10000,30261034
"materialize_bf_prior","short","z","z-dnorm-0p2-s0p3-usd1-short","z-bf01-point-null0p2-pm0p5-psd0-on-z-dnorm-0p2-s0p3-usd1-short",1,1,1000,21261008
"materialize_bf_prior","short","z","z-dnorm-0p2-s0p3-usd1-short","z-bf01-point-null0p2-pm0p5-psd0-on-z-dnorm-0p2-s0p3-usd1-short",2,1001,2000,22261011
"materialize_bf_prior","short","z","z-dnorm-0p2-s0p3-usd1-short","z-bf01-point-null0p2-pm0p5-psd0-on-z-dnorm-0p2-s0p3-usd1-short",3,2001,3000,23261014
"materialize_bf_prior","short","z","z-dnorm-0p2-s0p3-usd1-short","z-bf01-point-null0p2-pm0p5-psd0-on-z-dnorm-0p2-s0p3-usd1-short",4,3001,4000,24261017
"materialize_bf_prior","short","z","z-dnorm-0p2-s0p3-usd1-short","z-bf01-point-null0p2-pm0p5-psd0-on-z-dnorm-0p2-s0p3-usd1-short",5,4001,5000,25261020
"materialize_bf_prior","short","z","z-dnorm-0p2-s0p3-usd1-short","z-bf01-point-null0p2-pm0p5-psd0-on-z-dnorm-0p2-s0p3-usd1-short",6,5001,6000,26261023
"materialize_bf_prior","short","z","z-dnorm-0p2-s0p3-usd1-short","z-bf01-point-null0p2-pm0p5-psd0-on-z-dnorm-0p2-s0p3-usd1-short",7,6001,7000,27261026
"materialize_bf_prior","short","z","z-dnorm-0p2-s0p3-usd1-short","z-bf01-point-null0p2-pm0p5-psd0-on-z-dnorm-0p2-s0p3-usd1-short",8,7001,8000,28261029
"materialize_bf_prior","short","z","z-dnorm-0p2-s0p3-usd1-short","z-bf01-point-null0p2-pm0p5-psd0-on-z-dnorm-0p2-s0p3-usd1-short",9,8001,9000,29261032
"materialize_bf_prior","short","z","z-dnorm-0p2-s0p3-usd1-short","z-bf01-point-null0p2-pm0p5-psd0-on-z-dnorm-0p2-s0p3-usd1-short",10,9001,10000,30261035
"materialize_bf_prior","short","z","z-dnorm-0p2-s0p3-usd1-short","z-bf01-normal-null0p2-pm0p2-psd0p70710678-on-z-dnorm-0p2-s0p3-usd1-short",1,1,1000,21261008
"materialize_bf_prior","short","z","z-dnorm-0p2-s0p3-usd1-short","z-bf01-normal-null0p2-pm0p2-psd0p70710678-on-z-dnorm-0p2-s0p3-usd1-short",2,1001,2000,22261011
"materialize_bf_prior","short","z","z-dnorm-0p2-s0p3-usd1-short","z-bf01-normal-null0p2-pm0p2-psd0p70710678-on-z-dnorm-0p2-s0p3-usd1-short",3,2001,3000,23261014
"materialize_bf_prior","short","z","z-dnorm-0p2-s0p3-usd1-short","z-bf01-normal-null0p2-pm0p2-psd0p70710678-on-z-dnorm-0p2-s0p3-usd1-short",4,3001,4000,24261017
"materialize_bf_prior","short","z","z-dnorm-0p2-s0p3-usd1-short","z-bf01-normal-null0p2-pm0p2-psd0p70710678-on-z-dnorm-0p2-s0p3-usd1-short",5,4001,5000,25261020
"materialize_bf_prior","short","z","z-dnorm-0p2-s0p3-usd1-short","z-bf01-normal-null0p2-pm0p2-psd0p70710678-on-z-dnorm-0p2-s0p3-usd1-short",6,5001,6000,26261023
"materialize_bf_prior","short","z","z-dnorm-0p2-s0p3-usd1-short","z-bf01-normal-null0p2-pm0p2-psd0p70710678-on-z-dnorm-0p2-s0p3-usd1-short",7,6001,7000,27261026
"materialize_bf_prior","short","z","z-dnorm-0p2-s0p3-usd1-short","z-bf01-normal-null0p2-pm0p2-psd0p70710678-on-z-dnorm-0p2-s0p3-usd1-short",8,7001,8000,28261029
"materialize_bf_prior","short","z","z-dnorm-0p2-s0p3-usd1-short","z-bf01-normal-null0p2-pm0p2-psd0p70710678-on-z-dnorm-0p2-s0p3-usd1-short",9,8001,9000,29261032
"materialize_bf_prior","short","z","z-dnorm-0p2-s0p3-usd1-short","z-bf01-normal-null0p2-pm0p2-psd0p70710678-on-z-dnorm-0p2-s0p3-usd1-short",10,9001,10000,30261035
"materialize_bf_prior","short","z","z-dnorm-0p2-s0p3-usd1-short","z-dirbf01-directional-normal-null0p2-pm0p2-psd0p70710678-on-z-dnorm-0p2-s0p3-usd1-short",1,1,1000,21261008
"materialize_bf_prior","short","z","z-dnorm-0p2-s0p3-usd1-short","z-dirbf01-directional-normal-null0p2-pm0p2-psd0p70710678-on-z-dnorm-0p2-s0p3-usd1-short",2,1001,2000,22261011
"materialize_bf_prior","short","z","z-dnorm-0p2-s0p3-usd1-short","z-dirbf01-directional-normal-null0p2-pm0p2-psd0p70710678-on-z-dnorm-0p2-s0p3-usd1-short",3,2001,3000,23261014
"materialize_bf_prior","short","z","z-dnorm-0p2-s0p3-usd1-short","z-dirbf01-directional-normal-null0p2-pm0p2-psd0p70710678-on-z-dnorm-0p2-s0p3-usd1-short",4,3001,4000,24261017
"materialize_bf_prior","short","z","z-dnorm-0p2-s0p3-usd1-short","z-dirbf01-directional-normal-null0p2-pm0p2-psd0p70710678-on-z-dnorm-0p2-s0p3-usd1-short",5,4001,5000,25261020
"materialize_bf_prior","short","z","z-dnorm-0p2-s0p3-usd1-short","z-dirbf01-directional-normal-null0p2-pm0p2-psd0p70710678-on-z-dnorm-0p2-s0p3-usd1-short",6,5001,6000,26261023
"materialize_bf_prior","short","z","z-dnorm-0p2-s0p3-usd1-short","z-dirbf01-directional-normal-null0p2-pm0p2-psd0p70710678-on-z-dnorm-0p2-s0p3-usd1-short",7,6001,7000,27261026
"materialize_bf_prior","short","z","z-dnorm-0p2-s0p3-usd1-short","z-dirbf01-directional-normal-null0p2-pm0p2-psd0p70710678-on-z-dnorm-0p2-s0p3-usd1-short",8,7001,8000,28261029
"materialize_bf_prior","short","z","z-dnorm-0p2-s0p3-usd1-short","z-dirbf01-directional-normal-null0p2-pm0p2-psd0p70710678-on-z-dnorm-0p2-s0p3-usd1-short",9,8001,9000,29261032
"materialize_bf_prior","short","z","z-dnorm-0p2-s0p3-usd1-short","z-dirbf01-directional-normal-null0p2-pm0p2-psd0p70710678-on-z-dnorm-0p2-s0p3-usd1-short",10,9001,10000,30261035
"materialize_bf_prior","short","z","z-dnorm-0p2-s0p3-usd1-short","z-nmbf01-moment-null0p2-psd0p35355339-on-z-dnorm-0p2-s0p3-usd1-short",1,1,1000,21261008
"materialize_bf_prior","short","z","z-dnorm-0p2-s0p3-usd1-short","z-nmbf01-moment-null0p2-psd0p35355339-on-z-dnorm-0p2-s0p3-usd1-short",2,1001,2000,22261011
"materialize_bf_prior","short","z","z-dnorm-0p2-s0p3-usd1-short","z-nmbf01-moment-null0p2-psd0p35355339-on-z-dnorm-0p2-s0p3-usd1-short",3,2001,3000,23261014
"materialize_bf_prior","short","z","z-dnorm-0p2-s0p3-usd1-short","z-nmbf01-moment-null0p2-psd0p35355339-on-z-dnorm-0p2-s0p3-usd1-short",4,3001,4000,24261017
"materialize_bf_prior","short","z","z-dnorm-0p2-s0p3-usd1-short","z-nmbf01-moment-null0p2-psd0p35355339-on-z-dnorm-0p2-s0p3-usd1-short",5,4001,5000,25261020
"materialize_bf_prior","short","z","z-dnorm-0p2-s0p3-usd1-short","z-nmbf01-moment-null0p2-psd0p35355339-on-z-dnorm-0p2-s0p3-usd1-short",6,5001,6000,26261023
"materialize_bf_prior","short","z","z-dnorm-0p2-s0p3-usd1-short","z-nmbf01-moment-null0p2-psd0p35355339-on-z-dnorm-0p2-s0p3-usd1-short",7,6001,7000,27261026
"materialize_bf_prior","short","z","z-dnorm-0p2-s0p3-usd1-short","z-nmbf01-moment-null0p2-psd0p35355339-on-z-dnorm-0p2-s0p3-usd1-short",8,7001,8000,28261029
"materialize_bf_prior","short","z","z-dnorm-0p2-s0p3-usd1-short","z-nmbf01-moment-null0p2-psd0p35355339-on-z-dnorm-0p2-s0p3-usd1-short",9,8001,9000,29261032
"materialize_bf_prior","short","z","z-dnorm-0p2-s0p3-usd1-short","z-nmbf01-moment-null0p2-psd0p35355339-on-z-dnorm-0p2-s0p3-usd1-short",10,9001,10000,30261035
"materialize_bf_prior","short","z","z-dnorm-0p2-s0p5-usd1-short","z-bf01-point-null0p2-pm0p5-psd0-on-z-dnorm-0p2-s0p5-usd1-short",1,1,1000,21261009
"materialize_bf_prior","short","z","z-dnorm-0p2-s0p5-usd1-short","z-bf01-point-null0p2-pm0p5-psd0-on-z-dnorm-0p2-s0p5-usd1-short",2,1001,2000,22261012
"materialize_bf_prior","short","z","z-dnorm-0p2-s0p5-usd1-short","z-bf01-point-null0p2-pm0p5-psd0-on-z-dnorm-0p2-s0p5-usd1-short",3,2001,3000,23261015
"materialize_bf_prior","short","z","z-dnorm-0p2-s0p5-usd1-short","z-bf01-point-null0p2-pm0p5-psd0-on-z-dnorm-0p2-s0p5-usd1-short",4,3001,4000,24261018
"materialize_bf_prior","short","z","z-dnorm-0p2-s0p5-usd1-short","z-bf01-point-null0p2-pm0p5-psd0-on-z-dnorm-0p2-s0p5-usd1-short",5,4001,5000,25261021
"materialize_bf_prior","short","z","z-dnorm-0p2-s0p5-usd1-short","z-bf01-point-null0p2-pm0p5-psd0-on-z-dnorm-0p2-s0p5-usd1-short",6,5001,6000,26261024
"materialize_bf_prior","short","z","z-dnorm-0p2-s0p5-usd1-short","z-bf01-point-null0p2-pm0p5-psd0-on-z-dnorm-0p2-s0p5-usd1-short",7,6001,7000,27261027
"materialize_bf_prior","short","z","z-dnorm-0p2-s0p5-usd1-short","z-bf01-point-null0p2-pm0p5-psd0-on-z-dnorm-0p2-s0p5-usd1-short",8,7001,8000,28261030
"materialize_bf_prior","short","z","z-dnorm-0p2-s0p5-usd1-short","z-bf01-point-null0p2-pm0p5-psd0-on-z-dnorm-0p2-s0p5-usd1-short",9,8001,9000,29261033
"materialize_bf_prior","short","z","z-dnorm-0p2-s0p5-usd1-short","z-bf01-point-null0p2-pm0p5-psd0-on-z-dnorm-0p2-s0p5-usd1-short",10,9001,10000,30261036
"materialize_bf_prior","short","z","z-dnorm-0p2-s0p5-usd1-short","z-bf01-normal-null0p2-pm0p2-psd0p70710678-on-z-dnorm-0p2-s0p5-usd1-short",1,1,1000,21261009
"materialize_bf_prior","short","z","z-dnorm-0p2-s0p5-usd1-short","z-bf01-normal-null0p2-pm0p2-psd0p70710678-on-z-dnorm-0p2-s0p5-usd1-short",2,1001,2000,22261012
"materialize_bf_prior","short","z","z-dnorm-0p2-s0p5-usd1-short","z-bf01-normal-null0p2-pm0p2-psd0p70710678-on-z-dnorm-0p2-s0p5-usd1-short",3,2001,3000,23261015
"materialize_bf_prior","short","z","z-dnorm-0p2-s0p5-usd1-short","z-bf01-normal-null0p2-pm0p2-psd0p70710678-on-z-dnorm-0p2-s0p5-usd1-short",4,3001,4000,24261018
"materialize_bf_prior","short","z","z-dnorm-0p2-s0p5-usd1-short","z-bf01-normal-null0p2-pm0p2-psd0p70710678-on-z-dnorm-0p2-s0p5-usd1-short",5,4001,5000,25261021
"materialize_bf_prior","short","z","z-dnorm-0p2-s0p5-usd1-short","z-bf01-normal-null0p2-pm0p2-psd0p70710678-on-z-dnorm-0p2-s0p5-usd1-short",6,5001,6000,26261024
"materialize_bf_prior","short","z","z-dnorm-0p2-s0p5-usd1-short","z-bf01-normal-null0p2-pm0p2-psd0p70710678-on-z-dnorm-0p2-s0p5-usd1-short",7,6001,7000,27261027
"materialize_bf_prior","short","z","z-dnorm-0p2-s0p5-usd1-short","z-bf01-normal-null0p2-pm0p2-psd0p70710678-on-z-dnorm-0p2-s0p5-usd1-short",8,7001,8000,28261030
"materialize_bf_prior","short","z","z-dnorm-0p2-s0p5-usd1-short","z-bf01-normal-null0p2-pm0p2-psd0p70710678-on-z-dnorm-0p2-s0p5-usd1-short",9,8001,9000,29261033
"materialize_bf_prior","short","z","z-dnorm-0p2-s0p5-usd1-short","z-bf01-normal-null0p2-pm0p2-psd0p70710678-on-z-dnorm-0p2-s0p5-usd1-short",10,9001,10000,30261036
"materialize_bf_prior","short","z","z-dnorm-0p2-s0p5-usd1-short","z-dirbf01-directional-normal-null0p2-pm0p2-psd0p70710678-on-z-dnorm-0p2-s0p5-usd1-short",1,1,1000,21261009
"materialize_bf_prior","short","z","z-dnorm-0p2-s0p5-usd1-short","z-dirbf01-directional-normal-null0p2-pm0p2-psd0p70710678-on-z-dnorm-0p2-s0p5-usd1-short",2,1001,2000,22261012
"materialize_bf_prior","short","z","z-dnorm-0p2-s0p5-usd1-short","z-dirbf01-directional-normal-null0p2-pm0p2-psd0p70710678-on-z-dnorm-0p2-s0p5-usd1-short",3,2001,3000,23261015
"materialize_bf_prior","short","z","z-dnorm-0p2-s0p5-usd1-short","z-dirbf01-directional-normal-null0p2-pm0p2-psd0p70710678-on-z-dnorm-0p2-s0p5-usd1-short",4,3001,4000,24261018
"materialize_bf_prior","short","z","z-dnorm-0p2-s0p5-usd1-short","z-dirbf01-directional-normal-null0p2-pm0p2-psd0p70710678-on-z-dnorm-0p2-s0p5-usd1-short",5,4001,5000,25261021
"materialize_bf_prior","short","z","z-dnorm-0p2-s0p5-usd1-short","z-dirbf01-directional-normal-null0p2-pm0p2-psd0p70710678-on-z-dnorm-0p2-s0p5-usd1-short",6,5001,6000,26261024
"materialize_bf_prior","short","z","z-dnorm-0p2-s0p5-usd1-short","z-dirbf01-directional-normal-null0p2-pm0p2-psd0p70710678-on-z-dnorm-0p2-s0p5-usd1-short",7,6001,7000,27261027
"materialize_bf_prior","short","z","z-dnorm-0p2-s0p5-usd1-short","z-dirbf01-directional-normal-null0p2-pm0p2-psd0p70710678-on-z-dnorm-0p2-s0p5-usd1-short",8,7001,8000,28261030
"materialize_bf_prior","short","z","z-dnorm-0p2-s0p5-usd1-short","z-dirbf01-directional-normal-null0p2-pm0p2-psd0p70710678-on-z-dnorm-0p2-s0p5-usd1-short",9,8001,9000,29261033
"materialize_bf_prior","short","z","z-dnorm-0p2-s0p5-usd1-short","z-dirbf01-directional-normal-null0p2-pm0p2-psd0p70710678-on-z-dnorm-0p2-s0p5-usd1-short",10,9001,10000,30261036
"materialize_bf_prior","short","z","z-dnorm-0p2-s0p5-usd1-short","z-nmbf01-moment-null0p2-psd0p35355339-on-z-dnorm-0p2-s0p5-usd1-short",1,1,1000,21261009
"materialize_bf_prior","short","z","z-dnorm-0p2-s0p5-usd1-short","z-nmbf01-moment-null0p2-psd0p35355339-on-z-dnorm-0p2-s0p5-usd1-short",2,1001,2000,22261012
"materialize_bf_prior","short","z","z-dnorm-0p2-s0p5-usd1-short","z-nmbf01-moment-null0p2-psd0p35355339-on-z-dnorm-0p2-s0p5-usd1-short",3,2001,3000,23261015
"materialize_bf_prior","short","z","z-dnorm-0p2-s0p5-usd1-short","z-nmbf01-moment-null0p2-psd0p35355339-on-z-dnorm-0p2-s0p5-usd1-short",4,3001,4000,24261018
"materialize_bf_prior","short","z","z-dnorm-0p2-s0p5-usd1-short","z-nmbf01-moment-null0p2-psd0p35355339-on-z-dnorm-0p2-s0p5-usd1-short",5,4001,5000,25261021
"materialize_bf_prior","short","z","z-dnorm-0p2-s0p5-usd1-short","z-nmbf01-moment-null0p2-psd0p35355339-on-z-dnorm-0p2-s0p5-usd1-short",6,5001,6000,26261024
"materialize_bf_prior","short","z","z-dnorm-0p2-s0p5-usd1-short","z-nmbf01-moment-null0p2-psd0p35355339-on-z-dnorm-0p2-s0p5-usd1-short",7,6001,7000,27261027
"materialize_bf_prior","short","z","z-dnorm-0p2-s0p5-usd1-short","z-nmbf01-moment-null0p2-psd0p35355339-on-z-dnorm-0p2-s0p5-usd1-short",8,7001,8000,28261030
"materialize_bf_prior","short","z","z-dnorm-0p2-s0p5-usd1-short","z-nmbf01-moment-null0p2-psd0p35355339-on-z-dnorm-0p2-s0p5-usd1-short",9,8001,9000,29261033
"materialize_bf_prior","short","z","z-dnorm-0p2-s0p5-usd1-short","z-nmbf01-moment-null0p2-psd0p35355339-on-z-dnorm-0p2-s0p5-usd1-short",10,9001,10000,30261036
"materialize_bf_prior","long","z","z-dpoint-0p2-usd1-long","z-bf01-point-null0p2-pm0p5-psd0-on-z-dpoint-0p2-usd1-long",1,1,1000,21261016
"materialize_bf_prior","long","z","z-dpoint-0p2-usd1-long","z-bf01-point-null0p2-pm0p5-psd0-on-z-dpoint-0p2-usd1-long",2,1001,2000,22261019
"materialize_bf_prior","long","z","z-dpoint-0p2-usd1-long","z-bf01-point-null0p2-pm0p5-psd0-on-z-dpoint-0p2-usd1-long",3,2001,3000,23261022
"materialize_bf_prior","long","z","z-dpoint-0p2-usd1-long","z-bf01-point-null0p2-pm0p5-psd0-on-z-dpoint-0p2-usd1-long",4,3001,4000,24261025
"materialize_bf_prior","long","z","z-dpoint-0p2-usd1-long","z-bf01-point-null0p2-pm0p5-psd0-on-z-dpoint-0p2-usd1-long",5,4001,5000,25261028
"materialize_bf_prior","long","z","z-dpoint-0p2-usd1-long","z-bf01-point-null0p2-pm0p5-psd0-on-z-dpoint-0p2-usd1-long",6,5001,6000,26261031
"materialize_bf_prior","long","z","z-dpoint-0p2-usd1-long","z-bf01-point-null0p2-pm0p5-psd0-on-z-dpoint-0p2-usd1-long",7,6001,7000,27261034
"materialize_bf_prior","long","z","z-dpoint-0p2-usd1-long","z-bf01-point-null0p2-pm0p5-psd0-on-z-dpoint-0p2-usd1-long",8,7001,8000,28261037
"materialize_bf_prior","long","z","z-dpoint-0p2-usd1-long","z-bf01-point-null0p2-pm0p5-psd0-on-z-dpoint-0p2-usd1-long",9,8001,9000,29261040
"materialize_bf_prior","long","z","z-dpoint-0p2-usd1-long","z-bf01-point-null0p2-pm0p5-psd0-on-z-dpoint-0p2-usd1-long",10,9001,10000,30261043
"materialize_bf_prior","long","z","z-dpoint-0p2-usd1-long","z-bf01-normal-null0p2-pm0p2-psd0p70710678-on-z-dpoint-0p2-usd1-long",1,1,1000,21261016
"materialize_bf_prior","long","z","z-dpoint-0p2-usd1-long","z-bf01-normal-null0p2-pm0p2-psd0p70710678-on-z-dpoint-0p2-usd1-long",2,1001,2000,22261019
"materialize_bf_prior","long","z","z-dpoint-0p2-usd1-long","z-bf01-normal-null0p2-pm0p2-psd0p70710678-on-z-dpoint-0p2-usd1-long",3,2001,3000,23261022
"materialize_bf_prior","long","z","z-dpoint-0p2-usd1-long","z-bf01-normal-null0p2-pm0p2-psd0p70710678-on-z-dpoint-0p2-usd1-long",4,3001,4000,24261025
"materialize_bf_prior","long","z","z-dpoint-0p2-usd1-long","z-bf01-normal-null0p2-pm0p2-psd0p70710678-on-z-dpoint-0p2-usd1-long",5,4001,5000,25261028
"materialize_bf_prior","long","z","z-dpoint-0p2-usd1-long","z-bf01-normal-null0p2-pm0p2-psd0p70710678-on-z-dpoint-0p2-usd1-long",6,5001,6000,26261031
"materialize_bf_prior","long","z","z-dpoint-0p2-usd1-long","z-bf01-normal-null0p2-pm0p2-psd0p70710678-on-z-dpoint-0p2-usd1-long",7,6001,7000,27261034
"materialize_bf_prior","long","z","z-dpoint-0p2-usd1-long","z-bf01-normal-null0p2-pm0p2-psd0p70710678-on-z-dpoint-0p2-usd1-long",8,7001,8000,28261037
"materialize_bf_prior","long","z","z-dpoint-0p2-usd1-long","z-bf01-normal-null0p2-pm0p2-psd0p70710678-on-z-dpoint-0p2-usd1-long",9,8001,9000,29261040
"materialize_bf_prior","long","z","z-dpoint-0p2-usd1-long","z-bf01-normal-null0p2-pm0p2-psd0p70710678-on-z-dpoint-0p2-usd1-long",10,9001,10000,30261043
"materialize_bf_prior","long","z","z-dpoint-0p2-usd1-long","z-dirbf01-directional-normal-null0p2-pm0p2-psd0p70710678-on-z-dpoint-0p2-usd1-long",1,1,1000,21261016
"materialize_bf_prior","long","z","z-dpoint-0p2-usd1-long","z-dirbf01-directional-normal-null0p2-pm0p2-psd0p70710678-on-z-dpoint-0p2-usd1-long",2,1001,2000,22261019
"materialize_bf_prior","long","z","z-dpoint-0p2-usd1-long","z-dirbf01-directional-normal-null0p2-pm0p2-psd0p70710678-on-z-dpoint-0p2-usd1-long",3,2001,3000,23261022
"materialize_bf_prior","long","z","z-dpoint-0p2-usd1-long","z-dirbf01-directional-normal-null0p2-pm0p2-psd0p70710678-on-z-dpoint-0p2-usd1-long",4,3001,4000,24261025
"materialize_bf_prior","long","z","z-dpoint-0p2-usd1-long","z-dirbf01-directional-normal-null0p2-pm0p2-psd0p70710678-on-z-dpoint-0p2-usd1-long",5,4001,5000,25261028
"materialize_bf_prior","long","z","z-dpoint-0p2-usd1-long","z-dirbf01-directional-normal-null0p2-pm0p2-psd0p70710678-on-z-dpoint-0p2-usd1-long",6,5001,6000,26261031
"materialize_bf_prior","long","z","z-dpoint-0p2-usd1-long","z-dirbf01-directional-normal-null0p2-pm0p2-psd0p70710678-on-z-dpoint-0p2-usd1-long",7,6001,7000,27261034
"materialize_bf_prior","long","z","z-dpoint-0p2-usd1-long","z-dirbf01-directional-normal-null0p2-pm0p2-psd0p70710678-on-z-dpoint-0p2-usd1-long",8,7001,8000,28261037
"materialize_bf_prior","long","z","z-dpoint-0p2-usd1-long","z-dirbf01-directional-normal-null0p2-pm0p2-psd0p70710678-on-z-dpoint-0p2-usd1-long",9,8001,9000,29261040
"materialize_bf_prior","long","z","z-dpoint-0p2-usd1-long","z-dirbf01-directional-normal-null0p2-pm0p2-psd0p70710678-on-z-dpoint-0p2-usd1-long",10,9001,10000,30261043
"materialize_bf_prior","long","z","z-dpoint-0p2-usd1-long","z-nmbf01-moment-null0p2-psd0p35355339-on-z-dpoint-0p2-usd1-long",1,1,1000,21261016
"materialize_bf_prior","long","z","z-dpoint-0p2-usd1-long","z-nmbf01-moment-null0p2-psd0p35355339-on-z-dpoint-0p2-usd1-long",2,1001,2000,22261019
"materialize_bf_prior","long","z","z-dpoint-0p2-usd1-long","z-nmbf01-moment-null0p2-psd0p35355339-on-z-dpoint-0p2-usd1-long",3,2001,3000,23261022
"materialize_bf_prior","long","z","z-dpoint-0p2-usd1-long","z-nmbf01-moment-null0p2-psd0p35355339-on-z-dpoint-0p2-usd1-long",4,3001,4000,24261025
"materialize_bf_prior","long","z","z-dpoint-0p2-usd1-long","z-nmbf01-moment-null0p2-psd0p35355339-on-z-dpoint-0p2-usd1-long",5,4001,5000,25261028
"materialize_bf_prior","long","z","z-dpoint-0p2-usd1-long","z-nmbf01-moment-null0p2-psd0p35355339-on-z-dpoint-0p2-usd1-long",6,5001,6000,26261031
"materialize_bf_prior","long","z","z-dpoint-0p2-usd1-long","z-nmbf01-moment-null0p2-psd0p35355339-on-z-dpoint-0p2-usd1-long",7,6001,7000,27261034
"materialize_bf_prior","long","z","z-dpoint-0p2-usd1-long","z-nmbf01-moment-null0p2-psd0p35355339-on-z-dpoint-0p2-usd1-long",8,7001,8000,28261037
"materialize_bf_prior","long","z","z-dpoint-0p2-usd1-long","z-nmbf01-moment-null0p2-psd0p35355339-on-z-dpoint-0p2-usd1-long",9,8001,9000,29261040
"materialize_bf_prior","long","z","z-dpoint-0p2-usd1-long","z-nmbf01-moment-null0p2-psd0p35355339-on-z-dpoint-0p2-usd1-long",10,9001,10000,30261043
"materialize_bf_prior","long","z","z-dnorm-0p2-s0p1-usd1-long","z-bf01-point-null0p2-pm0p5-psd0-on-z-dnorm-0p2-s0p1-usd1-long",1,1,1000,21261017
"materialize_bf_prior","long","z","z-dnorm-0p2-s0p1-usd1-long","z-bf01-point-null0p2-pm0p5-psd0-on-z-dnorm-0p2-s0p1-usd1-long",2,1001,2000,22261020
"materialize_bf_prior","long","z","z-dnorm-0p2-s0p1-usd1-long","z-bf01-point-null0p2-pm0p5-psd0-on-z-dnorm-0p2-s0p1-usd1-long",3,2001,3000,23261023
"materialize_bf_prior","long","z","z-dnorm-0p2-s0p1-usd1-long","z-bf01-point-null0p2-pm0p5-psd0-on-z-dnorm-0p2-s0p1-usd1-long",4,3001,4000,24261026
"materialize_bf_prior","long","z","z-dnorm-0p2-s0p1-usd1-long","z-bf01-point-null0p2-pm0p5-psd0-on-z-dnorm-0p2-s0p1-usd1-long",5,4001,5000,25261029
"materialize_bf_prior","long","z","z-dnorm-0p2-s0p1-usd1-long","z-bf01-point-null0p2-pm0p5-psd0-on-z-dnorm-0p2-s0p1-usd1-long",6,5001,6000,26261032
"materialize_bf_prior","long","z","z-dnorm-0p2-s0p1-usd1-long","z-bf01-point-null0p2-pm0p5-psd0-on-z-dnorm-0p2-s0p1-usd1-long",7,6001,7000,27261035
"materialize_bf_prior","long","z","z-dnorm-0p2-s0p1-usd1-long","z-bf01-point-null0p2-pm0p5-psd0-on-z-dnorm-0p2-s0p1-usd1-long",8,7001,8000,28261038
"materialize_bf_prior","long","z","z-dnorm-0p2-s0p1-usd1-long","z-bf01-point-null0p2-pm0p5-psd0-on-z-dnorm-0p2-s0p1-usd1-long",9,8001,9000,29261041
"materialize_bf_prior","long","z","z-dnorm-0p2-s0p1-usd1-long","z-bf01-point-null0p2-pm0p5-psd0-on-z-dnorm-0p2-s0p1-usd1-long",10,9001,10000,30261044
"materialize_bf_prior","long","z","z-dnorm-0p2-s0p1-usd1-long","z-bf01-normal-null0p2-pm0p2-psd0p70710678-on-z-dnorm-0p2-s0p1-usd1-long",1,1,1000,21261017
"materialize_bf_prior","long","z","z-dnorm-0p2-s0p1-usd1-long","z-bf01-normal-null0p2-pm0p2-psd0p70710678-on-z-dnorm-0p2-s0p1-usd1-long",2,1001,2000,22261020
"materialize_bf_prior","long","z","z-dnorm-0p2-s0p1-usd1-long","z-bf01-normal-null0p2-pm0p2-psd0p70710678-on-z-dnorm-0p2-s0p1-usd1-long",3,2001,3000,23261023
"materialize_bf_prior","long","z","z-dnorm-0p2-s0p1-usd1-long","z-bf01-normal-null0p2-pm0p2-psd0p70710678-on-z-dnorm-0p2-s0p1-usd1-long",4,3001,4000,24261026
"materialize_bf_prior","long","z","z-dnorm-0p2-s0p1-usd1-long","z-bf01-normal-null0p2-pm0p2-psd0p70710678-on-z-dnorm-0p2-s0p1-usd1-long",5,4001,5000,25261029
"materialize_bf_prior","long","z","z-dnorm-0p2-s0p1-usd1-long","z-bf01-normal-null0p2-pm0p2-psd0p70710678-on-z-dnorm-0p2-s0p1-usd1-long",6,5001,6000,26261032
"materialize_bf_prior","long","z","z-dnorm-0p2-s0p1-usd1-long","z-bf01-normal-null0p2-pm0p2-psd0p70710678-on-z-dnorm-0p2-s0p1-usd1-long",7,6001,7000,27261035
"materialize_bf_prior","long","z","z-dnorm-0p2-s0p1-usd1-long","z-bf01-normal-null0p2-pm0p2-psd0p70710678-on-z-dnorm-0p2-s0p1-usd1-long",8,7001,8000,28261038
"materialize_bf_prior","long","z","z-dnorm-0p2-s0p1-usd1-long","z-bf01-normal-null0p2-pm0p2-psd0p70710678-on-z-dnorm-0p2-s0p1-usd1-long",9,8001,9000,29261041
"materialize_bf_prior","long","z","z-dnorm-0p2-s0p1-usd1-long","z-bf01-normal-null0p2-pm0p2-psd0p70710678-on-z-dnorm-0p2-s0p1-usd1-long",10,9001,10000,30261044
"materialize_bf_prior","long","z","z-dnorm-0p2-s0p1-usd1-long","z-dirbf01-directional-normal-null0p2-pm0p2-psd0p70710678-on-z-dnorm-0p2-s0p1-usd1-long",1,1,1000,21261017
"materialize_bf_prior","long","z","z-dnorm-0p2-s0p1-usd1-long","z-dirbf01-directional-normal-null0p2-pm0p2-psd0p70710678-on-z-dnorm-0p2-s0p1-usd1-long",2,1001,2000,22261020
"materialize_bf_prior","long","z","z-dnorm-0p2-s0p1-usd1-long","z-dirbf01-directional-normal-null0p2-pm0p2-psd0p70710678-on-z-dnorm-0p2-s0p1-usd1-long",3,2001,3000,23261023
"materialize_bf_prior","long","z","z-dnorm-0p2-s0p1-usd1-long","z-dirbf01-directional-normal-null0p2-pm0p2-psd0p70710678-on-z-dnorm-0p2-s0p1-usd1-long",4,3001,4000,24261026
"materialize_bf_prior","long","z","z-dnorm-0p2-s0p1-usd1-long","z-dirbf01-directional-normal-null0p2-pm0p2-psd0p70710678-on-z-dnorm-0p2-s0p1-usd1-long",5,4001,5000,25261029
"materialize_bf_prior","long","z","z-dnorm-0p2-s0p1-usd1-long","z-dirbf01-directional-normal-null0p2-pm0p2-psd0p70710678-on-z-dnorm-0p2-s0p1-usd1-long",6,5001,6000,26261032
"materialize_bf_prior","long","z","z-dnorm-0p2-s0p1-usd1-long","z-dirbf01-directional-normal-null0p2-pm0p2-psd0p70710678-on-z-dnorm-0p2-s0p1-usd1-long",7,6001,7000,27261035
"materialize_bf_prior","long","z","z-dnorm-0p2-s0p1-usd1-long","z-dirbf01-directional-normal-null0p2-pm0p2-psd0p70710678-on-z-dnorm-0p2-s0p1-usd1-long",8,7001,8000,28261038
"materialize_bf_prior","long","z","z-dnorm-0p2-s0p1-usd1-long","z-dirbf01-directional-normal-null0p2-pm0p2-psd0p70710678-on-z-dnorm-0p2-s0p1-usd1-long",9,8001,9000,29261041
"materialize_bf_prior","long","z","z-dnorm-0p2-s0p1-usd1-long","z-dirbf01-directional-normal-null0p2-pm0p2-psd0p70710678-on-z-dnorm-0p2-s0p1-usd1-long",10,9001,10000,30261044
"materialize_bf_prior","long","z","z-dnorm-0p2-s0p1-usd1-long","z-nmbf01-moment-null0p2-psd0p35355339-on-z-dnorm-0p2-s0p1-usd1-long",1,1,1000,21261017
"materialize_bf_prior","long","z","z-dnorm-0p2-s0p1-usd1-long","z-nmbf01-moment-null0p2-psd0p35355339-on-z-dnorm-0p2-s0p1-usd1-long",2,1001,2000,22261020
"materialize_bf_prior","long","z","z-dnorm-0p2-s0p1-usd1-long","z-nmbf01-moment-null0p2-psd0p35355339-on-z-dnorm-0p2-s0p1-usd1-long",3,2001,3000,23261023
"materialize_bf_prior","long","z","z-dnorm-0p2-s0p1-usd1-long","z-nmbf01-moment-null0p2-psd0p35355339-on-z-dnorm-0p2-s0p1-usd1-long",4,3001,4000,24261026
"materialize_bf_prior","long","z","z-dnorm-0p2-s0p1-usd1-long","z-nmbf01-moment-null0p2-psd0p35355339-on-z-dnorm-0p2-s0p1-usd1-long",5,4001,5000,25261029
"materialize_bf_prior","long","z","z-dnorm-0p2-s0p1-usd1-long","z-nmbf01-moment-null0p2-psd0p35355339-on-z-dnorm-0p2-s0p1-usd1-long",6,5001,6000,26261032
"materialize_bf_prior","long","z","z-dnorm-0p2-s0p1-usd1-long","z-nmbf01-moment-null0p2-psd0p35355339-on-z-dnorm-0p2-s0p1-usd1-long",7,6001,7000,27261035
"materialize_bf_prior","long","z","z-dnorm-0p2-s0p1-usd1-long","z-nmbf01-moment-null0p2-psd0p35355339-on-z-dnorm-0p2-s0p1-usd1-long",8,7001,8000,28261038
"materialize_bf_prior","long","z","z-dnorm-0p2-s0p1-usd1-long","z-nmbf01-moment-null0p2-psd0p35355339-on-z-dnorm-0p2-s0p1-usd1-long",9,8001,9000,29261041
"materialize_bf_prior","long","z","z-dnorm-0p2-s0p1-usd1-long","z-nmbf01-moment-null0p2-psd0p35355339-on-z-dnorm-0p2-s0p1-usd1-long",10,9001,10000,30261044
"materialize_bf_prior","long","z","z-dnorm-0p2-s0p5-usd1-long","z-bf01-point-null0p2-pm0p5-psd0-on-z-dnorm-0p2-s0p5-usd1-long",1,1,1000,21261018
"materialize_bf_prior","long","z","z-dnorm-0p2-s0p5-usd1-long","z-bf01-point-null0p2-pm0p5-psd0-on-z-dnorm-0p2-s0p5-usd1-long",2,1001,2000,22261021
"materialize_bf_prior","long","z","z-dnorm-0p2-s0p5-usd1-long","z-bf01-point-null0p2-pm0p5-psd0-on-z-dnorm-0p2-s0p5-usd1-long",3,2001,3000,23261024
"materialize_bf_prior","long","z","z-dnorm-0p2-s0p5-usd1-long","z-bf01-point-null0p2-pm0p5-psd0-on-z-dnorm-0p2-s0p5-usd1-long",4,3001,4000,24261027
"materialize_bf_prior","long","z","z-dnorm-0p2-s0p5-usd1-long","z-bf01-point-null0p2-pm0p5-psd0-on-z-dnorm-0p2-s0p5-usd1-long",5,4001,5000,25261030
"materialize_bf_prior","long","z","z-dnorm-0p2-s0p5-usd1-long","z-bf01-point-null0p2-pm0p5-psd0-on-z-dnorm-0p2-s0p5-usd1-long",6,5001,6000,26261033
"materialize_bf_prior","long","z","z-dnorm-0p2-s0p5-usd1-long","z-bf01-point-null0p2-pm0p5-psd0-on-z-dnorm-0p2-s0p5-usd1-long",7,6001,7000,27261036
"materialize_bf_prior","long","z","z-dnorm-0p2-s0p5-usd1-long","z-bf01-point-null0p2-pm0p5-psd0-on-z-dnorm-0p2-s0p5-usd1-long",8,7001,8000,28261039
"materialize_bf_prior","long","z","z-dnorm-0p2-s0p5-usd1-long","z-bf01-point-null0p2-pm0p5-psd0-on-z-dnorm-0p2-s0p5-usd1-long",9,8001,9000,29261042
"materialize_bf_prior","long","z","z-dnorm-0p2-s0p5-usd1-long","z-bf01-point-null0p2-pm0p5-psd0-on-z-dnorm-0p2-s0p5-usd1-long",10,9001,10000,30261045
"materialize_bf_prior","long","z","z-dnorm-0p2-s0p5-usd1-long","z-bf01-normal-null0p2-pm0p2-psd0p70710678-on-z-dnorm-0p2-s0p5-usd1-long",1,1,1000,21261018
"materialize_bf_prior","long","z","z-dnorm-0p2-s0p5-usd1-long","z-bf01-normal-null0p2-pm0p2-psd0p70710678-on-z-dnorm-0p2-s0p5-usd1-long",2,1001,2000,22261021
"materialize_bf_prior","long","z","z-dnorm-0p2-s0p5-usd1-long","z-bf01-normal-null0p2-pm0p2-psd0p70710678-on-z-dnorm-0p2-s0p5-usd1-long",3,2001,3000,23261024
"materialize_bf_prior","long","z","z-dnorm-0p2-s0p5-usd1-long","z-bf01-normal-null0p2-pm0p2-psd0p70710678-on-z-dnorm-0p2-s0p5-usd1-long",4,3001,4000,24261027
"materialize_bf_prior","long","z","z-dnorm-0p2-s0p5-usd1-long","z-bf01-normal-null0p2-pm0p2-psd0p70710678-on-z-dnorm-0p2-s0p5-usd1-long",5,4001,5000,25261030
"materialize_bf_prior","long","z","z-dnorm-0p2-s0p5-usd1-long","z-bf01-normal-null0p2-pm0p2-psd0p70710678-on-z-dnorm-0p2-s0p5-usd1-long",6,5001,6000,26261033
"materialize_bf_prior","long","z","z-dnorm-0p2-s0p5-usd1-long","z-bf01-normal-null0p2-pm0p2-psd0p70710678-on-z-dnorm-0p2-s0p5-usd1-long",7,6001,7000,27261036
"materialize_bf_prior","long","z","z-dnorm-0p2-s0p5-usd1-long","z-bf01-normal-null0p2-pm0p2-psd0p70710678-on-z-dnorm-0p2-s0p5-usd1-long",8,7001,8000,28261039
"materialize_bf_prior","long","z","z-dnorm-0p2-s0p5-usd1-long","z-bf01-normal-null0p2-pm0p2-psd0p70710678-on-z-dnorm-0p2-s0p5-usd1-long",9,8001,9000,29261042
"materialize_bf_prior","long","z","z-dnorm-0p2-s0p5-usd1-long","z-bf01-normal-null0p2-pm0p2-psd0p70710678-on-z-dnorm-0p2-s0p5-usd1-long",10,9001,10000,30261045
"materialize_bf_prior","long","z","z-dnorm-0p2-s0p5-usd1-long","z-dirbf01-directional-normal-null0p2-pm0p2-psd0p70710678-on-z-dnorm-0p2-s0p5-usd1-long",1,1,1000,21261018
"materialize_bf_prior","long","z","z-dnorm-0p2-s0p5-usd1-long","z-dirbf01-directional-normal-null0p2-pm0p2-psd0p70710678-on-z-dnorm-0p2-s0p5-usd1-long",2,1001,2000,22261021
"materialize_bf_prior","long","z","z-dnorm-0p2-s0p5-usd1-long","z-dirbf01-directional-normal-null0p2-pm0p2-psd0p70710678-on-z-dnorm-0p2-s0p5-usd1-long",3,2001,3000,23261024
"materialize_bf_prior","long","z","z-dnorm-0p2-s0p5-usd1-long","z-dirbf01-directional-normal-null0p2-pm0p2-psd0p70710678-on-z-dnorm-0p2-s0p5-usd1-long",4,3001,4000,24261027
"materialize_bf_prior","long","z","z-dnorm-0p2-s0p5-usd1-long","z-dirbf01-directional-normal-null0p2-pm0p2-psd0p70710678-on-z-dnorm-0p2-s0p5-usd1-long",5,4001,5000,25261030
"materialize_bf_prior","long","z","z-dnorm-0p2-s0p5-usd1-long","z-dirbf01-directional-normal-null0p2-pm0p2-psd0p70710678-on-z-dnorm-0p2-s0p5-usd1-long",6,5001,6000,26261033
"materialize_bf_prior","long","z","z-dnorm-0p2-s0p5-usd1-long","z-dirbf01-directional-normal-null0p2-pm0p2-psd0p70710678-on-z-dnorm-0p2-s0p5-usd1-long",7,6001,7000,27261036
"materialize_bf_prior","long","z","z-dnorm-0p2-s0p5-usd1-long","z-dirbf01-directional-normal-null0p2-pm0p2-psd0p70710678-on-z-dnorm-0p2-s0p5-usd1-long",8,7001,8000,28261039
"materialize_bf_prior","long","z","z-dnorm-0p2-s0p5-usd1-long","z-dirbf01-directional-normal-null0p2-pm0p2-psd0p70710678-on-z-dnorm-0p2-s0p5-usd1-long",9,8001,9000,29261042
"materialize_bf_prior","long","z","z-dnorm-0p2-s0p5-usd1-long","z-dirbf01-directional-normal-null0p2-pm0p2-psd0p70710678-on-z-dnorm-0p2-s0p5-usd1-long",10,9001,10000,30261045
"materialize_bf_prior","long","z","z-dnorm-0p2-s0p5-usd1-long","z-nmbf01-moment-null0p2-psd0p35355339-on-z-dnorm-0p2-s0p5-usd1-long",1,1,1000,21261018
"materialize_bf_prior","long","z","z-dnorm-0p2-s0p5-usd1-long","z-nmbf01-moment-null0p2-psd0p35355339-on-z-dnorm-0p2-s0p5-usd1-long",2,1001,2000,22261021
"materialize_bf_prior","long","z","z-dnorm-0p2-s0p5-usd1-long","z-nmbf01-moment-null0p2-psd0p35355339-on-z-dnorm-0p2-s0p5-usd1-long",3,2001,3000,23261024
"materialize_bf_prior","long","z","z-dnorm-0p2-s0p5-usd1-long","z-nmbf01-moment-null0p2-psd0p35355339-on-z-dnorm-0p2-s0p5-usd1-long",4,3001,4000,24261027
"materialize_bf_prior","long","z","z-dnorm-0p2-s0p5-usd1-long","z-nmbf01-moment-null0p2-psd0p35355339-on-z-dnorm-0p2-s0p5-usd1-long",5,4001,5000,25261030
"materialize_bf_prior","long","z","z-dnorm-0p2-s0p5-usd1-long","z-nmbf01-moment-null0p2-psd0p35355339-on-z-dnorm-0p2-s0p5-usd1-long",6,5001,6000,26261033
"materialize_bf_prior","long","z","z-dnorm-0p2-s0p5-usd1-long","z-nmbf01-moment-null0p2-psd0p35355339-on-z-dnorm-0p2-s0p5-usd1-long",7,6001,7000,27261036
"materialize_bf_prior","long","z","z-dnorm-0p2-s0p5-usd1-long","z-nmbf01-moment-null0p2-psd0p35355339-on-z-dnorm-0p2-s0p5-usd1-long",8,7001,8000,28261039
"materialize_bf_prior","long","z","z-dnorm-0p2-s0p5-usd1-long","z-nmbf01-moment-null0p2-psd0p35355339-on-z-dnorm-0p2-s0p5-usd1-long",9,8001,9000,29261042
"materialize_bf_prior","long","z","z-dnorm-0p2-s0p5-usd1-long","z-nmbf01-moment-null0p2-psd0p35355339-on-z-dnorm-0p2-s0p5-usd1-long",10,9001,10000,30261045
"materialize_bf_prior","short","t","t-two-dpoint-0-short","t-tbf01-cauchy-null0-loc0-scale0p70710678-df1-two-sided-on-t-two-dpoint-0-short",1,1,1000,21262004
"materialize_bf_prior","short","t","t-two-dpoint-0-short","t-tbf01-cauchy-null0-loc0-scale0p70710678-df1-two-sided-on-t-two-dpoint-0-short",2,1001,2000,22262007
"materialize_bf_prior","short","t","t-two-dpoint-0-short","t-tbf01-cauchy-null0-loc0-scale0p70710678-df1-two-sided-on-t-two-dpoint-0-short",3,2001,3000,23262010
"materialize_bf_prior","short","t","t-two-dpoint-0-short","t-tbf01-cauchy-null0-loc0-scale0p70710678-df1-two-sided-on-t-two-dpoint-0-short",4,3001,4000,24262013
"materialize_bf_prior","short","t","t-two-dpoint-0-short","t-tbf01-cauchy-null0-loc0-scale0p70710678-df1-two-sided-on-t-two-dpoint-0-short",5,4001,5000,25262016
"materialize_bf_prior","short","t","t-two-dpoint-0-short","t-tbf01-cauchy-null0-loc0-scale0p70710678-df1-two-sided-on-t-two-dpoint-0-short",6,5001,6000,26262019
"materialize_bf_prior","short","t","t-two-dpoint-0-short","t-tbf01-cauchy-null0-loc0-scale0p70710678-df1-two-sided-on-t-two-dpoint-0-short",7,6001,7000,27262022
"materialize_bf_prior","short","t","t-two-dpoint-0-short","t-tbf01-cauchy-null0-loc0-scale0p70710678-df1-two-sided-on-t-two-dpoint-0-short",8,7001,8000,28262025
"materialize_bf_prior","short","t","t-two-dpoint-0-short","t-tbf01-cauchy-null0-loc0-scale0p70710678-df1-two-sided-on-t-two-dpoint-0-short",9,8001,9000,29262028
"materialize_bf_prior","short","t","t-two-dpoint-0-short","t-tbf01-cauchy-null0-loc0-scale0p70710678-df1-two-sided-on-t-two-dpoint-0-short",10,9001,10000,30262031
"materialize_bf_prior","short","t","t-two-dpoint-0-short","t-tbf01-cauchy-null0-loc0-scale0p70710678-df1-greater-on-t-two-dpoint-0-short",1,1,1000,21262004
"materialize_bf_prior","short","t","t-two-dpoint-0-short","t-tbf01-cauchy-null0-loc0-scale0p70710678-df1-greater-on-t-two-dpoint-0-short",2,1001,2000,22262007
"materialize_bf_prior","short","t","t-two-dpoint-0-short","t-tbf01-cauchy-null0-loc0-scale0p70710678-df1-greater-on-t-two-dpoint-0-short",3,2001,3000,23262010
"materialize_bf_prior","short","t","t-two-dpoint-0-short","t-tbf01-cauchy-null0-loc0-scale0p70710678-df1-greater-on-t-two-dpoint-0-short",4,3001,4000,24262013
"materialize_bf_prior","short","t","t-two-dpoint-0-short","t-tbf01-cauchy-null0-loc0-scale0p70710678-df1-greater-on-t-two-dpoint-0-short",5,4001,5000,25262016
"materialize_bf_prior","short","t","t-two-dpoint-0-short","t-tbf01-cauchy-null0-loc0-scale0p70710678-df1-greater-on-t-two-dpoint-0-short",6,5001,6000,26262019
"materialize_bf_prior","short","t","t-two-dpoint-0-short","t-tbf01-cauchy-null0-loc0-scale0p70710678-df1-greater-on-t-two-dpoint-0-short",7,6001,7000,27262022
"materialize_bf_prior","short","t","t-two-dpoint-0-short","t-tbf01-cauchy-null0-loc0-scale0p70710678-df1-greater-on-t-two-dpoint-0-short",8,7001,8000,28262025
"materialize_bf_prior","short","t","t-two-dpoint-0-short","t-tbf01-cauchy-null0-loc0-scale0p70710678-df1-greater-on-t-two-dpoint-0-short",9,8001,9000,29262028
"materialize_bf_prior","short","t","t-two-dpoint-0-short","t-tbf01-cauchy-null0-loc0-scale0p70710678-df1-greater-on-t-two-dpoint-0-short",10,9001,10000,30262031
"materialize_bf_prior","short","t","t-two-dpoint-0-short","t-tbf01-cauchy-null0-loc0-scale0p70710678-df1-less-on-t-two-dpoint-0-short",1,1,1000,21262004
"materialize_bf_prior","short","t","t-two-dpoint-0-short","t-tbf01-cauchy-null0-loc0-scale0p70710678-df1-less-on-t-two-dpoint-0-short",2,1001,2000,22262007
"materialize_bf_prior","short","t","t-two-dpoint-0-short","t-tbf01-cauchy-null0-loc0-scale0p70710678-df1-less-on-t-two-dpoint-0-short",3,2001,3000,23262010
"materialize_bf_prior","short","t","t-two-dpoint-0-short","t-tbf01-cauchy-null0-loc0-scale0p70710678-df1-less-on-t-two-dpoint-0-short",4,3001,4000,24262013
"materialize_bf_prior","short","t","t-two-dpoint-0-short","t-tbf01-cauchy-null0-loc0-scale0p70710678-df1-less-on-t-two-dpoint-0-short",5,4001,5000,25262016
"materialize_bf_prior","short","t","t-two-dpoint-0-short","t-tbf01-cauchy-null0-loc0-scale0p70710678-df1-less-on-t-two-dpoint-0-short",6,5001,6000,26262019
"materialize_bf_prior","short","t","t-two-dpoint-0-short","t-tbf01-cauchy-null0-loc0-scale0p70710678-df1-less-on-t-two-dpoint-0-short",7,6001,7000,27262022
"materialize_bf_prior","short","t","t-two-dpoint-0-short","t-tbf01-cauchy-null0-loc0-scale0p70710678-df1-less-on-t-two-dpoint-0-short",8,7001,8000,28262025
"materialize_bf_prior","short","t","t-two-dpoint-0-short","t-tbf01-cauchy-null0-loc0-scale0p70710678-df1-less-on-t-two-dpoint-0-short",9,8001,9000,29262028
"materialize_bf_prior","short","t","t-two-dpoint-0-short","t-tbf01-cauchy-null0-loc0-scale0p70710678-df1-less-on-t-two-dpoint-0-short",10,9001,10000,30262031
"materialize_bf_prior","short","t","t-two-dpoint-0-short","t-tbf01-cauchy-null0-loc0-scale0p35-df1-two-sided-on-t-two-dpoint-0-short",1,1,1000,21262004
"materialize_bf_prior","short","t","t-two-dpoint-0-short","t-tbf01-cauchy-null0-loc0-scale0p35-df1-two-sided-on-t-two-dpoint-0-short",2,1001,2000,22262007
"materialize_bf_prior","short","t","t-two-dpoint-0-short","t-tbf01-cauchy-null0-loc0-scale0p35-df1-two-sided-on-t-two-dpoint-0-short",3,2001,3000,23262010
"materialize_bf_prior","short","t","t-two-dpoint-0-short","t-tbf01-cauchy-null0-loc0-scale0p35-df1-two-sided-on-t-two-dpoint-0-short",4,3001,4000,24262013
"materialize_bf_prior","short","t","t-two-dpoint-0-short","t-tbf01-cauchy-null0-loc0-scale0p35-df1-two-sided-on-t-two-dpoint-0-short",5,4001,5000,25262016
"materialize_bf_prior","short","t","t-two-dpoint-0-short","t-tbf01-cauchy-null0-loc0-scale0p35-df1-two-sided-on-t-two-dpoint-0-short",6,5001,6000,26262019
"materialize_bf_prior","short","t","t-two-dpoint-0-short","t-tbf01-cauchy-null0-loc0-scale0p35-df1-two-sided-on-t-two-dpoint-0-short",7,6001,7000,27262022
"materialize_bf_prior","short","t","t-two-dpoint-0-short","t-tbf01-cauchy-null0-loc0-scale0p35-df1-two-sided-on-t-two-dpoint-0-short",8,7001,8000,28262025
"materialize_bf_prior","short","t","t-two-dpoint-0-short","t-tbf01-cauchy-null0-loc0-scale0p35-df1-two-sided-on-t-two-dpoint-0-short",9,8001,9000,29262028
"materialize_bf_prior","short","t","t-two-dpoint-0-short","t-tbf01-cauchy-null0-loc0-scale0p35-df1-two-sided-on-t-two-dpoint-0-short",10,9001,10000,30262031
"materialize_bf_prior","short","t","t-two-dpoint-0-short","t-tbf01-cauchy-null0-loc0-scale1-df1-two-sided-on-t-two-dpoint-0-short",1,1,1000,21262004
"materialize_bf_prior","short","t","t-two-dpoint-0-short","t-tbf01-cauchy-null0-loc0-scale1-df1-two-sided-on-t-two-dpoint-0-short",2,1001,2000,22262007
"materialize_bf_prior","short","t","t-two-dpoint-0-short","t-tbf01-cauchy-null0-loc0-scale1-df1-two-sided-on-t-two-dpoint-0-short",3,2001,3000,23262010
"materialize_bf_prior","short","t","t-two-dpoint-0-short","t-tbf01-cauchy-null0-loc0-scale1-df1-two-sided-on-t-two-dpoint-0-short",4,3001,4000,24262013
"materialize_bf_prior","short","t","t-two-dpoint-0-short","t-tbf01-cauchy-null0-loc0-scale1-df1-two-sided-on-t-two-dpoint-0-short",5,4001,5000,25262016
"materialize_bf_prior","short","t","t-two-dpoint-0-short","t-tbf01-cauchy-null0-loc0-scale1-df1-two-sided-on-t-two-dpoint-0-short",6,5001,6000,26262019
"materialize_bf_prior","short","t","t-two-dpoint-0-short","t-tbf01-cauchy-null0-loc0-scale1-df1-two-sided-on-t-two-dpoint-0-short",7,6001,7000,27262022
"materialize_bf_prior","short","t","t-two-dpoint-0-short","t-tbf01-cauchy-null0-loc0-scale1-df1-two-sided-on-t-two-dpoint-0-short",8,7001,8000,28262025
"materialize_bf_prior","short","t","t-two-dpoint-0-short","t-tbf01-cauchy-null0-loc0-scale1-df1-two-sided-on-t-two-dpoint-0-short",9,8001,9000,29262028
"materialize_bf_prior","short","t","t-two-dpoint-0-short","t-tbf01-cauchy-null0-loc0-scale1-df1-two-sided-on-t-two-dpoint-0-short",10,9001,10000,30262031
"materialize_bf_prior","short","t","t-two-dpoint-0-short","t-tbf01-student-t-null0-loc0-scale0p70710678-df3-two-sided-on-t-two-dpoint-0-short",1,1,1000,21262004
"materialize_bf_prior","short","t","t-two-dpoint-0-short","t-tbf01-student-t-null0-loc0-scale0p70710678-df3-two-sided-on-t-two-dpoint-0-short",2,1001,2000,22262007
"materialize_bf_prior","short","t","t-two-dpoint-0-short","t-tbf01-student-t-null0-loc0-scale0p70710678-df3-two-sided-on-t-two-dpoint-0-short",3,2001,3000,23262010
"materialize_bf_prior","short","t","t-two-dpoint-0-short","t-tbf01-student-t-null0-loc0-scale0p70710678-df3-two-sided-on-t-two-dpoint-0-short",4,3001,4000,24262013
"materialize_bf_prior","short","t","t-two-dpoint-0-short","t-tbf01-student-t-null0-loc0-scale0p70710678-df3-two-sided-on-t-two-dpoint-0-short",5,4001,5000,25262016
"materialize_bf_prior","short","t","t-two-dpoint-0-short","t-tbf01-student-t-null0-loc0-scale0p70710678-df3-two-sided-on-t-two-dpoint-0-short",6,5001,6000,26262019
"materialize_bf_prior","short","t","t-two-dpoint-0-short","t-tbf01-student-t-null0-loc0-scale0p70710678-df3-two-sided-on-t-two-dpoint-0-short",7,6001,7000,27262022
"materialize_bf_prior","short","t","t-two-dpoint-0-short","t-tbf01-student-t-null0-loc0-scale0p70710678-df3-two-sided-on-t-two-dpoint-0-short",8,7001,8000,28262025
"materialize_bf_prior","short","t","t-two-dpoint-0-short","t-tbf01-student-t-null0-loc0-scale0p70710678-df3-two-sided-on-t-two-dpoint-0-short",9,8001,9000,29262028
"materialize_bf_prior","short","t","t-two-dpoint-0-short","t-tbf01-student-t-null0-loc0-scale0p70710678-df3-two-sided-on-t-two-dpoint-0-short",10,9001,10000,30262031
"materialize_bf_prior","short","t","t-two-dpoint-0-short","t-tbf01-student-t-null0-loc0-scale0p70710678-df30-two-sided-on-t-two-dpoint-0-short",1,1,1000,21262004
"materialize_bf_prior","short","t","t-two-dpoint-0-short","t-tbf01-student-t-null0-loc0-scale0p70710678-df30-two-sided-on-t-two-dpoint-0-short",2,1001,2000,22262007
"materialize_bf_prior","short","t","t-two-dpoint-0-short","t-tbf01-student-t-null0-loc0-scale0p70710678-df30-two-sided-on-t-two-dpoint-0-short",3,2001,3000,23262010
"materialize_bf_prior","short","t","t-two-dpoint-0-short","t-tbf01-student-t-null0-loc0-scale0p70710678-df30-two-sided-on-t-two-dpoint-0-short",4,3001,4000,24262013
"materialize_bf_prior","short","t","t-two-dpoint-0-short","t-tbf01-student-t-null0-loc0-scale0p70710678-df30-two-sided-on-t-two-dpoint-0-short",5,4001,5000,25262016
"materialize_bf_prior","short","t","t-two-dpoint-0-short","t-tbf01-student-t-null0-loc0-scale0p70710678-df30-two-sided-on-t-two-dpoint-0-short",6,5001,6000,26262019
"materialize_bf_prior","short","t","t-two-dpoint-0-short","t-tbf01-student-t-null0-loc0-scale0p70710678-df30-two-sided-on-t-two-dpoint-0-short",7,6001,7000,27262022
"materialize_bf_prior","short","t","t-two-dpoint-0-short","t-tbf01-student-t-null0-loc0-scale0p70710678-df30-two-sided-on-t-two-dpoint-0-short",8,7001,8000,28262025
"materialize_bf_prior","short","t","t-two-dpoint-0-short","t-tbf01-student-t-null0-loc0-scale0p70710678-df30-two-sided-on-t-two-dpoint-0-short",9,8001,9000,29262028
"materialize_bf_prior","short","t","t-two-dpoint-0-short","t-tbf01-student-t-null0-loc0-scale0p70710678-df30-two-sided-on-t-two-dpoint-0-short",10,9001,10000,30262031
"materialize_bf_prior","short","t","t-two-dpoint-0p5-short","t-tbf01-cauchy-null0-loc0-scale0p70710678-df1-two-sided-on-t-two-dpoint-0p5-short",1,1,1000,21262005
"materialize_bf_prior","short","t","t-two-dpoint-0p5-short","t-tbf01-cauchy-null0-loc0-scale0p70710678-df1-two-sided-on-t-two-dpoint-0p5-short",2,1001,2000,22262008
"materialize_bf_prior","short","t","t-two-dpoint-0p5-short","t-tbf01-cauchy-null0-loc0-scale0p70710678-df1-two-sided-on-t-two-dpoint-0p5-short",3,2001,3000,23262011
"materialize_bf_prior","short","t","t-two-dpoint-0p5-short","t-tbf01-cauchy-null0-loc0-scale0p70710678-df1-two-sided-on-t-two-dpoint-0p5-short",4,3001,4000,24262014
"materialize_bf_prior","short","t","t-two-dpoint-0p5-short","t-tbf01-cauchy-null0-loc0-scale0p70710678-df1-two-sided-on-t-two-dpoint-0p5-short",5,4001,5000,25262017
"materialize_bf_prior","short","t","t-two-dpoint-0p5-short","t-tbf01-cauchy-null0-loc0-scale0p70710678-df1-two-sided-on-t-two-dpoint-0p5-short",6,5001,6000,26262020
"materialize_bf_prior","short","t","t-two-dpoint-0p5-short","t-tbf01-cauchy-null0-loc0-scale0p70710678-df1-two-sided-on-t-two-dpoint-0p5-short",7,6001,7000,27262023
"materialize_bf_prior","short","t","t-two-dpoint-0p5-short","t-tbf01-cauchy-null0-loc0-scale0p70710678-df1-two-sided-on-t-two-dpoint-0p5-short",8,7001,8000,28262026
"materialize_bf_prior","short","t","t-two-dpoint-0p5-short","t-tbf01-cauchy-null0-loc0-scale0p70710678-df1-two-sided-on-t-two-dpoint-0p5-short",9,8001,9000,29262029
"materialize_bf_prior","short","t","t-two-dpoint-0p5-short","t-tbf01-cauchy-null0-loc0-scale0p70710678-df1-two-sided-on-t-two-dpoint-0p5-short",10,9001,10000,30262032
"materialize_bf_prior","short","t","t-two-dpoint-0p5-short","t-tbf01-cauchy-null0-loc0-scale0p70710678-df1-greater-on-t-two-dpoint-0p5-short",1,1,1000,21262005
"materialize_bf_prior","short","t","t-two-dpoint-0p5-short","t-tbf01-cauchy-null0-loc0-scale0p70710678-df1-greater-on-t-two-dpoint-0p5-short",2,1001,2000,22262008
"materialize_bf_prior","short","t","t-two-dpoint-0p5-short","t-tbf01-cauchy-null0-loc0-scale0p70710678-df1-greater-on-t-two-dpoint-0p5-short",3,2001,3000,23262011
"materialize_bf_prior","short","t","t-two-dpoint-0p5-short","t-tbf01-cauchy-null0-loc0-scale0p70710678-df1-greater-on-t-two-dpoint-0p5-short",4,3001,4000,24262014
"materialize_bf_prior","short","t","t-two-dpoint-0p5-short","t-tbf01-cauchy-null0-loc0-scale0p70710678-df1-greater-on-t-two-dpoint-0p5-short",5,4001,5000,25262017
"materialize_bf_prior","short","t","t-two-dpoint-0p5-short","t-tbf01-cauchy-null0-loc0-scale0p70710678-df1-greater-on-t-two-dpoint-0p5-short",6,5001,6000,26262020
"materialize_bf_prior","short","t","t-two-dpoint-0p5-short","t-tbf01-cauchy-null0-loc0-scale0p70710678-df1-greater-on-t-two-dpoint-0p5-short",7,6001,7000,27262023
"materialize_bf_prior","short","t","t-two-dpoint-0p5-short","t-tbf01-cauchy-null0-loc0-scale0p70710678-df1-greater-on-t-two-dpoint-0p5-short",8,7001,8000,28262026
"materialize_bf_prior","short","t","t-two-dpoint-0p5-short","t-tbf01-cauchy-null0-loc0-scale0p70710678-df1-greater-on-t-two-dpoint-0p5-short",9,8001,9000,29262029
"materialize_bf_prior","short","t","t-two-dpoint-0p5-short","t-tbf01-cauchy-null0-loc0-scale0p70710678-df1-greater-on-t-two-dpoint-0p5-short",10,9001,10000,30262032
"materialize_bf_prior","short","t","t-two-dpoint-0p5-short","t-tbf01-cauchy-null0-loc0-scale0p70710678-df1-less-on-t-two-dpoint-0p5-short",1,1,1000,21262005
"materialize_bf_prior","short","t","t-two-dpoint-0p5-short","t-tbf01-cauchy-null0-loc0-scale0p70710678-df1-less-on-t-two-dpoint-0p5-short",2,1001,2000,22262008
"materialize_bf_prior","short","t","t-two-dpoint-0p5-short","t-tbf01-cauchy-null0-loc0-scale0p70710678-df1-less-on-t-two-dpoint-0p5-short",3,2001,3000,23262011
"materialize_bf_prior","short","t","t-two-dpoint-0p5-short","t-tbf01-cauchy-null0-loc0-scale0p70710678-df1-less-on-t-two-dpoint-0p5-short",4,3001,4000,24262014
"materialize_bf_prior","short","t","t-two-dpoint-0p5-short","t-tbf01-cauchy-null0-loc0-scale0p70710678-df1-less-on-t-two-dpoint-0p5-short",5,4001,5000,25262017
"materialize_bf_prior","short","t","t-two-dpoint-0p5-short","t-tbf01-cauchy-null0-loc0-scale0p70710678-df1-less-on-t-two-dpoint-0p5-short",6,5001,6000,26262020
"materialize_bf_prior","short","t","t-two-dpoint-0p5-short","t-tbf01-cauchy-null0-loc0-scale0p70710678-df1-less-on-t-two-dpoint-0p5-short",7,6001,7000,27262023
"materialize_bf_prior","short","t","t-two-dpoint-0p5-short","t-tbf01-cauchy-null0-loc0-scale0p70710678-df1-less-on-t-two-dpoint-0p5-short",8,7001,8000,28262026
"materialize_bf_prior","short","t","t-two-dpoint-0p5-short","t-tbf01-cauchy-null0-loc0-scale0p70710678-df1-less-on-t-two-dpoint-0p5-short",9,8001,9000,29262029
"materialize_bf_prior","short","t","t-two-dpoint-0p5-short","t-tbf01-cauchy-null0-loc0-scale0p70710678-df1-less-on-t-two-dpoint-0p5-short",10,9001,10000,30262032
"materialize_bf_prior","short","t","t-two-dpoint-0p5-short","t-tbf01-cauchy-null0-loc0-scale0p35-df1-two-sided-on-t-two-dpoint-0p5-short",1,1,1000,21262005
"materialize_bf_prior","short","t","t-two-dpoint-0p5-short","t-tbf01-cauchy-null0-loc0-scale0p35-df1-two-sided-on-t-two-dpoint-0p5-short",2,1001,2000,22262008
"materialize_bf_prior","short","t","t-two-dpoint-0p5-short","t-tbf01-cauchy-null0-loc0-scale0p35-df1-two-sided-on-t-two-dpoint-0p5-short",3,2001,3000,23262011
"materialize_bf_prior","short","t","t-two-dpoint-0p5-short","t-tbf01-cauchy-null0-loc0-scale0p35-df1-two-sided-on-t-two-dpoint-0p5-short",4,3001,4000,24262014
"materialize_bf_prior","short","t","t-two-dpoint-0p5-short","t-tbf01-cauchy-null0-loc0-scale0p35-df1-two-sided-on-t-two-dpoint-0p5-short",5,4001,5000,25262017
"materialize_bf_prior","short","t","t-two-dpoint-0p5-short","t-tbf01-cauchy-null0-loc0-scale0p35-df1-two-sided-on-t-two-dpoint-0p5-short",6,5001,6000,26262020
"materialize_bf_prior","short","t","t-two-dpoint-0p5-short","t-tbf01-cauchy-null0-loc0-scale0p35-df1-two-sided-on-t-two-dpoint-0p5-short",7,6001,7000,27262023
"materialize_bf_prior","short","t","t-two-dpoint-0p5-short","t-tbf01-cauchy-null0-loc0-scale0p35-df1-two-sided-on-t-two-dpoint-0p5-short",8,7001,8000,28262026
"materialize_bf_prior","short","t","t-two-dpoint-0p5-short","t-tbf01-cauchy-null0-loc0-scale0p35-df1-two-sided-on-t-two-dpoint-0p5-short",9,8001,9000,29262029
"materialize_bf_prior","short","t","t-two-dpoint-0p5-short","t-tbf01-cauchy-null0-loc0-scale0p35-df1-two-sided-on-t-two-dpoint-0p5-short",10,9001,10000,30262032
"materialize_bf_prior","short","t","t-two-dpoint-0p5-short","t-tbf01-cauchy-null0-loc0-scale1-df1-two-sided-on-t-two-dpoint-0p5-short",1,1,1000,21262005
"materialize_bf_prior","short","t","t-two-dpoint-0p5-short","t-tbf01-cauchy-null0-loc0-scale1-df1-two-sided-on-t-two-dpoint-0p5-short",2,1001,2000,22262008
"materialize_bf_prior","short","t","t-two-dpoint-0p5-short","t-tbf01-cauchy-null0-loc0-scale1-df1-two-sided-on-t-two-dpoint-0p5-short",3,2001,3000,23262011
"materialize_bf_prior","short","t","t-two-dpoint-0p5-short","t-tbf01-cauchy-null0-loc0-scale1-df1-two-sided-on-t-two-dpoint-0p5-short",4,3001,4000,24262014
"materialize_bf_prior","short","t","t-two-dpoint-0p5-short","t-tbf01-cauchy-null0-loc0-scale1-df1-two-sided-on-t-two-dpoint-0p5-short",5,4001,5000,25262017
"materialize_bf_prior","short","t","t-two-dpoint-0p5-short","t-tbf01-cauchy-null0-loc0-scale1-df1-two-sided-on-t-two-dpoint-0p5-short",6,5001,6000,26262020
"materialize_bf_prior","short","t","t-two-dpoint-0p5-short","t-tbf01-cauchy-null0-loc0-scale1-df1-two-sided-on-t-two-dpoint-0p5-short",7,6001,7000,27262023
"materialize_bf_prior","short","t","t-two-dpoint-0p5-short","t-tbf01-cauchy-null0-loc0-scale1-df1-two-sided-on-t-two-dpoint-0p5-short",8,7001,8000,28262026
"materialize_bf_prior","short","t","t-two-dpoint-0p5-short","t-tbf01-cauchy-null0-loc0-scale1-df1-two-sided-on-t-two-dpoint-0p5-short",9,8001,9000,29262029
"materialize_bf_prior","short","t","t-two-dpoint-0p5-short","t-tbf01-cauchy-null0-loc0-scale1-df1-two-sided-on-t-two-dpoint-0p5-short",10,9001,10000,30262032
"materialize_bf_prior","short","t","t-two-dpoint-0p5-short","t-tbf01-student-t-null0-loc0-scale0p70710678-df3-two-sided-on-t-two-dpoint-0p5-short",1,1,1000,21262005
"materialize_bf_prior","short","t","t-two-dpoint-0p5-short","t-tbf01-student-t-null0-loc0-scale0p70710678-df3-two-sided-on-t-two-dpoint-0p5-short",2,1001,2000,22262008
"materialize_bf_prior","short","t","t-two-dpoint-0p5-short","t-tbf01-student-t-null0-loc0-scale0p70710678-df3-two-sided-on-t-two-dpoint-0p5-short",3,2001,3000,23262011
"materialize_bf_prior","short","t","t-two-dpoint-0p5-short","t-tbf01-student-t-null0-loc0-scale0p70710678-df3-two-sided-on-t-two-dpoint-0p5-short",4,3001,4000,24262014
"materialize_bf_prior","short","t","t-two-dpoint-0p5-short","t-tbf01-student-t-null0-loc0-scale0p70710678-df3-two-sided-on-t-two-dpoint-0p5-short",5,4001,5000,25262017
"materialize_bf_prior","short","t","t-two-dpoint-0p5-short","t-tbf01-student-t-null0-loc0-scale0p70710678-df3-two-sided-on-t-two-dpoint-0p5-short",6,5001,6000,26262020
"materialize_bf_prior","short","t","t-two-dpoint-0p5-short","t-tbf01-student-t-null0-loc0-scale0p70710678-df3-two-sided-on-t-two-dpoint-0p5-short",7,6001,7000,27262023
"materialize_bf_prior","short","t","t-two-dpoint-0p5-short","t-tbf01-student-t-null0-loc0-scale0p70710678-df3-two-sided-on-t-two-dpoint-0p5-short",8,7001,8000,28262026
"materialize_bf_prior","short","t","t-two-dpoint-0p5-short","t-tbf01-student-t-null0-loc0-scale0p70710678-df3-two-sided-on-t-two-dpoint-0p5-short",9,8001,9000,29262029
"materialize_bf_prior","short","t","t-two-dpoint-0p5-short","t-tbf01-student-t-null0-loc0-scale0p70710678-df3-two-sided-on-t-two-dpoint-0p5-short",10,9001,10000,30262032
"materialize_bf_prior","short","t","t-two-dpoint-0p5-short","t-tbf01-student-t-null0-loc0-scale0p70710678-df30-two-sided-on-t-two-dpoint-0p5-short",1,1,1000,21262005
"materialize_bf_prior","short","t","t-two-dpoint-0p5-short","t-tbf01-student-t-null0-loc0-scale0p70710678-df30-two-sided-on-t-two-dpoint-0p5-short",2,1001,2000,22262008
"materialize_bf_prior","short","t","t-two-dpoint-0p5-short","t-tbf01-student-t-null0-loc0-scale0p70710678-df30-two-sided-on-t-two-dpoint-0p5-short",3,2001,3000,23262011
"materialize_bf_prior","short","t","t-two-dpoint-0p5-short","t-tbf01-student-t-null0-loc0-scale0p70710678-df30-two-sided-on-t-two-dpoint-0p5-short",4,3001,4000,24262014
"materialize_bf_prior","short","t","t-two-dpoint-0p5-short","t-tbf01-student-t-null0-loc0-scale0p70710678-df30-two-sided-on-t-two-dpoint-0p5-short",5,4001,5000,25262017
"materialize_bf_prior","short","t","t-two-dpoint-0p5-short","t-tbf01-student-t-null0-loc0-scale0p70710678-df30-two-sided-on-t-two-dpoint-0p5-short",6,5001,6000,26262020
"materialize_bf_prior","short","t","t-two-dpoint-0p5-short","t-tbf01-student-t-null0-loc0-scale0p70710678-df30-two-sided-on-t-two-dpoint-0p5-short",7,6001,7000,27262023
"materialize_bf_prior","short","t","t-two-dpoint-0p5-short","t-tbf01-student-t-null0-loc0-scale0p70710678-df30-two-sided-on-t-two-dpoint-0p5-short",8,7001,8000,28262026
"materialize_bf_prior","short","t","t-two-dpoint-0p5-short","t-tbf01-student-t-null0-loc0-scale0p70710678-df30-two-sided-on-t-two-dpoint-0p5-short",9,8001,9000,29262029
"materialize_bf_prior","short","t","t-two-dpoint-0p5-short","t-tbf01-student-t-null0-loc0-scale0p70710678-df30-two-sided-on-t-two-dpoint-0p5-short",10,9001,10000,30262032
"materialize_bf_prior","short","t","t-two-dnorm-0p5-s0p1-short","t-tbf01-cauchy-null0-loc0-scale0p70710678-df1-two-sided-on-t-two-dnorm-0p5-s0p1-short",1,1,1000,21262006
"materialize_bf_prior","short","t","t-two-dnorm-0p5-s0p1-short","t-tbf01-cauchy-null0-loc0-scale0p70710678-df1-two-sided-on-t-two-dnorm-0p5-s0p1-short",2,1001,2000,22262009
"materialize_bf_prior","short","t","t-two-dnorm-0p5-s0p1-short","t-tbf01-cauchy-null0-loc0-scale0p70710678-df1-two-sided-on-t-two-dnorm-0p5-s0p1-short",3,2001,3000,23262012
"materialize_bf_prior","short","t","t-two-dnorm-0p5-s0p1-short","t-tbf01-cauchy-null0-loc0-scale0p70710678-df1-two-sided-on-t-two-dnorm-0p5-s0p1-short",4,3001,4000,24262015
"materialize_bf_prior","short","t","t-two-dnorm-0p5-s0p1-short","t-tbf01-cauchy-null0-loc0-scale0p70710678-df1-two-sided-on-t-two-dnorm-0p5-s0p1-short",5,4001,5000,25262018
"materialize_bf_prior","short","t","t-two-dnorm-0p5-s0p1-short","t-tbf01-cauchy-null0-loc0-scale0p70710678-df1-two-sided-on-t-two-dnorm-0p5-s0p1-short",6,5001,6000,26262021
"materialize_bf_prior","short","t","t-two-dnorm-0p5-s0p1-short","t-tbf01-cauchy-null0-loc0-scale0p70710678-df1-two-sided-on-t-two-dnorm-0p5-s0p1-short",7,6001,7000,27262024
"materialize_bf_prior","short","t","t-two-dnorm-0p5-s0p1-short","t-tbf01-cauchy-null0-loc0-scale0p70710678-df1-two-sided-on-t-two-dnorm-0p5-s0p1-short",8,7001,8000,28262027
"materialize_bf_prior","short","t","t-two-dnorm-0p5-s0p1-short","t-tbf01-cauchy-null0-loc0-scale0p70710678-df1-two-sided-on-t-two-dnorm-0p5-s0p1-short",9,8001,9000,29262030
"materialize_bf_prior","short","t","t-two-dnorm-0p5-s0p1-short","t-tbf01-cauchy-null0-loc0-scale0p70710678-df1-two-sided-on-t-two-dnorm-0p5-s0p1-short",10,9001,10000,30262033
"materialize_bf_prior","short","t","t-two-dnorm-0p5-s0p1-short","t-tbf01-cauchy-null0-loc0-scale0p70710678-df1-greater-on-t-two-dnorm-0p5-s0p1-short",1,1,1000,21262006
"materialize_bf_prior","short","t","t-two-dnorm-0p5-s0p1-short","t-tbf01-cauchy-null0-loc0-scale0p70710678-df1-greater-on-t-two-dnorm-0p5-s0p1-short",2,1001,2000,22262009
"materialize_bf_prior","short","t","t-two-dnorm-0p5-s0p1-short","t-tbf01-cauchy-null0-loc0-scale0p70710678-df1-greater-on-t-two-dnorm-0p5-s0p1-short",3,2001,3000,23262012
"materialize_bf_prior","short","t","t-two-dnorm-0p5-s0p1-short","t-tbf01-cauchy-null0-loc0-scale0p70710678-df1-greater-on-t-two-dnorm-0p5-s0p1-short",4,3001,4000,24262015
"materialize_bf_prior","short","t","t-two-dnorm-0p5-s0p1-short","t-tbf01-cauchy-null0-loc0-scale0p70710678-df1-greater-on-t-two-dnorm-0p5-s0p1-short",5,4001,5000,25262018
"materialize_bf_prior","short","t","t-two-dnorm-0p5-s0p1-short","t-tbf01-cauchy-null0-loc0-scale0p70710678-df1-greater-on-t-two-dnorm-0p5-s0p1-short",6,5001,6000,26262021
"materialize_bf_prior","short","t","t-two-dnorm-0p5-s0p1-short","t-tbf01-cauchy-null0-loc0-scale0p70710678-df1-greater-on-t-two-dnorm-0p5-s0p1-short",7,6001,7000,27262024
"materialize_bf_prior","short","t","t-two-dnorm-0p5-s0p1-short","t-tbf01-cauchy-null0-loc0-scale0p70710678-df1-greater-on-t-two-dnorm-0p5-s0p1-short",8,7001,8000,28262027
"materialize_bf_prior","short","t","t-two-dnorm-0p5-s0p1-short","t-tbf01-cauchy-null0-loc0-scale0p70710678-df1-greater-on-t-two-dnorm-0p5-s0p1-short",9,8001,9000,29262030
"materialize_bf_prior","short","t","t-two-dnorm-0p5-s0p1-short","t-tbf01-cauchy-null0-loc0-scale0p70710678-df1-greater-on-t-two-dnorm-0p5-s0p1-short",10,9001,10000,30262033
"materialize_bf_prior","short","t","t-two-dnorm-0p5-s0p1-short","t-tbf01-cauchy-null0-loc0-scale0p70710678-df1-less-on-t-two-dnorm-0p5-s0p1-short",1,1,1000,21262006
"materialize_bf_prior","short","t","t-two-dnorm-0p5-s0p1-short","t-tbf01-cauchy-null0-loc0-scale0p70710678-df1-less-on-t-two-dnorm-0p5-s0p1-short",2,1001,2000,22262009
"materialize_bf_prior","short","t","t-two-dnorm-0p5-s0p1-short","t-tbf01-cauchy-null0-loc0-scale0p70710678-df1-less-on-t-two-dnorm-0p5-s0p1-short",3,2001,3000,23262012
"materialize_bf_prior","short","t","t-two-dnorm-0p5-s0p1-short","t-tbf01-cauchy-null0-loc0-scale0p70710678-df1-less-on-t-two-dnorm-0p5-s0p1-short",4,3001,4000,24262015
"materialize_bf_prior","short","t","t-two-dnorm-0p5-s0p1-short","t-tbf01-cauchy-null0-loc0-scale0p70710678-df1-less-on-t-two-dnorm-0p5-s0p1-short",5,4001,5000,25262018
"materialize_bf_prior","short","t","t-two-dnorm-0p5-s0p1-short","t-tbf01-cauchy-null0-loc0-scale0p70710678-df1-less-on-t-two-dnorm-0p5-s0p1-short",6,5001,6000,26262021
"materialize_bf_prior","short","t","t-two-dnorm-0p5-s0p1-short","t-tbf01-cauchy-null0-loc0-scale0p70710678-df1-less-on-t-two-dnorm-0p5-s0p1-short",7,6001,7000,27262024
"materialize_bf_prior","short","t","t-two-dnorm-0p5-s0p1-short","t-tbf01-cauchy-null0-loc0-scale0p70710678-df1-less-on-t-two-dnorm-0p5-s0p1-short",8,7001,8000,28262027
"materialize_bf_prior","short","t","t-two-dnorm-0p5-s0p1-short","t-tbf01-cauchy-null0-loc0-scale0p70710678-df1-less-on-t-two-dnorm-0p5-s0p1-short",9,8001,9000,29262030
"materialize_bf_prior","short","t","t-two-dnorm-0p5-s0p1-short","t-tbf01-cauchy-null0-loc0-scale0p70710678-df1-less-on-t-two-dnorm-0p5-s0p1-short",10,9001,10000,30262033
"materialize_bf_prior","short","t","t-two-dnorm-0p5-s0p1-short","t-tbf01-cauchy-null0-loc0-scale0p35-df1-two-sided-on-t-two-dnorm-0p5-s0p1-short",1,1,1000,21262006
"materialize_bf_prior","short","t","t-two-dnorm-0p5-s0p1-short","t-tbf01-cauchy-null0-loc0-scale0p35-df1-two-sided-on-t-two-dnorm-0p5-s0p1-short",2,1001,2000,22262009
"materialize_bf_prior","short","t","t-two-dnorm-0p5-s0p1-short","t-tbf01-cauchy-null0-loc0-scale0p35-df1-two-sided-on-t-two-dnorm-0p5-s0p1-short",3,2001,3000,23262012
"materialize_bf_prior","short","t","t-two-dnorm-0p5-s0p1-short","t-tbf01-cauchy-null0-loc0-scale0p35-df1-two-sided-on-t-two-dnorm-0p5-s0p1-short",4,3001,4000,24262015
"materialize_bf_prior","short","t","t-two-dnorm-0p5-s0p1-short","t-tbf01-cauchy-null0-loc0-scale0p35-df1-two-sided-on-t-two-dnorm-0p5-s0p1-short",5,4001,5000,25262018
"materialize_bf_prior","short","t","t-two-dnorm-0p5-s0p1-short","t-tbf01-cauchy-null0-loc0-scale0p35-df1-two-sided-on-t-two-dnorm-0p5-s0p1-short",6,5001,6000,26262021
"materialize_bf_prior","short","t","t-two-dnorm-0p5-s0p1-short","t-tbf01-cauchy-null0-loc0-scale0p35-df1-two-sided-on-t-two-dnorm-0p5-s0p1-short",7,6001,7000,27262024
"materialize_bf_prior","short","t","t-two-dnorm-0p5-s0p1-short","t-tbf01-cauchy-null0-loc0-scale0p35-df1-two-sided-on-t-two-dnorm-0p5-s0p1-short",8,7001,8000,28262027
"materialize_bf_prior","short","t","t-two-dnorm-0p5-s0p1-short","t-tbf01-cauchy-null0-loc0-scale0p35-df1-two-sided-on-t-two-dnorm-0p5-s0p1-short",9,8001,9000,29262030
"materialize_bf_prior","short","t","t-two-dnorm-0p5-s0p1-short","t-tbf01-cauchy-null0-loc0-scale0p35-df1-two-sided-on-t-two-dnorm-0p5-s0p1-short",10,9001,10000,30262033
"materialize_bf_prior","short","t","t-two-dnorm-0p5-s0p1-short","t-tbf01-cauchy-null0-loc0-scale1-df1-two-sided-on-t-two-dnorm-0p5-s0p1-short",1,1,1000,21262006
"materialize_bf_prior","short","t","t-two-dnorm-0p5-s0p1-short","t-tbf01-cauchy-null0-loc0-scale1-df1-two-sided-on-t-two-dnorm-0p5-s0p1-short",2,1001,2000,22262009
"materialize_bf_prior","short","t","t-two-dnorm-0p5-s0p1-short","t-tbf01-cauchy-null0-loc0-scale1-df1-two-sided-on-t-two-dnorm-0p5-s0p1-short",3,2001,3000,23262012
"materialize_bf_prior","short","t","t-two-dnorm-0p5-s0p1-short","t-tbf01-cauchy-null0-loc0-scale1-df1-two-sided-on-t-two-dnorm-0p5-s0p1-short",4,3001,4000,24262015
"materialize_bf_prior","short","t","t-two-dnorm-0p5-s0p1-short","t-tbf01-cauchy-null0-loc0-scale1-df1-two-sided-on-t-two-dnorm-0p5-s0p1-short",5,4001,5000,25262018
"materialize_bf_prior","short","t","t-two-dnorm-0p5-s0p1-short","t-tbf01-cauchy-null0-loc0-scale1-df1-two-sided-on-t-two-dnorm-0p5-s0p1-short",6,5001,6000,26262021
"materialize_bf_prior","short","t","t-two-dnorm-0p5-s0p1-short","t-tbf01-cauchy-null0-loc0-scale1-df1-two-sided-on-t-two-dnorm-0p5-s0p1-short",7,6001,7000,27262024
"materialize_bf_prior","short","t","t-two-dnorm-0p5-s0p1-short","t-tbf01-cauchy-null0-loc0-scale1-df1-two-sided-on-t-two-dnorm-0p5-s0p1-short",8,7001,8000,28262027
"materialize_bf_prior","short","t","t-two-dnorm-0p5-s0p1-short","t-tbf01-cauchy-null0-loc0-scale1-df1-two-sided-on-t-two-dnorm-0p5-s0p1-short",9,8001,9000,29262030
"materialize_bf_prior","short","t","t-two-dnorm-0p5-s0p1-short","t-tbf01-cauchy-null0-loc0-scale1-df1-two-sided-on-t-two-dnorm-0p5-s0p1-short",10,9001,10000,30262033
"materialize_bf_prior","short","t","t-two-dnorm-0p5-s0p1-short","t-tbf01-student-t-null0-loc0-scale0p70710678-df3-two-sided-on-t-two-dnorm-0p5-s0p1-short",1,1,1000,21262006
"materialize_bf_prior","short","t","t-two-dnorm-0p5-s0p1-short","t-tbf01-student-t-null0-loc0-scale0p70710678-df3-two-sided-on-t-two-dnorm-0p5-s0p1-short",2,1001,2000,22262009
"materialize_bf_prior","short","t","t-two-dnorm-0p5-s0p1-short","t-tbf01-student-t-null0-loc0-scale0p70710678-df3-two-sided-on-t-two-dnorm-0p5-s0p1-short",3,2001,3000,23262012
"materialize_bf_prior","short","t","t-two-dnorm-0p5-s0p1-short","t-tbf01-student-t-null0-loc0-scale0p70710678-df3-two-sided-on-t-two-dnorm-0p5-s0p1-short",4,3001,4000,24262015
"materialize_bf_prior","short","t","t-two-dnorm-0p5-s0p1-short","t-tbf01-student-t-null0-loc0-scale0p70710678-df3-two-sided-on-t-two-dnorm-0p5-s0p1-short",5,4001,5000,25262018
"materialize_bf_prior","short","t","t-two-dnorm-0p5-s0p1-short","t-tbf01-student-t-null0-loc0-scale0p70710678-df3-two-sided-on-t-two-dnorm-0p5-s0p1-short",6,5001,6000,26262021
"materialize_bf_prior","short","t","t-two-dnorm-0p5-s0p1-short","t-tbf01-student-t-null0-loc0-scale0p70710678-df3-two-sided-on-t-two-dnorm-0p5-s0p1-short",7,6001,7000,27262024
"materialize_bf_prior","short","t","t-two-dnorm-0p5-s0p1-short","t-tbf01-student-t-null0-loc0-scale0p70710678-df3-two-sided-on-t-two-dnorm-0p5-s0p1-short",8,7001,8000,28262027
"materialize_bf_prior","short","t","t-two-dnorm-0p5-s0p1-short","t-tbf01-student-t-null0-loc0-scale0p70710678-df3-two-sided-on-t-two-dnorm-0p5-s0p1-short",9,8001,9000,29262030
"materialize_bf_prior","short","t","t-two-dnorm-0p5-s0p1-short","t-tbf01-student-t-null0-loc0-scale0p70710678-df3-two-sided-on-t-two-dnorm-0p5-s0p1-short",10,9001,10000,30262033
"materialize_bf_prior","short","t","t-two-dnorm-0p5-s0p1-short","t-tbf01-student-t-null0-loc0-scale0p70710678-df30-two-sided-on-t-two-dnorm-0p5-s0p1-short",1,1,1000,21262006
"materialize_bf_prior","short","t","t-two-dnorm-0p5-s0p1-short","t-tbf01-student-t-null0-loc0-scale0p70710678-df30-two-sided-on-t-two-dnorm-0p5-s0p1-short",2,1001,2000,22262009
"materialize_bf_prior","short","t","t-two-dnorm-0p5-s0p1-short","t-tbf01-student-t-null0-loc0-scale0p70710678-df30-two-sided-on-t-two-dnorm-0p5-s0p1-short",3,2001,3000,23262012
"materialize_bf_prior","short","t","t-two-dnorm-0p5-s0p1-short","t-tbf01-student-t-null0-loc0-scale0p70710678-df30-two-sided-on-t-two-dnorm-0p5-s0p1-short",4,3001,4000,24262015
"materialize_bf_prior","short","t","t-two-dnorm-0p5-s0p1-short","t-tbf01-student-t-null0-loc0-scale0p70710678-df30-two-sided-on-t-two-dnorm-0p5-s0p1-short",5,4001,5000,25262018
"materialize_bf_prior","short","t","t-two-dnorm-0p5-s0p1-short","t-tbf01-student-t-null0-loc0-scale0p70710678-df30-two-sided-on-t-two-dnorm-0p5-s0p1-short",6,5001,6000,26262021
"materialize_bf_prior","short","t","t-two-dnorm-0p5-s0p1-short","t-tbf01-student-t-null0-loc0-scale0p70710678-df30-two-sided-on-t-two-dnorm-0p5-s0p1-short",7,6001,7000,27262024
"materialize_bf_prior","short","t","t-two-dnorm-0p5-s0p1-short","t-tbf01-student-t-null0-loc0-scale0p70710678-df30-two-sided-on-t-two-dnorm-0p5-s0p1-short",8,7001,8000,28262027
"materialize_bf_prior","short","t","t-two-dnorm-0p5-s0p1-short","t-tbf01-student-t-null0-loc0-scale0p70710678-df30-two-sided-on-t-two-dnorm-0p5-s0p1-short",9,8001,9000,29262030
"materialize_bf_prior","short","t","t-two-dnorm-0p5-s0p1-short","t-tbf01-student-t-null0-loc0-scale0p70710678-df30-two-sided-on-t-two-dnorm-0p5-s0p1-short",10,9001,10000,30262033
"materialize_bf_prior","short","t","t-two-dnorm-0p5-s0p5-short","t-tbf01-cauchy-null0-loc0-scale0p70710678-df1-two-sided-on-t-two-dnorm-0p5-s0p5-short",1,1,1000,21262007
"materialize_bf_prior","short","t","t-two-dnorm-0p5-s0p5-short","t-tbf01-cauchy-null0-loc0-scale0p70710678-df1-two-sided-on-t-two-dnorm-0p5-s0p5-short",2,1001,2000,22262010
"materialize_bf_prior","short","t","t-two-dnorm-0p5-s0p5-short","t-tbf01-cauchy-null0-loc0-scale0p70710678-df1-two-sided-on-t-two-dnorm-0p5-s0p5-short",3,2001,3000,23262013
"materialize_bf_prior","short","t","t-two-dnorm-0p5-s0p5-short","t-tbf01-cauchy-null0-loc0-scale0p70710678-df1-two-sided-on-t-two-dnorm-0p5-s0p5-short",4,3001,4000,24262016
"materialize_bf_prior","short","t","t-two-dnorm-0p5-s0p5-short","t-tbf01-cauchy-null0-loc0-scale0p70710678-df1-two-sided-on-t-two-dnorm-0p5-s0p5-short",5,4001,5000,25262019
"materialize_bf_prior","short","t","t-two-dnorm-0p5-s0p5-short","t-tbf01-cauchy-null0-loc0-scale0p70710678-df1-two-sided-on-t-two-dnorm-0p5-s0p5-short",6,5001,6000,26262022
"materialize_bf_prior","short","t","t-two-dnorm-0p5-s0p5-short","t-tbf01-cauchy-null0-loc0-scale0p70710678-df1-two-sided-on-t-two-dnorm-0p5-s0p5-short",7,6001,7000,27262025
"materialize_bf_prior","short","t","t-two-dnorm-0p5-s0p5-short","t-tbf01-cauchy-null0-loc0-scale0p70710678-df1-two-sided-on-t-two-dnorm-0p5-s0p5-short",8,7001,8000,28262028
"materialize_bf_prior","short","t","t-two-dnorm-0p5-s0p5-short","t-tbf01-cauchy-null0-loc0-scale0p70710678-df1-two-sided-on-t-two-dnorm-0p5-s0p5-short",9,8001,9000,29262031
"materialize_bf_prior","short","t","t-two-dnorm-0p5-s0p5-short","t-tbf01-cauchy-null0-loc0-scale0p70710678-df1-two-sided-on-t-two-dnorm-0p5-s0p5-short",10,9001,10000,30262034
"materialize_bf_prior","short","t","t-two-dnorm-0p5-s0p5-short","t-tbf01-cauchy-null0-loc0-scale0p70710678-df1-greater-on-t-two-dnorm-0p5-s0p5-short",1,1,1000,21262007
"materialize_bf_prior","short","t","t-two-dnorm-0p5-s0p5-short","t-tbf01-cauchy-null0-loc0-scale0p70710678-df1-greater-on-t-two-dnorm-0p5-s0p5-short",2,1001,2000,22262010
"materialize_bf_prior","short","t","t-two-dnorm-0p5-s0p5-short","t-tbf01-cauchy-null0-loc0-scale0p70710678-df1-greater-on-t-two-dnorm-0p5-s0p5-short",3,2001,3000,23262013
"materialize_bf_prior","short","t","t-two-dnorm-0p5-s0p5-short","t-tbf01-cauchy-null0-loc0-scale0p70710678-df1-greater-on-t-two-dnorm-0p5-s0p5-short",4,3001,4000,24262016
"materialize_bf_prior","short","t","t-two-dnorm-0p5-s0p5-short","t-tbf01-cauchy-null0-loc0-scale0p70710678-df1-greater-on-t-two-dnorm-0p5-s0p5-short",5,4001,5000,25262019
"materialize_bf_prior","short","t","t-two-dnorm-0p5-s0p5-short","t-tbf01-cauchy-null0-loc0-scale0p70710678-df1-greater-on-t-two-dnorm-0p5-s0p5-short",6,5001,6000,26262022
"materialize_bf_prior","short","t","t-two-dnorm-0p5-s0p5-short","t-tbf01-cauchy-null0-loc0-scale0p70710678-df1-greater-on-t-two-dnorm-0p5-s0p5-short",7,6001,7000,27262025
"materialize_bf_prior","short","t","t-two-dnorm-0p5-s0p5-short","t-tbf01-cauchy-null0-loc0-scale0p70710678-df1-greater-on-t-two-dnorm-0p5-s0p5-short",8,7001,8000,28262028
"materialize_bf_prior","short","t","t-two-dnorm-0p5-s0p5-short","t-tbf01-cauchy-null0-loc0-scale0p70710678-df1-greater-on-t-two-dnorm-0p5-s0p5-short",9,8001,9000,29262031
"materialize_bf_prior","short","t","t-two-dnorm-0p5-s0p5-short","t-tbf01-cauchy-null0-loc0-scale0p70710678-df1-greater-on-t-two-dnorm-0p5-s0p5-short",10,9001,10000,30262034
"materialize_bf_prior","short","t","t-two-dnorm-0p5-s0p5-short","t-tbf01-cauchy-null0-loc0-scale0p70710678-df1-less-on-t-two-dnorm-0p5-s0p5-short",1,1,1000,21262007
"materialize_bf_prior","short","t","t-two-dnorm-0p5-s0p5-short","t-tbf01-cauchy-null0-loc0-scale0p70710678-df1-less-on-t-two-dnorm-0p5-s0p5-short",2,1001,2000,22262010
"materialize_bf_prior","short","t","t-two-dnorm-0p5-s0p5-short","t-tbf01-cauchy-null0-loc0-scale0p70710678-df1-less-on-t-two-dnorm-0p5-s0p5-short",3,2001,3000,23262013
"materialize_bf_prior","short","t","t-two-dnorm-0p5-s0p5-short","t-tbf01-cauchy-null0-loc0-scale0p70710678-df1-less-on-t-two-dnorm-0p5-s0p5-short",4,3001,4000,24262016
"materialize_bf_prior","short","t","t-two-dnorm-0p5-s0p5-short","t-tbf01-cauchy-null0-loc0-scale0p70710678-df1-less-on-t-two-dnorm-0p5-s0p5-short",5,4001,5000,25262019
"materialize_bf_prior","short","t","t-two-dnorm-0p5-s0p5-short","t-tbf01-cauchy-null0-loc0-scale0p70710678-df1-less-on-t-two-dnorm-0p5-s0p5-short",6,5001,6000,26262022
"materialize_bf_prior","short","t","t-two-dnorm-0p5-s0p5-short","t-tbf01-cauchy-null0-loc0-scale0p70710678-df1-less-on-t-two-dnorm-0p5-s0p5-short",7,6001,7000,27262025
"materialize_bf_prior","short","t","t-two-dnorm-0p5-s0p5-short","t-tbf01-cauchy-null0-loc0-scale0p70710678-df1-less-on-t-two-dnorm-0p5-s0p5-short",8,7001,8000,28262028
"materialize_bf_prior","short","t","t-two-dnorm-0p5-s0p5-short","t-tbf01-cauchy-null0-loc0-scale0p70710678-df1-less-on-t-two-dnorm-0p5-s0p5-short",9,8001,9000,29262031
"materialize_bf_prior","short","t","t-two-dnorm-0p5-s0p5-short","t-tbf01-cauchy-null0-loc0-scale0p70710678-df1-less-on-t-two-dnorm-0p5-s0p5-short",10,9001,10000,30262034
"materialize_bf_prior","short","t","t-two-dnorm-0p5-s0p5-short","t-tbf01-cauchy-null0-loc0-scale0p35-df1-two-sided-on-t-two-dnorm-0p5-s0p5-short",1,1,1000,21262007
"materialize_bf_prior","short","t","t-two-dnorm-0p5-s0p5-short","t-tbf01-cauchy-null0-loc0-scale0p35-df1-two-sided-on-t-two-dnorm-0p5-s0p5-short",2,1001,2000,22262010
"materialize_bf_prior","short","t","t-two-dnorm-0p5-s0p5-short","t-tbf01-cauchy-null0-loc0-scale0p35-df1-two-sided-on-t-two-dnorm-0p5-s0p5-short",3,2001,3000,23262013
"materialize_bf_prior","short","t","t-two-dnorm-0p5-s0p5-short","t-tbf01-cauchy-null0-loc0-scale0p35-df1-two-sided-on-t-two-dnorm-0p5-s0p5-short",4,3001,4000,24262016
"materialize_bf_prior","short","t","t-two-dnorm-0p5-s0p5-short","t-tbf01-cauchy-null0-loc0-scale0p35-df1-two-sided-on-t-two-dnorm-0p5-s0p5-short",5,4001,5000,25262019
"materialize_bf_prior","short","t","t-two-dnorm-0p5-s0p5-short","t-tbf01-cauchy-null0-loc0-scale0p35-df1-two-sided-on-t-two-dnorm-0p5-s0p5-short",6,5001,6000,26262022
"materialize_bf_prior","short","t","t-two-dnorm-0p5-s0p5-short","t-tbf01-cauchy-null0-loc0-scale0p35-df1-two-sided-on-t-two-dnorm-0p5-s0p5-short",7,6001,7000,27262025
"materialize_bf_prior","short","t","t-two-dnorm-0p5-s0p5-short","t-tbf01-cauchy-null0-loc0-scale0p35-df1-two-sided-on-t-two-dnorm-0p5-s0p5-short",8,7001,8000,28262028
"materialize_bf_prior","short","t","t-two-dnorm-0p5-s0p5-short","t-tbf01-cauchy-null0-loc0-scale0p35-df1-two-sided-on-t-two-dnorm-0p5-s0p5-short",9,8001,9000,29262031
"materialize_bf_prior","short","t","t-two-dnorm-0p5-s0p5-short","t-tbf01-cauchy-null0-loc0-scale0p35-df1-two-sided-on-t-two-dnorm-0p5-s0p5-short",10,9001,10000,30262034
"materialize_bf_prior","short","t","t-two-dnorm-0p5-s0p5-short","t-tbf01-cauchy-null0-loc0-scale1-df1-two-sided-on-t-two-dnorm-0p5-s0p5-short",1,1,1000,21262007
"materialize_bf_prior","short","t","t-two-dnorm-0p5-s0p5-short","t-tbf01-cauchy-null0-loc0-scale1-df1-two-sided-on-t-two-dnorm-0p5-s0p5-short",2,1001,2000,22262010
"materialize_bf_prior","short","t","t-two-dnorm-0p5-s0p5-short","t-tbf01-cauchy-null0-loc0-scale1-df1-two-sided-on-t-two-dnorm-0p5-s0p5-short",3,2001,3000,23262013
"materialize_bf_prior","short","t","t-two-dnorm-0p5-s0p5-short","t-tbf01-cauchy-null0-loc0-scale1-df1-two-sided-on-t-two-dnorm-0p5-s0p5-short",4,3001,4000,24262016
"materialize_bf_prior","short","t","t-two-dnorm-0p5-s0p5-short","t-tbf01-cauchy-null0-loc0-scale1-df1-two-sided-on-t-two-dnorm-0p5-s0p5-short",5,4001,5000,25262019
"materialize_bf_prior","short","t","t-two-dnorm-0p5-s0p5-short","t-tbf01-cauchy-null0-loc0-scale1-df1-two-sided-on-t-two-dnorm-0p5-s0p5-short",6,5001,6000,26262022
"materialize_bf_prior","short","t","t-two-dnorm-0p5-s0p5-short","t-tbf01-cauchy-null0-loc0-scale1-df1-two-sided-on-t-two-dnorm-0p5-s0p5-short",7,6001,7000,27262025
"materialize_bf_prior","short","t","t-two-dnorm-0p5-s0p5-short","t-tbf01-cauchy-null0-loc0-scale1-df1-two-sided-on-t-two-dnorm-0p5-s0p5-short",8,7001,8000,28262028
"materialize_bf_prior","short","t","t-two-dnorm-0p5-s0p5-short","t-tbf01-cauchy-null0-loc0-scale1-df1-two-sided-on-t-two-dnorm-0p5-s0p5-short",9,8001,9000,29262031
"materialize_bf_prior","short","t","t-two-dnorm-0p5-s0p5-short","t-tbf01-cauchy-null0-loc0-scale1-df1-two-sided-on-t-two-dnorm-0p5-s0p5-short",10,9001,10000,30262034
"materialize_bf_prior","short","t","t-two-dnorm-0p5-s0p5-short","t-tbf01-student-t-null0-loc0-scale0p70710678-df3-two-sided-on-t-two-dnorm-0p5-s0p5-short",1,1,1000,21262007
"materialize_bf_prior","short","t","t-two-dnorm-0p5-s0p5-short","t-tbf01-student-t-null0-loc0-scale0p70710678-df3-two-sided-on-t-two-dnorm-0p5-s0p5-short",2,1001,2000,22262010
"materialize_bf_prior","short","t","t-two-dnorm-0p5-s0p5-short","t-tbf01-student-t-null0-loc0-scale0p70710678-df3-two-sided-on-t-two-dnorm-0p5-s0p5-short",3,2001,3000,23262013
"materialize_bf_prior","short","t","t-two-dnorm-0p5-s0p5-short","t-tbf01-student-t-null0-loc0-scale0p70710678-df3-two-sided-on-t-two-dnorm-0p5-s0p5-short",4,3001,4000,24262016
"materialize_bf_prior","short","t","t-two-dnorm-0p5-s0p5-short","t-tbf01-student-t-null0-loc0-scale0p70710678-df3-two-sided-on-t-two-dnorm-0p5-s0p5-short",5,4001,5000,25262019
"materialize_bf_prior","short","t","t-two-dnorm-0p5-s0p5-short","t-tbf01-student-t-null0-loc0-scale0p70710678-df3-two-sided-on-t-two-dnorm-0p5-s0p5-short",6,5001,6000,26262022
"materialize_bf_prior","short","t","t-two-dnorm-0p5-s0p5-short","t-tbf01-student-t-null0-loc0-scale0p70710678-df3-two-sided-on-t-two-dnorm-0p5-s0p5-short",7,6001,7000,27262025
"materialize_bf_prior","short","t","t-two-dnorm-0p5-s0p5-short","t-tbf01-student-t-null0-loc0-scale0p70710678-df3-two-sided-on-t-two-dnorm-0p5-s0p5-short",8,7001,8000,28262028
"materialize_bf_prior","short","t","t-two-dnorm-0p5-s0p5-short","t-tbf01-student-t-null0-loc0-scale0p70710678-df3-two-sided-on-t-two-dnorm-0p5-s0p5-short",9,8001,9000,29262031
"materialize_bf_prior","short","t","t-two-dnorm-0p5-s0p5-short","t-tbf01-student-t-null0-loc0-scale0p70710678-df3-two-sided-on-t-two-dnorm-0p5-s0p5-short",10,9001,10000,30262034
"materialize_bf_prior","short","t","t-two-dnorm-0p5-s0p5-short","t-tbf01-student-t-null0-loc0-scale0p70710678-df30-two-sided-on-t-two-dnorm-0p5-s0p5-short",1,1,1000,21262007
"materialize_bf_prior","short","t","t-two-dnorm-0p5-s0p5-short","t-tbf01-student-t-null0-loc0-scale0p70710678-df30-two-sided-on-t-two-dnorm-0p5-s0p5-short",2,1001,2000,22262010
"materialize_bf_prior","short","t","t-two-dnorm-0p5-s0p5-short","t-tbf01-student-t-null0-loc0-scale0p70710678-df30-two-sided-on-t-two-dnorm-0p5-s0p5-short",3,2001,3000,23262013
"materialize_bf_prior","short","t","t-two-dnorm-0p5-s0p5-short","t-tbf01-student-t-null0-loc0-scale0p70710678-df30-two-sided-on-t-two-dnorm-0p5-s0p5-short",4,3001,4000,24262016
"materialize_bf_prior","short","t","t-two-dnorm-0p5-s0p5-short","t-tbf01-student-t-null0-loc0-scale0p70710678-df30-two-sided-on-t-two-dnorm-0p5-s0p5-short",5,4001,5000,25262019
"materialize_bf_prior","short","t","t-two-dnorm-0p5-s0p5-short","t-tbf01-student-t-null0-loc0-scale0p70710678-df30-two-sided-on-t-two-dnorm-0p5-s0p5-short",6,5001,6000,26262022
"materialize_bf_prior","short","t","t-two-dnorm-0p5-s0p5-short","t-tbf01-student-t-null0-loc0-scale0p70710678-df30-two-sided-on-t-two-dnorm-0p5-s0p5-short",7,6001,7000,27262025
"materialize_bf_prior","short","t","t-two-dnorm-0p5-s0p5-short","t-tbf01-student-t-null0-loc0-scale0p70710678-df30-two-sided-on-t-two-dnorm-0p5-s0p5-short",8,7001,8000,28262028
"materialize_bf_prior","short","t","t-two-dnorm-0p5-s0p5-short","t-tbf01-student-t-null0-loc0-scale0p70710678-df30-two-sided-on-t-two-dnorm-0p5-s0p5-short",9,8001,9000,29262031
"materialize_bf_prior","short","t","t-two-dnorm-0p5-s0p5-short","t-tbf01-student-t-null0-loc0-scale0p70710678-df30-two-sided-on-t-two-dnorm-0p5-s0p5-short",10,9001,10000,30262034
"materialize_bf_prior","short","t","t-one-dpoint-0-short","t-tbf01-cauchy-null0-loc0-scale0p70710678-df1-two-sided-on-t-one-dpoint-0-short",1,1,1000,21262008
"materialize_bf_prior","short","t","t-one-dpoint-0-short","t-tbf01-cauchy-null0-loc0-scale0p70710678-df1-two-sided-on-t-one-dpoint-0-short",2,1001,2000,22262011
"materialize_bf_prior","short","t","t-one-dpoint-0-short","t-tbf01-cauchy-null0-loc0-scale0p70710678-df1-two-sided-on-t-one-dpoint-0-short",3,2001,3000,23262014
"materialize_bf_prior","short","t","t-one-dpoint-0-short","t-tbf01-cauchy-null0-loc0-scale0p70710678-df1-two-sided-on-t-one-dpoint-0-short",4,3001,4000,24262017
"materialize_bf_prior","short","t","t-one-dpoint-0-short","t-tbf01-cauchy-null0-loc0-scale0p70710678-df1-two-sided-on-t-one-dpoint-0-short",5,4001,5000,25262020
"materialize_bf_prior","short","t","t-one-dpoint-0-short","t-tbf01-cauchy-null0-loc0-scale0p70710678-df1-two-sided-on-t-one-dpoint-0-short",6,5001,6000,26262023
"materialize_bf_prior","short","t","t-one-dpoint-0-short","t-tbf01-cauchy-null0-loc0-scale0p70710678-df1-two-sided-on-t-one-dpoint-0-short",7,6001,7000,27262026
"materialize_bf_prior","short","t","t-one-dpoint-0-short","t-tbf01-cauchy-null0-loc0-scale0p70710678-df1-two-sided-on-t-one-dpoint-0-short",8,7001,8000,28262029
"materialize_bf_prior","short","t","t-one-dpoint-0-short","t-tbf01-cauchy-null0-loc0-scale0p70710678-df1-two-sided-on-t-one-dpoint-0-short",9,8001,9000,29262032
"materialize_bf_prior","short","t","t-one-dpoint-0-short","t-tbf01-cauchy-null0-loc0-scale0p70710678-df1-two-sided-on-t-one-dpoint-0-short",10,9001,10000,30262035
"materialize_bf_prior","short","t","t-one-dpoint-0-short","t-tbf01-cauchy-null0-loc0-scale0p70710678-df1-greater-on-t-one-dpoint-0-short",1,1,1000,21262008
"materialize_bf_prior","short","t","t-one-dpoint-0-short","t-tbf01-cauchy-null0-loc0-scale0p70710678-df1-greater-on-t-one-dpoint-0-short",2,1001,2000,22262011
"materialize_bf_prior","short","t","t-one-dpoint-0-short","t-tbf01-cauchy-null0-loc0-scale0p70710678-df1-greater-on-t-one-dpoint-0-short",3,2001,3000,23262014
"materialize_bf_prior","short","t","t-one-dpoint-0-short","t-tbf01-cauchy-null0-loc0-scale0p70710678-df1-greater-on-t-one-dpoint-0-short",4,3001,4000,24262017
"materialize_bf_prior","short","t","t-one-dpoint-0-short","t-tbf01-cauchy-null0-loc0-scale0p70710678-df1-greater-on-t-one-dpoint-0-short",5,4001,5000,25262020
"materialize_bf_prior","short","t","t-one-dpoint-0-short","t-tbf01-cauchy-null0-loc0-scale0p70710678-df1-greater-on-t-one-dpoint-0-short",6,5001,6000,26262023
"materialize_bf_prior","short","t","t-one-dpoint-0-short","t-tbf01-cauchy-null0-loc0-scale0p70710678-df1-greater-on-t-one-dpoint-0-short",7,6001,7000,27262026
"materialize_bf_prior","short","t","t-one-dpoint-0-short","t-tbf01-cauchy-null0-loc0-scale0p70710678-df1-greater-on-t-one-dpoint-0-short",8,7001,8000,28262029
"materialize_bf_prior","short","t","t-one-dpoint-0-short","t-tbf01-cauchy-null0-loc0-scale0p70710678-df1-greater-on-t-one-dpoint-0-short",9,8001,9000,29262032
"materialize_bf_prior","short","t","t-one-dpoint-0-short","t-tbf01-cauchy-null0-loc0-scale0p70710678-df1-greater-on-t-one-dpoint-0-short",10,9001,10000,30262035
"materialize_bf_prior","short","t","t-one-dpoint-0-short","t-tbf01-cauchy-null0-loc0-scale0p70710678-df1-less-on-t-one-dpoint-0-short",1,1,1000,21262008
"materialize_bf_prior","short","t","t-one-dpoint-0-short","t-tbf01-cauchy-null0-loc0-scale0p70710678-df1-less-on-t-one-dpoint-0-short",2,1001,2000,22262011
"materialize_bf_prior","short","t","t-one-dpoint-0-short","t-tbf01-cauchy-null0-loc0-scale0p70710678-df1-less-on-t-one-dpoint-0-short",3,2001,3000,23262014
"materialize_bf_prior","short","t","t-one-dpoint-0-short","t-tbf01-cauchy-null0-loc0-scale0p70710678-df1-less-on-t-one-dpoint-0-short",4,3001,4000,24262017
"materialize_bf_prior","short","t","t-one-dpoint-0-short","t-tbf01-cauchy-null0-loc0-scale0p70710678-df1-less-on-t-one-dpoint-0-short",5,4001,5000,25262020
"materialize_bf_prior","short","t","t-one-dpoint-0-short","t-tbf01-cauchy-null0-loc0-scale0p70710678-df1-less-on-t-one-dpoint-0-short",6,5001,6000,26262023
"materialize_bf_prior","short","t","t-one-dpoint-0-short","t-tbf01-cauchy-null0-loc0-scale0p70710678-df1-less-on-t-one-dpoint-0-short",7,6001,7000,27262026
"materialize_bf_prior","short","t","t-one-dpoint-0-short","t-tbf01-cauchy-null0-loc0-scale0p70710678-df1-less-on-t-one-dpoint-0-short",8,7001,8000,28262029
"materialize_bf_prior","short","t","t-one-dpoint-0-short","t-tbf01-cauchy-null0-loc0-scale0p70710678-df1-less-on-t-one-dpoint-0-short",9,8001,9000,29262032
"materialize_bf_prior","short","t","t-one-dpoint-0-short","t-tbf01-cauchy-null0-loc0-scale0p70710678-df1-less-on-t-one-dpoint-0-short",10,9001,10000,30262035
"materialize_bf_prior","short","t","t-one-dpoint-0-short","t-tbf01-cauchy-null0-loc0-scale0p35-df1-two-sided-on-t-one-dpoint-0-short",1,1,1000,21262008
"materialize_bf_prior","short","t","t-one-dpoint-0-short","t-tbf01-cauchy-null0-loc0-scale0p35-df1-two-sided-on-t-one-dpoint-0-short",2,1001,2000,22262011
"materialize_bf_prior","short","t","t-one-dpoint-0-short","t-tbf01-cauchy-null0-loc0-scale0p35-df1-two-sided-on-t-one-dpoint-0-short",3,2001,3000,23262014
"materialize_bf_prior","short","t","t-one-dpoint-0-short","t-tbf01-cauchy-null0-loc0-scale0p35-df1-two-sided-on-t-one-dpoint-0-short",4,3001,4000,24262017
"materialize_bf_prior","short","t","t-one-dpoint-0-short","t-tbf01-cauchy-null0-loc0-scale0p35-df1-two-sided-on-t-one-dpoint-0-short",5,4001,5000,25262020
"materialize_bf_prior","short","t","t-one-dpoint-0-short","t-tbf01-cauchy-null0-loc0-scale0p35-df1-two-sided-on-t-one-dpoint-0-short",6,5001,6000,26262023
"materialize_bf_prior","short","t","t-one-dpoint-0-short","t-tbf01-cauchy-null0-loc0-scale0p35-df1-two-sided-on-t-one-dpoint-0-short",7,6001,7000,27262026
"materialize_bf_prior","short","t","t-one-dpoint-0-short","t-tbf01-cauchy-null0-loc0-scale0p35-df1-two-sided-on-t-one-dpoint-0-short",8,7001,8000,28262029
"materialize_bf_prior","short","t","t-one-dpoint-0-short","t-tbf01-cauchy-null0-loc0-scale0p35-df1-two-sided-on-t-one-dpoint-0-short",9,8001,9000,29262032
"materialize_bf_prior","short","t","t-one-dpoint-0-short","t-tbf01-cauchy-null0-loc0-scale0p35-df1-two-sided-on-t-one-dpoint-0-short",10,9001,10000,30262035
"materialize_bf_prior","short","t","t-one-dpoint-0-short","t-tbf01-cauchy-null0-loc0-scale1-df1-two-sided-on-t-one-dpoint-0-short",1,1,1000,21262008
"materialize_bf_prior","short","t","t-one-dpoint-0-short","t-tbf01-cauchy-null0-loc0-scale1-df1-two-sided-on-t-one-dpoint-0-short",2,1001,2000,22262011
"materialize_bf_prior","short","t","t-one-dpoint-0-short","t-tbf01-cauchy-null0-loc0-scale1-df1-two-sided-on-t-one-dpoint-0-short",3,2001,3000,23262014
"materialize_bf_prior","short","t","t-one-dpoint-0-short","t-tbf01-cauchy-null0-loc0-scale1-df1-two-sided-on-t-one-dpoint-0-short",4,3001,4000,24262017
"materialize_bf_prior","short","t","t-one-dpoint-0-short","t-tbf01-cauchy-null0-loc0-scale1-df1-two-sided-on-t-one-dpoint-0-short",5,4001,5000,25262020
"materialize_bf_prior","short","t","t-one-dpoint-0-short","t-tbf01-cauchy-null0-loc0-scale1-df1-two-sided-on-t-one-dpoint-0-short",6,5001,6000,26262023
"materialize_bf_prior","short","t","t-one-dpoint-0-short","t-tbf01-cauchy-null0-loc0-scale1-df1-two-sided-on-t-one-dpoint-0-short",7,6001,7000,27262026
"materialize_bf_prior","short","t","t-one-dpoint-0-short","t-tbf01-cauchy-null0-loc0-scale1-df1-two-sided-on-t-one-dpoint-0-short",8,7001,8000,28262029
"materialize_bf_prior","short","t","t-one-dpoint-0-short","t-tbf01-cauchy-null0-loc0-scale1-df1-two-sided-on-t-one-dpoint-0-short",9,8001,9000,29262032
"materialize_bf_prior","short","t","t-one-dpoint-0-short","t-tbf01-cauchy-null0-loc0-scale1-df1-two-sided-on-t-one-dpoint-0-short",10,9001,10000,30262035
"materialize_bf_prior","short","t","t-one-dpoint-0-short","t-tbf01-student-t-null0-loc0-scale0p70710678-df3-two-sided-on-t-one-dpoint-0-short",1,1,1000,21262008
"materialize_bf_prior","short","t","t-one-dpoint-0-short","t-tbf01-student-t-null0-loc0-scale0p70710678-df3-two-sided-on-t-one-dpoint-0-short",2,1001,2000,22262011
"materialize_bf_prior","short","t","t-one-dpoint-0-short","t-tbf01-student-t-null0-loc0-scale0p70710678-df3-two-sided-on-t-one-dpoint-0-short",3,2001,3000,23262014
"materialize_bf_prior","short","t","t-one-dpoint-0-short","t-tbf01-student-t-null0-loc0-scale0p70710678-df3-two-sided-on-t-one-dpoint-0-short",4,3001,4000,24262017
"materialize_bf_prior","short","t","t-one-dpoint-0-short","t-tbf01-student-t-null0-loc0-scale0p70710678-df3-two-sided-on-t-one-dpoint-0-short",5,4001,5000,25262020
"materialize_bf_prior","short","t","t-one-dpoint-0-short","t-tbf01-student-t-null0-loc0-scale0p70710678-df3-two-sided-on-t-one-dpoint-0-short",6,5001,6000,26262023
"materialize_bf_prior","short","t","t-one-dpoint-0-short","t-tbf01-student-t-null0-loc0-scale0p70710678-df3-two-sided-on-t-one-dpoint-0-short",7,6001,7000,27262026
"materialize_bf_prior","short","t","t-one-dpoint-0-short","t-tbf01-student-t-null0-loc0-scale0p70710678-df3-two-sided-on-t-one-dpoint-0-short",8,7001,8000,28262029
"materialize_bf_prior","short","t","t-one-dpoint-0-short","t-tbf01-student-t-null0-loc0-scale0p70710678-df3-two-sided-on-t-one-dpoint-0-short",9,8001,9000,29262032
"materialize_bf_prior","short","t","t-one-dpoint-0-short","t-tbf01-student-t-null0-loc0-scale0p70710678-df3-two-sided-on-t-one-dpoint-0-short",10,9001,10000,30262035
"materialize_bf_prior","short","t","t-one-dpoint-0-short","t-tbf01-student-t-null0-loc0-scale0p70710678-df30-two-sided-on-t-one-dpoint-0-short",1,1,1000,21262008
"materialize_bf_prior","short","t","t-one-dpoint-0-short","t-tbf01-student-t-null0-loc0-scale0p70710678-df30-two-sided-on-t-one-dpoint-0-short",2,1001,2000,22262011
"materialize_bf_prior","short","t","t-one-dpoint-0-short","t-tbf01-student-t-null0-loc0-scale0p70710678-df30-two-sided-on-t-one-dpoint-0-short",3,2001,3000,23262014
"materialize_bf_prior","short","t","t-one-dpoint-0-short","t-tbf01-student-t-null0-loc0-scale0p70710678-df30-two-sided-on-t-one-dpoint-0-short",4,3001,4000,24262017
"materialize_bf_prior","short","t","t-one-dpoint-0-short","t-tbf01-student-t-null0-loc0-scale0p70710678-df30-two-sided-on-t-one-dpoint-0-short",5,4001,5000,25262020
"materialize_bf_prior","short","t","t-one-dpoint-0-short","t-tbf01-student-t-null0-loc0-scale0p70710678-df30-two-sided-on-t-one-dpoint-0-short",6,5001,6000,26262023
"materialize_bf_prior","short","t","t-one-dpoint-0-short","t-tbf01-student-t-null0-loc0-scale0p70710678-df30-two-sided-on-t-one-dpoint-0-short",7,6001,7000,27262026
"materialize_bf_prior","short","t","t-one-dpoint-0-short","t-tbf01-student-t-null0-loc0-scale0p70710678-df30-two-sided-on-t-one-dpoint-0-short",8,7001,8000,28262029
"materialize_bf_prior","short","t","t-one-dpoint-0-short","t-tbf01-student-t-null0-loc0-scale0p70710678-df30-two-sided-on-t-one-dpoint-0-short",9,8001,9000,29262032
"materialize_bf_prior","short","t","t-one-dpoint-0-short","t-tbf01-student-t-null0-loc0-scale0p70710678-df30-two-sided-on-t-one-dpoint-0-short",10,9001,10000,30262035
"materialize_bf_prior","short","t","t-one-dpoint-0p5-short","t-tbf01-cauchy-null0-loc0-scale0p70710678-df1-two-sided-on-t-one-dpoint-0p5-short",1,1,1000,21262009
"materialize_bf_prior","short","t","t-one-dpoint-0p5-short","t-tbf01-cauchy-null0-loc0-scale0p70710678-df1-two-sided-on-t-one-dpoint-0p5-short",2,1001,2000,22262012
"materialize_bf_prior","short","t","t-one-dpoint-0p5-short","t-tbf01-cauchy-null0-loc0-scale0p70710678-df1-two-sided-on-t-one-dpoint-0p5-short",3,2001,3000,23262015
"materialize_bf_prior","short","t","t-one-dpoint-0p5-short","t-tbf01-cauchy-null0-loc0-scale0p70710678-df1-two-sided-on-t-one-dpoint-0p5-short",4,3001,4000,24262018
"materialize_bf_prior","short","t","t-one-dpoint-0p5-short","t-tbf01-cauchy-null0-loc0-scale0p70710678-df1-two-sided-on-t-one-dpoint-0p5-short",5,4001,5000,25262021
"materialize_bf_prior","short","t","t-one-dpoint-0p5-short","t-tbf01-cauchy-null0-loc0-scale0p70710678-df1-two-sided-on-t-one-dpoint-0p5-short",6,5001,6000,26262024
"materialize_bf_prior","short","t","t-one-dpoint-0p5-short","t-tbf01-cauchy-null0-loc0-scale0p70710678-df1-two-sided-on-t-one-dpoint-0p5-short",7,6001,7000,27262027
"materialize_bf_prior","short","t","t-one-dpoint-0p5-short","t-tbf01-cauchy-null0-loc0-scale0p70710678-df1-two-sided-on-t-one-dpoint-0p5-short",8,7001,8000,28262030
"materialize_bf_prior","short","t","t-one-dpoint-0p5-short","t-tbf01-cauchy-null0-loc0-scale0p70710678-df1-two-sided-on-t-one-dpoint-0p5-short",9,8001,9000,29262033
"materialize_bf_prior","short","t","t-one-dpoint-0p5-short","t-tbf01-cauchy-null0-loc0-scale0p70710678-df1-two-sided-on-t-one-dpoint-0p5-short",10,9001,10000,30262036
"materialize_bf_prior","short","t","t-one-dpoint-0p5-short","t-tbf01-cauchy-null0-loc0-scale0p70710678-df1-greater-on-t-one-dpoint-0p5-short",1,1,1000,21262009
"materialize_bf_prior","short","t","t-one-dpoint-0p5-short","t-tbf01-cauchy-null0-loc0-scale0p70710678-df1-greater-on-t-one-dpoint-0p5-short",2,1001,2000,22262012
"materialize_bf_prior","short","t","t-one-dpoint-0p5-short","t-tbf01-cauchy-null0-loc0-scale0p70710678-df1-greater-on-t-one-dpoint-0p5-short",3,2001,3000,23262015
"materialize_bf_prior","short","t","t-one-dpoint-0p5-short","t-tbf01-cauchy-null0-loc0-scale0p70710678-df1-greater-on-t-one-dpoint-0p5-short",4,3001,4000,24262018
"materialize_bf_prior","short","t","t-one-dpoint-0p5-short","t-tbf01-cauchy-null0-loc0-scale0p70710678-df1-greater-on-t-one-dpoint-0p5-short",5,4001,5000,25262021
"materialize_bf_prior","short","t","t-one-dpoint-0p5-short","t-tbf01-cauchy-null0-loc0-scale0p70710678-df1-greater-on-t-one-dpoint-0p5-short",6,5001,6000,26262024
"materialize_bf_prior","short","t","t-one-dpoint-0p5-short","t-tbf01-cauchy-null0-loc0-scale0p70710678-df1-greater-on-t-one-dpoint-0p5-short",7,6001,7000,27262027
"materialize_bf_prior","short","t","t-one-dpoint-0p5-short","t-tbf01-cauchy-null0-loc0-scale0p70710678-df1-greater-on-t-one-dpoint-0p5-short",8,7001,8000,28262030
"materialize_bf_prior","short","t","t-one-dpoint-0p5-short","t-tbf01-cauchy-null0-loc0-scale0p70710678-df1-greater-on-t-one-dpoint-0p5-short",9,8001,9000,29262033
"materialize_bf_prior","short","t","t-one-dpoint-0p5-short","t-tbf01-cauchy-null0-loc0-scale0p70710678-df1-greater-on-t-one-dpoint-0p5-short",10,9001,10000,30262036
"materialize_bf_prior","short","t","t-one-dpoint-0p5-short","t-tbf01-cauchy-null0-loc0-scale0p70710678-df1-less-on-t-one-dpoint-0p5-short",1,1,1000,21262009
"materialize_bf_prior","short","t","t-one-dpoint-0p5-short","t-tbf01-cauchy-null0-loc0-scale0p70710678-df1-less-on-t-one-dpoint-0p5-short",2,1001,2000,22262012
"materialize_bf_prior","short","t","t-one-dpoint-0p5-short","t-tbf01-cauchy-null0-loc0-scale0p70710678-df1-less-on-t-one-dpoint-0p5-short",3,2001,3000,23262015
"materialize_bf_prior","short","t","t-one-dpoint-0p5-short","t-tbf01-cauchy-null0-loc0-scale0p70710678-df1-less-on-t-one-dpoint-0p5-short",4,3001,4000,24262018
"materialize_bf_prior","short","t","t-one-dpoint-0p5-short","t-tbf01-cauchy-null0-loc0-scale0p70710678-df1-less-on-t-one-dpoint-0p5-short",5,4001,5000,25262021
"materialize_bf_prior","short","t","t-one-dpoint-0p5-short","t-tbf01-cauchy-null0-loc0-scale0p70710678-df1-less-on-t-one-dpoint-0p5-short",6,5001,6000,26262024
"materialize_bf_prior","short","t","t-one-dpoint-0p5-short","t-tbf01-cauchy-null0-loc0-scale0p70710678-df1-less-on-t-one-dpoint-0p5-short",7,6001,7000,27262027
"materialize_bf_prior","short","t","t-one-dpoint-0p5-short","t-tbf01-cauchy-null0-loc0-scale0p70710678-df1-less-on-t-one-dpoint-0p5-short",8,7001,8000,28262030
"materialize_bf_prior","short","t","t-one-dpoint-0p5-short","t-tbf01-cauchy-null0-loc0-scale0p70710678-df1-less-on-t-one-dpoint-0p5-short",9,8001,9000,29262033
"materialize_bf_prior","short","t","t-one-dpoint-0p5-short","t-tbf01-cauchy-null0-loc0-scale0p70710678-df1-less-on-t-one-dpoint-0p5-short",10,9001,10000,30262036
"materialize_bf_prior","short","t","t-one-dpoint-0p5-short","t-tbf01-cauchy-null0-loc0-scale0p35-df1-two-sided-on-t-one-dpoint-0p5-short",1,1,1000,21262009
"materialize_bf_prior","short","t","t-one-dpoint-0p5-short","t-tbf01-cauchy-null0-loc0-scale0p35-df1-two-sided-on-t-one-dpoint-0p5-short",2,1001,2000,22262012
"materialize_bf_prior","short","t","t-one-dpoint-0p5-short","t-tbf01-cauchy-null0-loc0-scale0p35-df1-two-sided-on-t-one-dpoint-0p5-short",3,2001,3000,23262015
"materialize_bf_prior","short","t","t-one-dpoint-0p5-short","t-tbf01-cauchy-null0-loc0-scale0p35-df1-two-sided-on-t-one-dpoint-0p5-short",4,3001,4000,24262018
"materialize_bf_prior","short","t","t-one-dpoint-0p5-short","t-tbf01-cauchy-null0-loc0-scale0p35-df1-two-sided-on-t-one-dpoint-0p5-short",5,4001,5000,25262021
"materialize_bf_prior","short","t","t-one-dpoint-0p5-short","t-tbf01-cauchy-null0-loc0-scale0p35-df1-two-sided-on-t-one-dpoint-0p5-short",6,5001,6000,26262024
"materialize_bf_prior","short","t","t-one-dpoint-0p5-short","t-tbf01-cauchy-null0-loc0-scale0p35-df1-two-sided-on-t-one-dpoint-0p5-short",7,6001,7000,27262027
"materialize_bf_prior","short","t","t-one-dpoint-0p5-short","t-tbf01-cauchy-null0-loc0-scale0p35-df1-two-sided-on-t-one-dpoint-0p5-short",8,7001,8000,28262030
"materialize_bf_prior","short","t","t-one-dpoint-0p5-short","t-tbf01-cauchy-null0-loc0-scale0p35-df1-two-sided-on-t-one-dpoint-0p5-short",9,8001,9000,29262033
"materialize_bf_prior","short","t","t-one-dpoint-0p5-short","t-tbf01-cauchy-null0-loc0-scale0p35-df1-two-sided-on-t-one-dpoint-0p5-short",10,9001,10000,30262036
"materialize_bf_prior","short","t","t-one-dpoint-0p5-short","t-tbf01-cauchy-null0-loc0-scale1-df1-two-sided-on-t-one-dpoint-0p5-short",1,1,1000,21262009
"materialize_bf_prior","short","t","t-one-dpoint-0p5-short","t-tbf01-cauchy-null0-loc0-scale1-df1-two-sided-on-t-one-dpoint-0p5-short",2,1001,2000,22262012
"materialize_bf_prior","short","t","t-one-dpoint-0p5-short","t-tbf01-cauchy-null0-loc0-scale1-df1-two-sided-on-t-one-dpoint-0p5-short",3,2001,3000,23262015
"materialize_bf_prior","short","t","t-one-dpoint-0p5-short","t-tbf01-cauchy-null0-loc0-scale1-df1-two-sided-on-t-one-dpoint-0p5-short",4,3001,4000,24262018
"materialize_bf_prior","short","t","t-one-dpoint-0p5-short","t-tbf01-cauchy-null0-loc0-scale1-df1-two-sided-on-t-one-dpoint-0p5-short",5,4001,5000,25262021
"materialize_bf_prior","short","t","t-one-dpoint-0p5-short","t-tbf01-cauchy-null0-loc0-scale1-df1-two-sided-on-t-one-dpoint-0p5-short",6,5001,6000,26262024
"materialize_bf_prior","short","t","t-one-dpoint-0p5-short","t-tbf01-cauchy-null0-loc0-scale1-df1-two-sided-on-t-one-dpoint-0p5-short",7,6001,7000,27262027
"materialize_bf_prior","short","t","t-one-dpoint-0p5-short","t-tbf01-cauchy-null0-loc0-scale1-df1-two-sided-on-t-one-dpoint-0p5-short",8,7001,8000,28262030
"materialize_bf_prior","short","t","t-one-dpoint-0p5-short","t-tbf01-cauchy-null0-loc0-scale1-df1-two-sided-on-t-one-dpoint-0p5-short",9,8001,9000,29262033
"materialize_bf_prior","short","t","t-one-dpoint-0p5-short","t-tbf01-cauchy-null0-loc0-scale1-df1-two-sided-on-t-one-dpoint-0p5-short",10,9001,10000,30262036
"materialize_bf_prior","short","t","t-one-dpoint-0p5-short","t-tbf01-student-t-null0-loc0-scale0p70710678-df3-two-sided-on-t-one-dpoint-0p5-short",1,1,1000,21262009
"materialize_bf_prior","short","t","t-one-dpoint-0p5-short","t-tbf01-student-t-null0-loc0-scale0p70710678-df3-two-sided-on-t-one-dpoint-0p5-short",2,1001,2000,22262012
"materialize_bf_prior","short","t","t-one-dpoint-0p5-short","t-tbf01-student-t-null0-loc0-scale0p70710678-df3-two-sided-on-t-one-dpoint-0p5-short",3,2001,3000,23262015
"materialize_bf_prior","short","t","t-one-dpoint-0p5-short","t-tbf01-student-t-null0-loc0-scale0p70710678-df3-two-sided-on-t-one-dpoint-0p5-short",4,3001,4000,24262018
"materialize_bf_prior","short","t","t-one-dpoint-0p5-short","t-tbf01-student-t-null0-loc0-scale0p70710678-df3-two-sided-on-t-one-dpoint-0p5-short",5,4001,5000,25262021
"materialize_bf_prior","short","t","t-one-dpoint-0p5-short","t-tbf01-student-t-null0-loc0-scale0p70710678-df3-two-sided-on-t-one-dpoint-0p5-short",6,5001,6000,26262024
"materialize_bf_prior","short","t","t-one-dpoint-0p5-short","t-tbf01-student-t-null0-loc0-scale0p70710678-df3-two-sided-on-t-one-dpoint-0p5-short",7,6001,7000,27262027
"materialize_bf_prior","short","t","t-one-dpoint-0p5-short","t-tbf01-student-t-null0-loc0-scale0p70710678-df3-two-sided-on-t-one-dpoint-0p5-short",8,7001,8000,28262030
"materialize_bf_prior","short","t","t-one-dpoint-0p5-short","t-tbf01-student-t-null0-loc0-scale0p70710678-df3-two-sided-on-t-one-dpoint-0p5-short",9,8001,9000,29262033
"materialize_bf_prior","short","t","t-one-dpoint-0p5-short","t-tbf01-student-t-null0-loc0-scale0p70710678-df3-two-sided-on-t-one-dpoint-0p5-short",10,9001,10000,30262036
"materialize_bf_prior","short","t","t-one-dpoint-0p5-short","t-tbf01-student-t-null0-loc0-scale0p70710678-df30-two-sided-on-t-one-dpoint-0p5-short",1,1,1000,21262009
"materialize_bf_prior","short","t","t-one-dpoint-0p5-short","t-tbf01-student-t-null0-loc0-scale0p70710678-df30-two-sided-on-t-one-dpoint-0p5-short",2,1001,2000,22262012
"materialize_bf_prior","short","t","t-one-dpoint-0p5-short","t-tbf01-student-t-null0-loc0-scale0p70710678-df30-two-sided-on-t-one-dpoint-0p5-short",3,2001,3000,23262015
"materialize_bf_prior","short","t","t-one-dpoint-0p5-short","t-tbf01-student-t-null0-loc0-scale0p70710678-df30-two-sided-on-t-one-dpoint-0p5-short",4,3001,4000,24262018
"materialize_bf_prior","short","t","t-one-dpoint-0p5-short","t-tbf01-student-t-null0-loc0-scale0p70710678-df30-two-sided-on-t-one-dpoint-0p5-short",5,4001,5000,25262021
"materialize_bf_prior","short","t","t-one-dpoint-0p5-short","t-tbf01-student-t-null0-loc0-scale0p70710678-df30-two-sided-on-t-one-dpoint-0p5-short",6,5001,6000,26262024
"materialize_bf_prior","short","t","t-one-dpoint-0p5-short","t-tbf01-student-t-null0-loc0-scale0p70710678-df30-two-sided-on-t-one-dpoint-0p5-short",7,6001,7000,27262027
"materialize_bf_prior","short","t","t-one-dpoint-0p5-short","t-tbf01-student-t-null0-loc0-scale0p70710678-df30-two-sided-on-t-one-dpoint-0p5-short",8,7001,8000,28262030
"materialize_bf_prior","short","t","t-one-dpoint-0p5-short","t-tbf01-student-t-null0-loc0-scale0p70710678-df30-two-sided-on-t-one-dpoint-0p5-short",9,8001,9000,29262033
"materialize_bf_prior","short","t","t-one-dpoint-0p5-short","t-tbf01-student-t-null0-loc0-scale0p70710678-df30-two-sided-on-t-one-dpoint-0p5-short",10,9001,10000,30262036
"materialize_bf_prior","short","t","t-paired-dpoint-0-short","t-tbf01-cauchy-null0-loc0-scale0p70710678-df1-two-sided-on-t-paired-dpoint-0-short",1,1,1000,21262010
"materialize_bf_prior","short","t","t-paired-dpoint-0-short","t-tbf01-cauchy-null0-loc0-scale0p70710678-df1-two-sided-on-t-paired-dpoint-0-short",2,1001,2000,22262013
"materialize_bf_prior","short","t","t-paired-dpoint-0-short","t-tbf01-cauchy-null0-loc0-scale0p70710678-df1-two-sided-on-t-paired-dpoint-0-short",3,2001,3000,23262016
"materialize_bf_prior","short","t","t-paired-dpoint-0-short","t-tbf01-cauchy-null0-loc0-scale0p70710678-df1-two-sided-on-t-paired-dpoint-0-short",4,3001,4000,24262019
"materialize_bf_prior","short","t","t-paired-dpoint-0-short","t-tbf01-cauchy-null0-loc0-scale0p70710678-df1-two-sided-on-t-paired-dpoint-0-short",5,4001,5000,25262022
"materialize_bf_prior","short","t","t-paired-dpoint-0-short","t-tbf01-cauchy-null0-loc0-scale0p70710678-df1-two-sided-on-t-paired-dpoint-0-short",6,5001,6000,26262025
"materialize_bf_prior","short","t","t-paired-dpoint-0-short","t-tbf01-cauchy-null0-loc0-scale0p70710678-df1-two-sided-on-t-paired-dpoint-0-short",7,6001,7000,27262028
"materialize_bf_prior","short","t","t-paired-dpoint-0-short","t-tbf01-cauchy-null0-loc0-scale0p70710678-df1-two-sided-on-t-paired-dpoint-0-short",8,7001,8000,28262031
"materialize_bf_prior","short","t","t-paired-dpoint-0-short","t-tbf01-cauchy-null0-loc0-scale0p70710678-df1-two-sided-on-t-paired-dpoint-0-short",9,8001,9000,29262034
"materialize_bf_prior","short","t","t-paired-dpoint-0-short","t-tbf01-cauchy-null0-loc0-scale0p70710678-df1-two-sided-on-t-paired-dpoint-0-short",10,9001,10000,30262037
"materialize_bf_prior","short","t","t-paired-dpoint-0-short","t-tbf01-cauchy-null0-loc0-scale0p70710678-df1-greater-on-t-paired-dpoint-0-short",1,1,1000,21262010
"materialize_bf_prior","short","t","t-paired-dpoint-0-short","t-tbf01-cauchy-null0-loc0-scale0p70710678-df1-greater-on-t-paired-dpoint-0-short",2,1001,2000,22262013
"materialize_bf_prior","short","t","t-paired-dpoint-0-short","t-tbf01-cauchy-null0-loc0-scale0p70710678-df1-greater-on-t-paired-dpoint-0-short",3,2001,3000,23262016
"materialize_bf_prior","short","t","t-paired-dpoint-0-short","t-tbf01-cauchy-null0-loc0-scale0p70710678-df1-greater-on-t-paired-dpoint-0-short",4,3001,4000,24262019
"materialize_bf_prior","short","t","t-paired-dpoint-0-short","t-tbf01-cauchy-null0-loc0-scale0p70710678-df1-greater-on-t-paired-dpoint-0-short",5,4001,5000,25262022
"materialize_bf_prior","short","t","t-paired-dpoint-0-short","t-tbf01-cauchy-null0-loc0-scale0p70710678-df1-greater-on-t-paired-dpoint-0-short",6,5001,6000,26262025
"materialize_bf_prior","short","t","t-paired-dpoint-0-short","t-tbf01-cauchy-null0-loc0-scale0p70710678-df1-greater-on-t-paired-dpoint-0-short",7,6001,7000,27262028
"materialize_bf_prior","short","t","t-paired-dpoint-0-short","t-tbf01-cauchy-null0-loc0-scale0p70710678-df1-greater-on-t-paired-dpoint-0-short",8,7001,8000,28262031
"materialize_bf_prior","short","t","t-paired-dpoint-0-short","t-tbf01-cauchy-null0-loc0-scale0p70710678-df1-greater-on-t-paired-dpoint-0-short",9,8001,9000,29262034
"materialize_bf_prior","short","t","t-paired-dpoint-0-short","t-tbf01-cauchy-null0-loc0-scale0p70710678-df1-greater-on-t-paired-dpoint-0-short",10,9001,10000,30262037
"materialize_bf_prior","short","t","t-paired-dpoint-0-short","t-tbf01-cauchy-null0-loc0-scale0p70710678-df1-less-on-t-paired-dpoint-0-short",1,1,1000,21262010
"materialize_bf_prior","short","t","t-paired-dpoint-0-short","t-tbf01-cauchy-null0-loc0-scale0p70710678-df1-less-on-t-paired-dpoint-0-short",2,1001,2000,22262013
"materialize_bf_prior","short","t","t-paired-dpoint-0-short","t-tbf01-cauchy-null0-loc0-scale0p70710678-df1-less-on-t-paired-dpoint-0-short",3,2001,3000,23262016
"materialize_bf_prior","short","t","t-paired-dpoint-0-short","t-tbf01-cauchy-null0-loc0-scale0p70710678-df1-less-on-t-paired-dpoint-0-short",4,3001,4000,24262019
"materialize_bf_prior","short","t","t-paired-dpoint-0-short","t-tbf01-cauchy-null0-loc0-scale0p70710678-df1-less-on-t-paired-dpoint-0-short",5,4001,5000,25262022
"materialize_bf_prior","short","t","t-paired-dpoint-0-short","t-tbf01-cauchy-null0-loc0-scale0p70710678-df1-less-on-t-paired-dpoint-0-short",6,5001,6000,26262025
"materialize_bf_prior","short","t","t-paired-dpoint-0-short","t-tbf01-cauchy-null0-loc0-scale0p70710678-df1-less-on-t-paired-dpoint-0-short",7,6001,7000,27262028
"materialize_bf_prior","short","t","t-paired-dpoint-0-short","t-tbf01-cauchy-null0-loc0-scale0p70710678-df1-less-on-t-paired-dpoint-0-short",8,7001,8000,28262031
"materialize_bf_prior","short","t","t-paired-dpoint-0-short","t-tbf01-cauchy-null0-loc0-scale0p70710678-df1-less-on-t-paired-dpoint-0-short",9,8001,9000,29262034
"materialize_bf_prior","short","t","t-paired-dpoint-0-short","t-tbf01-cauchy-null0-loc0-scale0p70710678-df1-less-on-t-paired-dpoint-0-short",10,9001,10000,30262037
"materialize_bf_prior","short","t","t-paired-dpoint-0-short","t-tbf01-cauchy-null0-loc0-scale0p35-df1-two-sided-on-t-paired-dpoint-0-short",1,1,1000,21262010
"materialize_bf_prior","short","t","t-paired-dpoint-0-short","t-tbf01-cauchy-null0-loc0-scale0p35-df1-two-sided-on-t-paired-dpoint-0-short",2,1001,2000,22262013
"materialize_bf_prior","short","t","t-paired-dpoint-0-short","t-tbf01-cauchy-null0-loc0-scale0p35-df1-two-sided-on-t-paired-dpoint-0-short",3,2001,3000,23262016
"materialize_bf_prior","short","t","t-paired-dpoint-0-short","t-tbf01-cauchy-null0-loc0-scale0p35-df1-two-sided-on-t-paired-dpoint-0-short",4,3001,4000,24262019
"materialize_bf_prior","short","t","t-paired-dpoint-0-short","t-tbf01-cauchy-null0-loc0-scale0p35-df1-two-sided-on-t-paired-dpoint-0-short",5,4001,5000,25262022
"materialize_bf_prior","short","t","t-paired-dpoint-0-short","t-tbf01-cauchy-null0-loc0-scale0p35-df1-two-sided-on-t-paired-dpoint-0-short",6,5001,6000,26262025
"materialize_bf_prior","short","t","t-paired-dpoint-0-short","t-tbf01-cauchy-null0-loc0-scale0p35-df1-two-sided-on-t-paired-dpoint-0-short",7,6001,7000,27262028
"materialize_bf_prior","short","t","t-paired-dpoint-0-short","t-tbf01-cauchy-null0-loc0-scale0p35-df1-two-sided-on-t-paired-dpoint-0-short",8,7001,8000,28262031
"materialize_bf_prior","short","t","t-paired-dpoint-0-short","t-tbf01-cauchy-null0-loc0-scale0p35-df1-two-sided-on-t-paired-dpoint-0-short",9,8001,9000,29262034
"materialize_bf_prior","short","t","t-paired-dpoint-0-short","t-tbf01-cauchy-null0-loc0-scale0p35-df1-two-sided-on-t-paired-dpoint-0-short",10,9001,10000,30262037
"materialize_bf_prior","short","t","t-paired-dpoint-0-short","t-tbf01-cauchy-null0-loc0-scale1-df1-two-sided-on-t-paired-dpoint-0-short",1,1,1000,21262010
"materialize_bf_prior","short","t","t-paired-dpoint-0-short","t-tbf01-cauchy-null0-loc0-scale1-df1-two-sided-on-t-paired-dpoint-0-short",2,1001,2000,22262013
"materialize_bf_prior","short","t","t-paired-dpoint-0-short","t-tbf01-cauchy-null0-loc0-scale1-df1-two-sided-on-t-paired-dpoint-0-short",3,2001,3000,23262016
"materialize_bf_prior","short","t","t-paired-dpoint-0-short","t-tbf01-cauchy-null0-loc0-scale1-df1-two-sided-on-t-paired-dpoint-0-short",4,3001,4000,24262019
"materialize_bf_prior","short","t","t-paired-dpoint-0-short","t-tbf01-cauchy-null0-loc0-scale1-df1-two-sided-on-t-paired-dpoint-0-short",5,4001,5000,25262022
"materialize_bf_prior","short","t","t-paired-dpoint-0-short","t-tbf01-cauchy-null0-loc0-scale1-df1-two-sided-on-t-paired-dpoint-0-short",6,5001,6000,26262025
"materialize_bf_prior","short","t","t-paired-dpoint-0-short","t-tbf01-cauchy-null0-loc0-scale1-df1-two-sided-on-t-paired-dpoint-0-short",7,6001,7000,27262028
"materialize_bf_prior","short","t","t-paired-dpoint-0-short","t-tbf01-cauchy-null0-loc0-scale1-df1-two-sided-on-t-paired-dpoint-0-short",8,7001,8000,28262031
"materialize_bf_prior","short","t","t-paired-dpoint-0-short","t-tbf01-cauchy-null0-loc0-scale1-df1-two-sided-on-t-paired-dpoint-0-short",9,8001,9000,29262034
"materialize_bf_prior","short","t","t-paired-dpoint-0-short","t-tbf01-cauchy-null0-loc0-scale1-df1-two-sided-on-t-paired-dpoint-0-short",10,9001,10000,30262037
"materialize_bf_prior","short","t","t-paired-dpoint-0-short","t-tbf01-student-t-null0-loc0-scale0p70710678-df3-two-sided-on-t-paired-dpoint-0-short",1,1,1000,21262010
"materialize_bf_prior","short","t","t-paired-dpoint-0-short","t-tbf01-student-t-null0-loc0-scale0p70710678-df3-two-sided-on-t-paired-dpoint-0-short",2,1001,2000,22262013
"materialize_bf_prior","short","t","t-paired-dpoint-0-short","t-tbf01-student-t-null0-loc0-scale0p70710678-df3-two-sided-on-t-paired-dpoint-0-short",3,2001,3000,23262016
"materialize_bf_prior","short","t","t-paired-dpoint-0-short","t-tbf01-student-t-null0-loc0-scale0p70710678-df3-two-sided-on-t-paired-dpoint-0-short",4,3001,4000,24262019
"materialize_bf_prior","short","t","t-paired-dpoint-0-short","t-tbf01-student-t-null0-loc0-scale0p70710678-df3-two-sided-on-t-paired-dpoint-0-short",5,4001,5000,25262022
"materialize_bf_prior","short","t","t-paired-dpoint-0-short","t-tbf01-student-t-null0-loc0-scale0p70710678-df3-two-sided-on-t-paired-dpoint-0-short",6,5001,6000,26262025
"materialize_bf_prior","short","t","t-paired-dpoint-0-short","t-tbf01-student-t-null0-loc0-scale0p70710678-df3-two-sided-on-t-paired-dpoint-0-short",7,6001,7000,27262028
"materialize_bf_prior","short","t","t-paired-dpoint-0-short","t-tbf01-student-t-null0-loc0-scale0p70710678-df3-two-sided-on-t-paired-dpoint-0-short",8,7001,8000,28262031
"materialize_bf_prior","short","t","t-paired-dpoint-0-short","t-tbf01-student-t-null0-loc0-scale0p70710678-df3-two-sided-on-t-paired-dpoint-0-short",9,8001,9000,29262034
"materialize_bf_prior","short","t","t-paired-dpoint-0-short","t-tbf01-student-t-null0-loc0-scale0p70710678-df3-two-sided-on-t-paired-dpoint-0-short",10,9001,10000,30262037
"materialize_bf_prior","short","t","t-paired-dpoint-0-short","t-tbf01-student-t-null0-loc0-scale0p70710678-df30-two-sided-on-t-paired-dpoint-0-short",1,1,1000,21262010
"materialize_bf_prior","short","t","t-paired-dpoint-0-short","t-tbf01-student-t-null0-loc0-scale0p70710678-df30-two-sided-on-t-paired-dpoint-0-short",2,1001,2000,22262013
"materialize_bf_prior","short","t","t-paired-dpoint-0-short","t-tbf01-student-t-null0-loc0-scale0p70710678-df30-two-sided-on-t-paired-dpoint-0-short",3,2001,3000,23262016
"materialize_bf_prior","short","t","t-paired-dpoint-0-short","t-tbf01-student-t-null0-loc0-scale0p70710678-df30-two-sided-on-t-paired-dpoint-0-short",4,3001,4000,24262019
"materialize_bf_prior","short","t","t-paired-dpoint-0-short","t-tbf01-student-t-null0-loc0-scale0p70710678-df30-two-sided-on-t-paired-dpoint-0-short",5,4001,5000,25262022
"materialize_bf_prior","short","t","t-paired-dpoint-0-short","t-tbf01-student-t-null0-loc0-scale0p70710678-df30-two-sided-on-t-paired-dpoint-0-short",6,5001,6000,26262025
"materialize_bf_prior","short","t","t-paired-dpoint-0-short","t-tbf01-student-t-null0-loc0-scale0p70710678-df30-two-sided-on-t-paired-dpoint-0-short",7,6001,7000,27262028
"materialize_bf_prior","short","t","t-paired-dpoint-0-short","t-tbf01-student-t-null0-loc0-scale0p70710678-df30-two-sided-on-t-paired-dpoint-0-short",8,7001,8000,28262031
"materialize_bf_prior","short","t","t-paired-dpoint-0-short","t-tbf01-student-t-null0-loc0-scale0p70710678-df30-two-sided-on-t-paired-dpoint-0-short",9,8001,9000,29262034
"materialize_bf_prior","short","t","t-paired-dpoint-0-short","t-tbf01-student-t-null0-loc0-scale0p70710678-df30-two-sided-on-t-paired-dpoint-0-short",10,9001,10000,30262037
"materialize_bf_prior","short","t","t-paired-dpoint-0p5-short","t-tbf01-cauchy-null0-loc0-scale0p70710678-df1-two-sided-on-t-paired-dpoint-0p5-short",1,1,1000,21262011
"materialize_bf_prior","short","t","t-paired-dpoint-0p5-short","t-tbf01-cauchy-null0-loc0-scale0p70710678-df1-two-sided-on-t-paired-dpoint-0p5-short",2,1001,2000,22262014
"materialize_bf_prior","short","t","t-paired-dpoint-0p5-short","t-tbf01-cauchy-null0-loc0-scale0p70710678-df1-two-sided-on-t-paired-dpoint-0p5-short",3,2001,3000,23262017
"materialize_bf_prior","short","t","t-paired-dpoint-0p5-short","t-tbf01-cauchy-null0-loc0-scale0p70710678-df1-two-sided-on-t-paired-dpoint-0p5-short",4,3001,4000,24262020
"materialize_bf_prior","short","t","t-paired-dpoint-0p5-short","t-tbf01-cauchy-null0-loc0-scale0p70710678-df1-two-sided-on-t-paired-dpoint-0p5-short",5,4001,5000,25262023
"materialize_bf_prior","short","t","t-paired-dpoint-0p5-short","t-tbf01-cauchy-null0-loc0-scale0p70710678-df1-two-sided-on-t-paired-dpoint-0p5-short",6,5001,6000,26262026
"materialize_bf_prior","short","t","t-paired-dpoint-0p5-short","t-tbf01-cauchy-null0-loc0-scale0p70710678-df1-two-sided-on-t-paired-dpoint-0p5-short",7,6001,7000,27262029
"materialize_bf_prior","short","t","t-paired-dpoint-0p5-short","t-tbf01-cauchy-null0-loc0-scale0p70710678-df1-two-sided-on-t-paired-dpoint-0p5-short",8,7001,8000,28262032
"materialize_bf_prior","short","t","t-paired-dpoint-0p5-short","t-tbf01-cauchy-null0-loc0-scale0p70710678-df1-two-sided-on-t-paired-dpoint-0p5-short",9,8001,9000,29262035
"materialize_bf_prior","short","t","t-paired-dpoint-0p5-short","t-tbf01-cauchy-null0-loc0-scale0p70710678-df1-two-sided-on-t-paired-dpoint-0p5-short",10,9001,10000,30262038
"materialize_bf_prior","short","t","t-paired-dpoint-0p5-short","t-tbf01-cauchy-null0-loc0-scale0p70710678-df1-greater-on-t-paired-dpoint-0p5-short",1,1,1000,21262011
"materialize_bf_prior","short","t","t-paired-dpoint-0p5-short","t-tbf01-cauchy-null0-loc0-scale0p70710678-df1-greater-on-t-paired-dpoint-0p5-short",2,1001,2000,22262014
"materialize_bf_prior","short","t","t-paired-dpoint-0p5-short","t-tbf01-cauchy-null0-loc0-scale0p70710678-df1-greater-on-t-paired-dpoint-0p5-short",3,2001,3000,23262017
"materialize_bf_prior","short","t","t-paired-dpoint-0p5-short","t-tbf01-cauchy-null0-loc0-scale0p70710678-df1-greater-on-t-paired-dpoint-0p5-short",4,3001,4000,24262020
"materialize_bf_prior","short","t","t-paired-dpoint-0p5-short","t-tbf01-cauchy-null0-loc0-scale0p70710678-df1-greater-on-t-paired-dpoint-0p5-short",5,4001,5000,25262023
"materialize_bf_prior","short","t","t-paired-dpoint-0p5-short","t-tbf01-cauchy-null0-loc0-scale0p70710678-df1-greater-on-t-paired-dpoint-0p5-short",6,5001,6000,26262026
"materialize_bf_prior","short","t","t-paired-dpoint-0p5-short","t-tbf01-cauchy-null0-loc0-scale0p70710678-df1-greater-on-t-paired-dpoint-0p5-short",7,6001,7000,27262029
"materialize_bf_prior","short","t","t-paired-dpoint-0p5-short","t-tbf01-cauchy-null0-loc0-scale0p70710678-df1-greater-on-t-paired-dpoint-0p5-short",8,7001,8000,28262032
"materialize_bf_prior","short","t","t-paired-dpoint-0p5-short","t-tbf01-cauchy-null0-loc0-scale0p70710678-df1-greater-on-t-paired-dpoint-0p5-short",9,8001,9000,29262035
"materialize_bf_prior","short","t","t-paired-dpoint-0p5-short","t-tbf01-cauchy-null0-loc0-scale0p70710678-df1-greater-on-t-paired-dpoint-0p5-short",10,9001,10000,30262038
"materialize_bf_prior","short","t","t-paired-dpoint-0p5-short","t-tbf01-cauchy-null0-loc0-scale0p70710678-df1-less-on-t-paired-dpoint-0p5-short",1,1,1000,21262011
"materialize_bf_prior","short","t","t-paired-dpoint-0p5-short","t-tbf01-cauchy-null0-loc0-scale0p70710678-df1-less-on-t-paired-dpoint-0p5-short",2,1001,2000,22262014
"materialize_bf_prior","short","t","t-paired-dpoint-0p5-short","t-tbf01-cauchy-null0-loc0-scale0p70710678-df1-less-on-t-paired-dpoint-0p5-short",3,2001,3000,23262017
"materialize_bf_prior","short","t","t-paired-dpoint-0p5-short","t-tbf01-cauchy-null0-loc0-scale0p70710678-df1-less-on-t-paired-dpoint-0p5-short",4,3001,4000,24262020
"materialize_bf_prior","short","t","t-paired-dpoint-0p5-short","t-tbf01-cauchy-null0-loc0-scale0p70710678-df1-less-on-t-paired-dpoint-0p5-short",5,4001,5000,25262023
"materialize_bf_prior","short","t","t-paired-dpoint-0p5-short","t-tbf01-cauchy-null0-loc0-scale0p70710678-df1-less-on-t-paired-dpoint-0p5-short",6,5001,6000,26262026
"materialize_bf_prior","short","t","t-paired-dpoint-0p5-short","t-tbf01-cauchy-null0-loc0-scale0p70710678-df1-less-on-t-paired-dpoint-0p5-short",7,6001,7000,27262029
"materialize_bf_prior","short","t","t-paired-dpoint-0p5-short","t-tbf01-cauchy-null0-loc0-scale0p70710678-df1-less-on-t-paired-dpoint-0p5-short",8,7001,8000,28262032
"materialize_bf_prior","short","t","t-paired-dpoint-0p5-short","t-tbf01-cauchy-null0-loc0-scale0p70710678-df1-less-on-t-paired-dpoint-0p5-short",9,8001,9000,29262035
"materialize_bf_prior","short","t","t-paired-dpoint-0p5-short","t-tbf01-cauchy-null0-loc0-scale0p70710678-df1-less-on-t-paired-dpoint-0p5-short",10,9001,10000,30262038
"materialize_bf_prior","short","t","t-paired-dpoint-0p5-short","t-tbf01-cauchy-null0-loc0-scale0p35-df1-two-sided-on-t-paired-dpoint-0p5-short",1,1,1000,21262011
"materialize_bf_prior","short","t","t-paired-dpoint-0p5-short","t-tbf01-cauchy-null0-loc0-scale0p35-df1-two-sided-on-t-paired-dpoint-0p5-short",2,1001,2000,22262014
"materialize_bf_prior","short","t","t-paired-dpoint-0p5-short","t-tbf01-cauchy-null0-loc0-scale0p35-df1-two-sided-on-t-paired-dpoint-0p5-short",3,2001,3000,23262017
"materialize_bf_prior","short","t","t-paired-dpoint-0p5-short","t-tbf01-cauchy-null0-loc0-scale0p35-df1-two-sided-on-t-paired-dpoint-0p5-short",4,3001,4000,24262020
"materialize_bf_prior","short","t","t-paired-dpoint-0p5-short","t-tbf01-cauchy-null0-loc0-scale0p35-df1-two-sided-on-t-paired-dpoint-0p5-short",5,4001,5000,25262023
"materialize_bf_prior","short","t","t-paired-dpoint-0p5-short","t-tbf01-cauchy-null0-loc0-scale0p35-df1-two-sided-on-t-paired-dpoint-0p5-short",6,5001,6000,26262026
"materialize_bf_prior","short","t","t-paired-dpoint-0p5-short","t-tbf01-cauchy-null0-loc0-scale0p35-df1-two-sided-on-t-paired-dpoint-0p5-short",7,6001,7000,27262029
"materialize_bf_prior","short","t","t-paired-dpoint-0p5-short","t-tbf01-cauchy-null0-loc0-scale0p35-df1-two-sided-on-t-paired-dpoint-0p5-short",8,7001,8000,28262032
"materialize_bf_prior","short","t","t-paired-dpoint-0p5-short","t-tbf01-cauchy-null0-loc0-scale0p35-df1-two-sided-on-t-paired-dpoint-0p5-short",9,8001,9000,29262035
"materialize_bf_prior","short","t","t-paired-dpoint-0p5-short","t-tbf01-cauchy-null0-loc0-scale0p35-df1-two-sided-on-t-paired-dpoint-0p5-short",10,9001,10000,30262038
"materialize_bf_prior","short","t","t-paired-dpoint-0p5-short","t-tbf01-cauchy-null0-loc0-scale1-df1-two-sided-on-t-paired-dpoint-0p5-short",1,1,1000,21262011
"materialize_bf_prior","short","t","t-paired-dpoint-0p5-short","t-tbf01-cauchy-null0-loc0-scale1-df1-two-sided-on-t-paired-dpoint-0p5-short",2,1001,2000,22262014
"materialize_bf_prior","short","t","t-paired-dpoint-0p5-short","t-tbf01-cauchy-null0-loc0-scale1-df1-two-sided-on-t-paired-dpoint-0p5-short",3,2001,3000,23262017
"materialize_bf_prior","short","t","t-paired-dpoint-0p5-short","t-tbf01-cauchy-null0-loc0-scale1-df1-two-sided-on-t-paired-dpoint-0p5-short",4,3001,4000,24262020
"materialize_bf_prior","short","t","t-paired-dpoint-0p5-short","t-tbf01-cauchy-null0-loc0-scale1-df1-two-sided-on-t-paired-dpoint-0p5-short",5,4001,5000,25262023
"materialize_bf_prior","short","t","t-paired-dpoint-0p5-short","t-tbf01-cauchy-null0-loc0-scale1-df1-two-sided-on-t-paired-dpoint-0p5-short",6,5001,6000,26262026
"materialize_bf_prior","short","t","t-paired-dpoint-0p5-short","t-tbf01-cauchy-null0-loc0-scale1-df1-two-sided-on-t-paired-dpoint-0p5-short",7,6001,7000,27262029
"materialize_bf_prior","short","t","t-paired-dpoint-0p5-short","t-tbf01-cauchy-null0-loc0-scale1-df1-two-sided-on-t-paired-dpoint-0p5-short",8,7001,8000,28262032
"materialize_bf_prior","short","t","t-paired-dpoint-0p5-short","t-tbf01-cauchy-null0-loc0-scale1-df1-two-sided-on-t-paired-dpoint-0p5-short",9,8001,9000,29262035
"materialize_bf_prior","short","t","t-paired-dpoint-0p5-short","t-tbf01-cauchy-null0-loc0-scale1-df1-two-sided-on-t-paired-dpoint-0p5-short",10,9001,10000,30262038
"materialize_bf_prior","short","t","t-paired-dpoint-0p5-short","t-tbf01-student-t-null0-loc0-scale0p70710678-df3-two-sided-on-t-paired-dpoint-0p5-short",1,1,1000,21262011
"materialize_bf_prior","short","t","t-paired-dpoint-0p5-short","t-tbf01-student-t-null0-loc0-scale0p70710678-df3-two-sided-on-t-paired-dpoint-0p5-short",2,1001,2000,22262014
"materialize_bf_prior","short","t","t-paired-dpoint-0p5-short","t-tbf01-student-t-null0-loc0-scale0p70710678-df3-two-sided-on-t-paired-dpoint-0p5-short",3,2001,3000,23262017
"materialize_bf_prior","short","t","t-paired-dpoint-0p5-short","t-tbf01-student-t-null0-loc0-scale0p70710678-df3-two-sided-on-t-paired-dpoint-0p5-short",4,3001,4000,24262020
"materialize_bf_prior","short","t","t-paired-dpoint-0p5-short","t-tbf01-student-t-null0-loc0-scale0p70710678-df3-two-sided-on-t-paired-dpoint-0p5-short",5,4001,5000,25262023
"materialize_bf_prior","short","t","t-paired-dpoint-0p5-short","t-tbf01-student-t-null0-loc0-scale0p70710678-df3-two-sided-on-t-paired-dpoint-0p5-short",6,5001,6000,26262026
"materialize_bf_prior","short","t","t-paired-dpoint-0p5-short","t-tbf01-student-t-null0-loc0-scale0p70710678-df3-two-sided-on-t-paired-dpoint-0p5-short",7,6001,7000,27262029
"materialize_bf_prior","short","t","t-paired-dpoint-0p5-short","t-tbf01-student-t-null0-loc0-scale0p70710678-df3-two-sided-on-t-paired-dpoint-0p5-short",8,7001,8000,28262032
"materialize_bf_prior","short","t","t-paired-dpoint-0p5-short","t-tbf01-student-t-null0-loc0-scale0p70710678-df3-two-sided-on-t-paired-dpoint-0p5-short",9,8001,9000,29262035
"materialize_bf_prior","short","t","t-paired-dpoint-0p5-short","t-tbf01-student-t-null0-loc0-scale0p70710678-df3-two-sided-on-t-paired-dpoint-0p5-short",10,9001,10000,30262038
"materialize_bf_prior","short","t","t-paired-dpoint-0p5-short","t-tbf01-student-t-null0-loc0-scale0p70710678-df30-two-sided-on-t-paired-dpoint-0p5-short",1,1,1000,21262011
"materialize_bf_prior","short","t","t-paired-dpoint-0p5-short","t-tbf01-student-t-null0-loc0-scale0p70710678-df30-two-sided-on-t-paired-dpoint-0p5-short",2,1001,2000,22262014
"materialize_bf_prior","short","t","t-paired-dpoint-0p5-short","t-tbf01-student-t-null0-loc0-scale0p70710678-df30-two-sided-on-t-paired-dpoint-0p5-short",3,2001,3000,23262017
"materialize_bf_prior","short","t","t-paired-dpoint-0p5-short","t-tbf01-student-t-null0-loc0-scale0p70710678-df30-two-sided-on-t-paired-dpoint-0p5-short",4,3001,4000,24262020
"materialize_bf_prior","short","t","t-paired-dpoint-0p5-short","t-tbf01-student-t-null0-loc0-scale0p70710678-df30-two-sided-on-t-paired-dpoint-0p5-short",5,4001,5000,25262023
"materialize_bf_prior","short","t","t-paired-dpoint-0p5-short","t-tbf01-student-t-null0-loc0-scale0p70710678-df30-two-sided-on-t-paired-dpoint-0p5-short",6,5001,6000,26262026
"materialize_bf_prior","short","t","t-paired-dpoint-0p5-short","t-tbf01-student-t-null0-loc0-scale0p70710678-df30-two-sided-on-t-paired-dpoint-0p5-short",7,6001,7000,27262029
"materialize_bf_prior","short","t","t-paired-dpoint-0p5-short","t-tbf01-student-t-null0-loc0-scale0p70710678-df30-two-sided-on-t-paired-dpoint-0p5-short",8,7001,8000,28262032
"materialize_bf_prior","short","t","t-paired-dpoint-0p5-short","t-tbf01-student-t-null0-loc0-scale0p70710678-df30-two-sided-on-t-paired-dpoint-0p5-short",9,8001,9000,29262035
"materialize_bf_prior","short","t","t-paired-dpoint-0p5-short","t-tbf01-student-t-null0-loc0-scale0p70710678-df30-two-sided-on-t-paired-dpoint-0p5-short",10,9001,10000,30262038
"materialize_bf_prior","adversarial","t","t-two-dpoint-m0p4-short","t-tbf01-cauchy-null0-loc0-scale0p70710678-df1-two-sided-on-t-two-dpoint-m0p4-short",1,1,1000,21262012
"materialize_bf_prior","adversarial","t","t-two-dpoint-m0p4-short","t-tbf01-cauchy-null0-loc0-scale0p70710678-df1-two-sided-on-t-two-dpoint-m0p4-short",2,1001,2000,22262015
"materialize_bf_prior","adversarial","t","t-two-dpoint-m0p4-short","t-tbf01-cauchy-null0-loc0-scale0p70710678-df1-two-sided-on-t-two-dpoint-m0p4-short",3,2001,3000,23262018
"materialize_bf_prior","adversarial","t","t-two-dpoint-m0p4-short","t-tbf01-cauchy-null0-loc0-scale0p70710678-df1-two-sided-on-t-two-dpoint-m0p4-short",4,3001,4000,24262021
"materialize_bf_prior","adversarial","t","t-two-dpoint-m0p4-short","t-tbf01-cauchy-null0-loc0-scale0p70710678-df1-two-sided-on-t-two-dpoint-m0p4-short",5,4001,5000,25262024
"materialize_bf_prior","adversarial","t","t-two-dpoint-m0p4-short","t-tbf01-cauchy-null0-loc0-scale0p70710678-df1-two-sided-on-t-two-dpoint-m0p4-short",6,5001,6000,26262027
"materialize_bf_prior","adversarial","t","t-two-dpoint-m0p4-short","t-tbf01-cauchy-null0-loc0-scale0p70710678-df1-two-sided-on-t-two-dpoint-m0p4-short",7,6001,7000,27262030
"materialize_bf_prior","adversarial","t","t-two-dpoint-m0p4-short","t-tbf01-cauchy-null0-loc0-scale0p70710678-df1-two-sided-on-t-two-dpoint-m0p4-short",8,7001,8000,28262033
"materialize_bf_prior","adversarial","t","t-two-dpoint-m0p4-short","t-tbf01-cauchy-null0-loc0-scale0p70710678-df1-two-sided-on-t-two-dpoint-m0p4-short",9,8001,9000,29262036
"materialize_bf_prior","adversarial","t","t-two-dpoint-m0p4-short","t-tbf01-cauchy-null0-loc0-scale0p70710678-df1-two-sided-on-t-two-dpoint-m0p4-short",10,9001,10000,30262039
"materialize_bf_prior","adversarial","t","t-two-dpoint-m0p4-short","t-tbf01-cauchy-null0-loc0-scale0p70710678-df1-greater-on-t-two-dpoint-m0p4-short",1,1,1000,21262012
"materialize_bf_prior","adversarial","t","t-two-dpoint-m0p4-short","t-tbf01-cauchy-null0-loc0-scale0p70710678-df1-greater-on-t-two-dpoint-m0p4-short",2,1001,2000,22262015
"materialize_bf_prior","adversarial","t","t-two-dpoint-m0p4-short","t-tbf01-cauchy-null0-loc0-scale0p70710678-df1-greater-on-t-two-dpoint-m0p4-short",3,2001,3000,23262018
"materialize_bf_prior","adversarial","t","t-two-dpoint-m0p4-short","t-tbf01-cauchy-null0-loc0-scale0p70710678-df1-greater-on-t-two-dpoint-m0p4-short",4,3001,4000,24262021
"materialize_bf_prior","adversarial","t","t-two-dpoint-m0p4-short","t-tbf01-cauchy-null0-loc0-scale0p70710678-df1-greater-on-t-two-dpoint-m0p4-short",5,4001,5000,25262024
"materialize_bf_prior","adversarial","t","t-two-dpoint-m0p4-short","t-tbf01-cauchy-null0-loc0-scale0p70710678-df1-greater-on-t-two-dpoint-m0p4-short",6,5001,6000,26262027
"materialize_bf_prior","adversarial","t","t-two-dpoint-m0p4-short","t-tbf01-cauchy-null0-loc0-scale0p70710678-df1-greater-on-t-two-dpoint-m0p4-short",7,6001,7000,27262030
"materialize_bf_prior","adversarial","t","t-two-dpoint-m0p4-short","t-tbf01-cauchy-null0-loc0-scale0p70710678-df1-greater-on-t-two-dpoint-m0p4-short",8,7001,8000,28262033
"materialize_bf_prior","adversarial","t","t-two-dpoint-m0p4-short","t-tbf01-cauchy-null0-loc0-scale0p70710678-df1-greater-on-t-two-dpoint-m0p4-short",9,8001,9000,29262036
"materialize_bf_prior","adversarial","t","t-two-dpoint-m0p4-short","t-tbf01-cauchy-null0-loc0-scale0p70710678-df1-greater-on-t-two-dpoint-m0p4-short",10,9001,10000,30262039
"materialize_bf_prior","adversarial","t","t-two-dpoint-m0p4-short","t-tbf01-cauchy-null0-loc0-scale0p70710678-df1-less-on-t-two-dpoint-m0p4-short",1,1,1000,21262012
"materialize_bf_prior","adversarial","t","t-two-dpoint-m0p4-short","t-tbf01-cauchy-null0-loc0-scale0p70710678-df1-less-on-t-two-dpoint-m0p4-short",2,1001,2000,22262015
"materialize_bf_prior","adversarial","t","t-two-dpoint-m0p4-short","t-tbf01-cauchy-null0-loc0-scale0p70710678-df1-less-on-t-two-dpoint-m0p4-short",3,2001,3000,23262018
"materialize_bf_prior","adversarial","t","t-two-dpoint-m0p4-short","t-tbf01-cauchy-null0-loc0-scale0p70710678-df1-less-on-t-two-dpoint-m0p4-short",4,3001,4000,24262021
"materialize_bf_prior","adversarial","t","t-two-dpoint-m0p4-short","t-tbf01-cauchy-null0-loc0-scale0p70710678-df1-less-on-t-two-dpoint-m0p4-short",5,4001,5000,25262024
"materialize_bf_prior","adversarial","t","t-two-dpoint-m0p4-short","t-tbf01-cauchy-null0-loc0-scale0p70710678-df1-less-on-t-two-dpoint-m0p4-short",6,5001,6000,26262027
"materialize_bf_prior","adversarial","t","t-two-dpoint-m0p4-short","t-tbf01-cauchy-null0-loc0-scale0p70710678-df1-less-on-t-two-dpoint-m0p4-short",7,6001,7000,27262030
"materialize_bf_prior","adversarial","t","t-two-dpoint-m0p4-short","t-tbf01-cauchy-null0-loc0-scale0p70710678-df1-less-on-t-two-dpoint-m0p4-short",8,7001,8000,28262033
"materialize_bf_prior","adversarial","t","t-two-dpoint-m0p4-short","t-tbf01-cauchy-null0-loc0-scale0p70710678-df1-less-on-t-two-dpoint-m0p4-short",9,8001,9000,29262036
"materialize_bf_prior","adversarial","t","t-two-dpoint-m0p4-short","t-tbf01-cauchy-null0-loc0-scale0p70710678-df1-less-on-t-two-dpoint-m0p4-short",10,9001,10000,30262039
"materialize_bf_prior","adversarial","t","t-two-dpoint-m0p4-short","t-tbf01-cauchy-null0-loc0-scale0p35-df1-two-sided-on-t-two-dpoint-m0p4-short",1,1,1000,21262012
"materialize_bf_prior","adversarial","t","t-two-dpoint-m0p4-short","t-tbf01-cauchy-null0-loc0-scale0p35-df1-two-sided-on-t-two-dpoint-m0p4-short",2,1001,2000,22262015
"materialize_bf_prior","adversarial","t","t-two-dpoint-m0p4-short","t-tbf01-cauchy-null0-loc0-scale0p35-df1-two-sided-on-t-two-dpoint-m0p4-short",3,2001,3000,23262018
"materialize_bf_prior","adversarial","t","t-two-dpoint-m0p4-short","t-tbf01-cauchy-null0-loc0-scale0p35-df1-two-sided-on-t-two-dpoint-m0p4-short",4,3001,4000,24262021
"materialize_bf_prior","adversarial","t","t-two-dpoint-m0p4-short","t-tbf01-cauchy-null0-loc0-scale0p35-df1-two-sided-on-t-two-dpoint-m0p4-short",5,4001,5000,25262024
"materialize_bf_prior","adversarial","t","t-two-dpoint-m0p4-short","t-tbf01-cauchy-null0-loc0-scale0p35-df1-two-sided-on-t-two-dpoint-m0p4-short",6,5001,6000,26262027
"materialize_bf_prior","adversarial","t","t-two-dpoint-m0p4-short","t-tbf01-cauchy-null0-loc0-scale0p35-df1-two-sided-on-t-two-dpoint-m0p4-short",7,6001,7000,27262030
"materialize_bf_prior","adversarial","t","t-two-dpoint-m0p4-short","t-tbf01-cauchy-null0-loc0-scale0p35-df1-two-sided-on-t-two-dpoint-m0p4-short",8,7001,8000,28262033
"materialize_bf_prior","adversarial","t","t-two-dpoint-m0p4-short","t-tbf01-cauchy-null0-loc0-scale0p35-df1-two-sided-on-t-two-dpoint-m0p4-short",9,8001,9000,29262036
"materialize_bf_prior","adversarial","t","t-two-dpoint-m0p4-short","t-tbf01-cauchy-null0-loc0-scale0p35-df1-two-sided-on-t-two-dpoint-m0p4-short",10,9001,10000,30262039
"materialize_bf_prior","adversarial","t","t-two-dpoint-m0p4-short","t-tbf01-cauchy-null0-loc0-scale1-df1-two-sided-on-t-two-dpoint-m0p4-short",1,1,1000,21262012
"materialize_bf_prior","adversarial","t","t-two-dpoint-m0p4-short","t-tbf01-cauchy-null0-loc0-scale1-df1-two-sided-on-t-two-dpoint-m0p4-short",2,1001,2000,22262015
"materialize_bf_prior","adversarial","t","t-two-dpoint-m0p4-short","t-tbf01-cauchy-null0-loc0-scale1-df1-two-sided-on-t-two-dpoint-m0p4-short",3,2001,3000,23262018
"materialize_bf_prior","adversarial","t","t-two-dpoint-m0p4-short","t-tbf01-cauchy-null0-loc0-scale1-df1-two-sided-on-t-two-dpoint-m0p4-short",4,3001,4000,24262021
"materialize_bf_prior","adversarial","t","t-two-dpoint-m0p4-short","t-tbf01-cauchy-null0-loc0-scale1-df1-two-sided-on-t-two-dpoint-m0p4-short",5,4001,5000,25262024
"materialize_bf_prior","adversarial","t","t-two-dpoint-m0p4-short","t-tbf01-cauchy-null0-loc0-scale1-df1-two-sided-on-t-two-dpoint-m0p4-short",6,5001,6000,26262027
"materialize_bf_prior","adversarial","t","t-two-dpoint-m0p4-short","t-tbf01-cauchy-null0-loc0-scale1-df1-two-sided-on-t-two-dpoint-m0p4-short",7,6001,7000,27262030
"materialize_bf_prior","adversarial","t","t-two-dpoint-m0p4-short","t-tbf01-cauchy-null0-loc0-scale1-df1-two-sided-on-t-two-dpoint-m0p4-short",8,7001,8000,28262033
"materialize_bf_prior","adversarial","t","t-two-dpoint-m0p4-short","t-tbf01-cauchy-null0-loc0-scale1-df1-two-sided-on-t-two-dpoint-m0p4-short",9,8001,9000,29262036
"materialize_bf_prior","adversarial","t","t-two-dpoint-m0p4-short","t-tbf01-cauchy-null0-loc0-scale1-df1-two-sided-on-t-two-dpoint-m0p4-short",10,9001,10000,30262039
"materialize_bf_prior","adversarial","t","t-two-dpoint-m0p4-short","t-tbf01-student-t-null0-loc0-scale0p70710678-df3-two-sided-on-t-two-dpoint-m0p4-short",1,1,1000,21262012
"materialize_bf_prior","adversarial","t","t-two-dpoint-m0p4-short","t-tbf01-student-t-null0-loc0-scale0p70710678-df3-two-sided-on-t-two-dpoint-m0p4-short",2,1001,2000,22262015
"materialize_bf_prior","adversarial","t","t-two-dpoint-m0p4-short","t-tbf01-student-t-null0-loc0-scale0p70710678-df3-two-sided-on-t-two-dpoint-m0p4-short",3,2001,3000,23262018
"materialize_bf_prior","adversarial","t","t-two-dpoint-m0p4-short","t-tbf01-student-t-null0-loc0-scale0p70710678-df3-two-sided-on-t-two-dpoint-m0p4-short",4,3001,4000,24262021
"materialize_bf_prior","adversarial","t","t-two-dpoint-m0p4-short","t-tbf01-student-t-null0-loc0-scale0p70710678-df3-two-sided-on-t-two-dpoint-m0p4-short",5,4001,5000,25262024
"materialize_bf_prior","adversarial","t","t-two-dpoint-m0p4-short","t-tbf01-student-t-null0-loc0-scale0p70710678-df3-two-sided-on-t-two-dpoint-m0p4-short",6,5001,6000,26262027
"materialize_bf_prior","adversarial","t","t-two-dpoint-m0p4-short","t-tbf01-student-t-null0-loc0-scale0p70710678-df3-two-sided-on-t-two-dpoint-m0p4-short",7,6001,7000,27262030
"materialize_bf_prior","adversarial","t","t-two-dpoint-m0p4-short","t-tbf01-student-t-null0-loc0-scale0p70710678-df3-two-sided-on-t-two-dpoint-m0p4-short",8,7001,8000,28262033
"materialize_bf_prior","adversarial","t","t-two-dpoint-m0p4-short","t-tbf01-student-t-null0-loc0-scale0p70710678-df3-two-sided-on-t-two-dpoint-m0p4-short",9,8001,9000,29262036
"materialize_bf_prior","adversarial","t","t-two-dpoint-m0p4-short","t-tbf01-student-t-null0-loc0-scale0p70710678-df3-two-sided-on-t-two-dpoint-m0p4-short",10,9001,10000,30262039
"materialize_bf_prior","adversarial","t","t-two-dpoint-m0p4-short","t-tbf01-student-t-null0-loc0-scale0p70710678-df30-two-sided-on-t-two-dpoint-m0p4-short",1,1,1000,21262012
"materialize_bf_prior","adversarial","t","t-two-dpoint-m0p4-short","t-tbf01-student-t-null0-loc0-scale0p70710678-df30-two-sided-on-t-two-dpoint-m0p4-short",2,1001,2000,22262015
"materialize_bf_prior","adversarial","t","t-two-dpoint-m0p4-short","t-tbf01-student-t-null0-loc0-scale0p70710678-df30-two-sided-on-t-two-dpoint-m0p4-short",3,2001,3000,23262018
"materialize_bf_prior","adversarial","t","t-two-dpoint-m0p4-short","t-tbf01-student-t-null0-loc0-scale0p70710678-df30-two-sided-on-t-two-dpoint-m0p4-short",4,3001,4000,24262021
"materialize_bf_prior","adversarial","t","t-two-dpoint-m0p4-short","t-tbf01-student-t-null0-loc0-scale0p70710678-df30-two-sided-on-t-two-dpoint-m0p4-short",5,4001,5000,25262024
"materialize_bf_prior","adversarial","t","t-two-dpoint-m0p4-short","t-tbf01-student-t-null0-loc0-scale0p70710678-df30-two-sided-on-t-two-dpoint-m0p4-short",6,5001,6000,26262027
"materialize_bf_prior","adversarial","t","t-two-dpoint-m0p4-short","t-tbf01-student-t-null0-loc0-scale0p70710678-df30-two-sided-on-t-two-dpoint-m0p4-short",7,6001,7000,27262030
"materialize_bf_prior","adversarial","t","t-two-dpoint-m0p4-short","t-tbf01-student-t-null0-loc0-scale0p70710678-df30-two-sided-on-t-two-dpoint-m0p4-short",8,7001,8000,28262033
"materialize_bf_prior","adversarial","t","t-two-dpoint-m0p4-short","t-tbf01-student-t-null0-loc0-scale0p70710678-df30-two-sided-on-t-two-dpoint-m0p4-short",9,8001,9000,29262036
"materialize_bf_prior","adversarial","t","t-two-dpoint-m0p4-short","t-tbf01-student-t-null0-loc0-scale0p70710678-df30-two-sided-on-t-two-dpoint-m0p4-short",10,9001,10000,30262039
"materialize_bf_prior","adversarial","t","t-two-dpoint-0-n2x1p1-short","t-tbf01-cauchy-null0-loc0-scale0p70710678-df1-two-sided-on-t-two-dpoint-0-n2x1p1-short",1,1,1000,21262013
"materialize_bf_prior","adversarial","t","t-two-dpoint-0-n2x1p1-short","t-tbf01-cauchy-null0-loc0-scale0p70710678-df1-two-sided-on-t-two-dpoint-0-n2x1p1-short",2,1001,2000,22262016
"materialize_bf_prior","adversarial","t","t-two-dpoint-0-n2x1p1-short","t-tbf01-cauchy-null0-loc0-scale0p70710678-df1-two-sided-on-t-two-dpoint-0-n2x1p1-short",3,2001,3000,23262019
"materialize_bf_prior","adversarial","t","t-two-dpoint-0-n2x1p1-short","t-tbf01-cauchy-null0-loc0-scale0p70710678-df1-two-sided-on-t-two-dpoint-0-n2x1p1-short",4,3001,4000,24262022
"materialize_bf_prior","adversarial","t","t-two-dpoint-0-n2x1p1-short","t-tbf01-cauchy-null0-loc0-scale0p70710678-df1-two-sided-on-t-two-dpoint-0-n2x1p1-short",5,4001,5000,25262025
"materialize_bf_prior","adversarial","t","t-two-dpoint-0-n2x1p1-short","t-tbf01-cauchy-null0-loc0-scale0p70710678-df1-two-sided-on-t-two-dpoint-0-n2x1p1-short",6,5001,6000,26262028
"materialize_bf_prior","adversarial","t","t-two-dpoint-0-n2x1p1-short","t-tbf01-cauchy-null0-loc0-scale0p70710678-df1-two-sided-on-t-two-dpoint-0-n2x1p1-short",7,6001,7000,27262031
"materialize_bf_prior","adversarial","t","t-two-dpoint-0-n2x1p1-short","t-tbf01-cauchy-null0-loc0-scale0p70710678-df1-two-sided-on-t-two-dpoint-0-n2x1p1-short",8,7001,8000,28262034
"materialize_bf_prior","adversarial","t","t-two-dpoint-0-n2x1p1-short","t-tbf01-cauchy-null0-loc0-scale0p70710678-df1-two-sided-on-t-two-dpoint-0-n2x1p1-short",9,8001,9000,29262037
"materialize_bf_prior","adversarial","t","t-two-dpoint-0-n2x1p1-short","t-tbf01-cauchy-null0-loc0-scale0p70710678-df1-two-sided-on-t-two-dpoint-0-n2x1p1-short",10,9001,10000,30262040
"materialize_bf_prior","adversarial","t","t-two-dpoint-0-n2x1p1-short","t-tbf01-cauchy-null0-loc0-scale0p70710678-df1-greater-on-t-two-dpoint-0-n2x1p1-short",1,1,1000,21262013
"materialize_bf_prior","adversarial","t","t-two-dpoint-0-n2x1p1-short","t-tbf01-cauchy-null0-loc0-scale0p70710678-df1-greater-on-t-two-dpoint-0-n2x1p1-short",2,1001,2000,22262016
"materialize_bf_prior","adversarial","t","t-two-dpoint-0-n2x1p1-short","t-tbf01-cauchy-null0-loc0-scale0p70710678-df1-greater-on-t-two-dpoint-0-n2x1p1-short",3,2001,3000,23262019
"materialize_bf_prior","adversarial","t","t-two-dpoint-0-n2x1p1-short","t-tbf01-cauchy-null0-loc0-scale0p70710678-df1-greater-on-t-two-dpoint-0-n2x1p1-short",4,3001,4000,24262022
"materialize_bf_prior","adversarial","t","t-two-dpoint-0-n2x1p1-short","t-tbf01-cauchy-null0-loc0-scale0p70710678-df1-greater-on-t-two-dpoint-0-n2x1p1-short",5,4001,5000,25262025
"materialize_bf_prior","adversarial","t","t-two-dpoint-0-n2x1p1-short","t-tbf01-cauchy-null0-loc0-scale0p70710678-df1-greater-on-t-two-dpoint-0-n2x1p1-short",6,5001,6000,26262028
"materialize_bf_prior","adversarial","t","t-two-dpoint-0-n2x1p1-short","t-tbf01-cauchy-null0-loc0-scale0p70710678-df1-greater-on-t-two-dpoint-0-n2x1p1-short",7,6001,7000,27262031
"materialize_bf_prior","adversarial","t","t-two-dpoint-0-n2x1p1-short","t-tbf01-cauchy-null0-loc0-scale0p70710678-df1-greater-on-t-two-dpoint-0-n2x1p1-short",8,7001,8000,28262034
"materialize_bf_prior","adversarial","t","t-two-dpoint-0-n2x1p1-short","t-tbf01-cauchy-null0-loc0-scale0p70710678-df1-greater-on-t-two-dpoint-0-n2x1p1-short",9,8001,9000,29262037
"materialize_bf_prior","adversarial","t","t-two-dpoint-0-n2x1p1-short","t-tbf01-cauchy-null0-loc0-scale0p70710678-df1-greater-on-t-two-dpoint-0-n2x1p1-short",10,9001,10000,30262040
"materialize_bf_prior","adversarial","t","t-two-dpoint-0-n2x1p1-short","t-tbf01-cauchy-null0-loc0-scale0p70710678-df1-less-on-t-two-dpoint-0-n2x1p1-short",1,1,1000,21262013
"materialize_bf_prior","adversarial","t","t-two-dpoint-0-n2x1p1-short","t-tbf01-cauchy-null0-loc0-scale0p70710678-df1-less-on-t-two-dpoint-0-n2x1p1-short",2,1001,2000,22262016
"materialize_bf_prior","adversarial","t","t-two-dpoint-0-n2x1p1-short","t-tbf01-cauchy-null0-loc0-scale0p70710678-df1-less-on-t-two-dpoint-0-n2x1p1-short",3,2001,3000,23262019
"materialize_bf_prior","adversarial","t","t-two-dpoint-0-n2x1p1-short","t-tbf01-cauchy-null0-loc0-scale0p70710678-df1-less-on-t-two-dpoint-0-n2x1p1-short",4,3001,4000,24262022
"materialize_bf_prior","adversarial","t","t-two-dpoint-0-n2x1p1-short","t-tbf01-cauchy-null0-loc0-scale0p70710678-df1-less-on-t-two-dpoint-0-n2x1p1-short",5,4001,5000,25262025
"materialize_bf_prior","adversarial","t","t-two-dpoint-0-n2x1p1-short","t-tbf01-cauchy-null0-loc0-scale0p70710678-df1-less-on-t-two-dpoint-0-n2x1p1-short",6,5001,6000,26262028
"materialize_bf_prior","adversarial","t","t-two-dpoint-0-n2x1p1-short","t-tbf01-cauchy-null0-loc0-scale0p70710678-df1-less-on-t-two-dpoint-0-n2x1p1-short",7,6001,7000,27262031
"materialize_bf_prior","adversarial","t","t-two-dpoint-0-n2x1p1-short","t-tbf01-cauchy-null0-loc0-scale0p70710678-df1-less-on-t-two-dpoint-0-n2x1p1-short",8,7001,8000,28262034
"materialize_bf_prior","adversarial","t","t-two-dpoint-0-n2x1p1-short","t-tbf01-cauchy-null0-loc0-scale0p70710678-df1-less-on-t-two-dpoint-0-n2x1p1-short",9,8001,9000,29262037
"materialize_bf_prior","adversarial","t","t-two-dpoint-0-n2x1p1-short","t-tbf01-cauchy-null0-loc0-scale0p70710678-df1-less-on-t-two-dpoint-0-n2x1p1-short",10,9001,10000,30262040
"materialize_bf_prior","adversarial","t","t-two-dpoint-0-n2x1p1-short","t-tbf01-cauchy-null0-loc0-scale0p35-df1-two-sided-on-t-two-dpoint-0-n2x1p1-short",1,1,1000,21262013
"materialize_bf_prior","adversarial","t","t-two-dpoint-0-n2x1p1-short","t-tbf01-cauchy-null0-loc0-scale0p35-df1-two-sided-on-t-two-dpoint-0-n2x1p1-short",2,1001,2000,22262016
"materialize_bf_prior","adversarial","t","t-two-dpoint-0-n2x1p1-short","t-tbf01-cauchy-null0-loc0-scale0p35-df1-two-sided-on-t-two-dpoint-0-n2x1p1-short",3,2001,3000,23262019
"materialize_bf_prior","adversarial","t","t-two-dpoint-0-n2x1p1-short","t-tbf01-cauchy-null0-loc0-scale0p35-df1-two-sided-on-t-two-dpoint-0-n2x1p1-short",4,3001,4000,24262022
"materialize_bf_prior","adversarial","t","t-two-dpoint-0-n2x1p1-short","t-tbf01-cauchy-null0-loc0-scale0p35-df1-two-sided-on-t-two-dpoint-0-n2x1p1-short",5,4001,5000,25262025
"materialize_bf_prior","adversarial","t","t-two-dpoint-0-n2x1p1-short","t-tbf01-cauchy-null0-loc0-scale0p35-df1-two-sided-on-t-two-dpoint-0-n2x1p1-short",6,5001,6000,26262028
"materialize_bf_prior","adversarial","t","t-two-dpoint-0-n2x1p1-short","t-tbf01-cauchy-null0-loc0-scale0p35-df1-two-sided-on-t-two-dpoint-0-n2x1p1-short",7,6001,7000,27262031
"materialize_bf_prior","adversarial","t","t-two-dpoint-0-n2x1p1-short","t-tbf01-cauchy-null0-loc0-scale0p35-df1-two-sided-on-t-two-dpoint-0-n2x1p1-short",8,7001,8000,28262034
"materialize_bf_prior","adversarial","t","t-two-dpoint-0-n2x1p1-short","t-tbf01-cauchy-null0-loc0-scale0p35-df1-two-sided-on-t-two-dpoint-0-n2x1p1-short",9,8001,9000,29262037
"materialize_bf_prior","adversarial","t","t-two-dpoint-0-n2x1p1-short","t-tbf01-cauchy-null0-loc0-scale0p35-df1-two-sided-on-t-two-dpoint-0-n2x1p1-short",10,9001,10000,30262040
"materialize_bf_prior","adversarial","t","t-two-dpoint-0-n2x1p1-short","t-tbf01-cauchy-null0-loc0-scale1-df1-two-sided-on-t-two-dpoint-0-n2x1p1-short",1,1,1000,21262013
"materialize_bf_prior","adversarial","t","t-two-dpoint-0-n2x1p1-short","t-tbf01-cauchy-null0-loc0-scale1-df1-two-sided-on-t-two-dpoint-0-n2x1p1-short",2,1001,2000,22262016
"materialize_bf_prior","adversarial","t","t-two-dpoint-0-n2x1p1-short","t-tbf01-cauchy-null0-loc0-scale1-df1-two-sided-on-t-two-dpoint-0-n2x1p1-short",3,2001,3000,23262019
"materialize_bf_prior","adversarial","t","t-two-dpoint-0-n2x1p1-short","t-tbf01-cauchy-null0-loc0-scale1-df1-two-sided-on-t-two-dpoint-0-n2x1p1-short",4,3001,4000,24262022
"materialize_bf_prior","adversarial","t","t-two-dpoint-0-n2x1p1-short","t-tbf01-cauchy-null0-loc0-scale1-df1-two-sided-on-t-two-dpoint-0-n2x1p1-short",5,4001,5000,25262025
"materialize_bf_prior","adversarial","t","t-two-dpoint-0-n2x1p1-short","t-tbf01-cauchy-null0-loc0-scale1-df1-two-sided-on-t-two-dpoint-0-n2x1p1-short",6,5001,6000,26262028
"materialize_bf_prior","adversarial","t","t-two-dpoint-0-n2x1p1-short","t-tbf01-cauchy-null0-loc0-scale1-df1-two-sided-on-t-two-dpoint-0-n2x1p1-short",7,6001,7000,27262031
"materialize_bf_prior","adversarial","t","t-two-dpoint-0-n2x1p1-short","t-tbf01-cauchy-null0-loc0-scale1-df1-two-sided-on-t-two-dpoint-0-n2x1p1-short",8,7001,8000,28262034
"materialize_bf_prior","adversarial","t","t-two-dpoint-0-n2x1p1-short","t-tbf01-cauchy-null0-loc0-scale1-df1-two-sided-on-t-two-dpoint-0-n2x1p1-short",9,8001,9000,29262037
"materialize_bf_prior","adversarial","t","t-two-dpoint-0-n2x1p1-short","t-tbf01-cauchy-null0-loc0-scale1-df1-two-sided-on-t-two-dpoint-0-n2x1p1-short",10,9001,10000,30262040
"materialize_bf_prior","adversarial","t","t-two-dpoint-0-n2x1p1-short","t-tbf01-student-t-null0-loc0-scale0p70710678-df3-two-sided-on-t-two-dpoint-0-n2x1p1-short",1,1,1000,21262013
"materialize_bf_prior","adversarial","t","t-two-dpoint-0-n2x1p1-short","t-tbf01-student-t-null0-loc0-scale0p70710678-df3-two-sided-on-t-two-dpoint-0-n2x1p1-short",2,1001,2000,22262016
"materialize_bf_prior","adversarial","t","t-two-dpoint-0-n2x1p1-short","t-tbf01-student-t-null0-loc0-scale0p70710678-df3-two-sided-on-t-two-dpoint-0-n2x1p1-short",3,2001,3000,23262019
"materialize_bf_prior","adversarial","t","t-two-dpoint-0-n2x1p1-short","t-tbf01-student-t-null0-loc0-scale0p70710678-df3-two-sided-on-t-two-dpoint-0-n2x1p1-short",4,3001,4000,24262022
"materialize_bf_prior","adversarial","t","t-two-dpoint-0-n2x1p1-short","t-tbf01-student-t-null0-loc0-scale0p70710678-df3-two-sided-on-t-two-dpoint-0-n2x1p1-short",5,4001,5000,25262025
"materialize_bf_prior","adversarial","t","t-two-dpoint-0-n2x1p1-short","t-tbf01-student-t-null0-loc0-scale0p70710678-df3-two-sided-on-t-two-dpoint-0-n2x1p1-short",6,5001,6000,26262028
"materialize_bf_prior","adversarial","t","t-two-dpoint-0-n2x1p1-short","t-tbf01-student-t-null0-loc0-scale0p70710678-df3-two-sided-on-t-two-dpoint-0-n2x1p1-short",7,6001,7000,27262031
"materialize_bf_prior","adversarial","t","t-two-dpoint-0-n2x1p1-short","t-tbf01-student-t-null0-loc0-scale0p70710678-df3-two-sided-on-t-two-dpoint-0-n2x1p1-short",8,7001,8000,28262034
"materialize_bf_prior","adversarial","t","t-two-dpoint-0-n2x1p1-short","t-tbf01-student-t-null0-loc0-scale0p70710678-df3-two-sided-on-t-two-dpoint-0-n2x1p1-short",9,8001,9000,29262037
"materialize_bf_prior","adversarial","t","t-two-dpoint-0-n2x1p1-short","t-tbf01-student-t-null0-loc0-scale0p70710678-df3-two-sided-on-t-two-dpoint-0-n2x1p1-short",10,9001,10000,30262040
"materialize_bf_prior","adversarial","t","t-two-dpoint-0-n2x1p1-short","t-tbf01-student-t-null0-loc0-scale0p70710678-df30-two-sided-on-t-two-dpoint-0-n2x1p1-short",1,1,1000,21262013
"materialize_bf_prior","adversarial","t","t-two-dpoint-0-n2x1p1-short","t-tbf01-student-t-null0-loc0-scale0p70710678-df30-two-sided-on-t-two-dpoint-0-n2x1p1-short",2,1001,2000,22262016
"materialize_bf_prior","adversarial","t","t-two-dpoint-0-n2x1p1-short","t-tbf01-student-t-null0-loc0-scale0p70710678-df30-two-sided-on-t-two-dpoint-0-n2x1p1-short",3,2001,3000,23262019
"materialize_bf_prior","adversarial","t","t-two-dpoint-0-n2x1p1-short","t-tbf01-student-t-null0-loc0-scale0p70710678-df30-two-sided-on-t-two-dpoint-0-n2x1p1-short",4,3001,4000,24262022
"materialize_bf_prior","adversarial","t","t-two-dpoint-0-n2x1p1-short","t-tbf01-student-t-null0-loc0-scale0p70710678-df30-two-sided-on-t-two-dpoint-0-n2x1p1-short",5,4001,5000,25262025
"materialize_bf_prior","adversarial","t","t-two-dpoint-0-n2x1p1-short","t-tbf01-student-t-null0-loc0-scale0p70710678-df30-two-sided-on-t-two-dpoint-0-n2x1p1-short",6,5001,6000,26262028
"materialize_bf_prior","adversarial","t","t-two-dpoint-0-n2x1p1-short","t-tbf01-student-t-null0-loc0-scale0p70710678-df30-two-sided-on-t-two-dpoint-0-n2x1p1-short",7,6001,7000,27262031
"materialize_bf_prior","adversarial","t","t-two-dpoint-0-n2x1p1-short","t-tbf01-student-t-null0-loc0-scale0p70710678-df30-two-sided-on-t-two-dpoint-0-n2x1p1-short",8,7001,8000,28262034
"materialize_bf_prior","adversarial","t","t-two-dpoint-0-n2x1p1-short","t-tbf01-student-t-null0-loc0-scale0p70710678-df30-two-sided-on-t-two-dpoint-0-n2x1p1-short",9,8001,9000,29262037
"materialize_bf_prior","adversarial","t","t-two-dpoint-0-n2x1p1-short","t-tbf01-student-t-null0-loc0-scale0p70710678-df30-two-sided-on-t-two-dpoint-0-n2x1p1-short",10,9001,10000,30262040
"materialize_bf_prior","adversarial","t","t-two-dpoint-0p35-n2x1p1-short","t-tbf01-cauchy-null0-loc0-scale0p70710678-df1-two-sided-on-t-two-dpoint-0p35-n2x1p1-short",1,1,1000,21262014
"materialize_bf_prior","adversarial","t","t-two-dpoint-0p35-n2x1p1-short","t-tbf01-cauchy-null0-loc0-scale0p70710678-df1-two-sided-on-t-two-dpoint-0p35-n2x1p1-short",2,1001,2000,22262017
"materialize_bf_prior","adversarial","t","t-two-dpoint-0p35-n2x1p1-short","t-tbf01-cauchy-null0-loc0-scale0p70710678-df1-two-sided-on-t-two-dpoint-0p35-n2x1p1-short",3,2001,3000,23262020
"materialize_bf_prior","adversarial","t","t-two-dpoint-0p35-n2x1p1-short","t-tbf01-cauchy-null0-loc0-scale0p70710678-df1-two-sided-on-t-two-dpoint-0p35-n2x1p1-short",4,3001,4000,24262023
"materialize_bf_prior","adversarial","t","t-two-dpoint-0p35-n2x1p1-short","t-tbf01-cauchy-null0-loc0-scale0p70710678-df1-two-sided-on-t-two-dpoint-0p35-n2x1p1-short",5,4001,5000,25262026
"materialize_bf_prior","adversarial","t","t-two-dpoint-0p35-n2x1p1-short","t-tbf01-cauchy-null0-loc0-scale0p70710678-df1-two-sided-on-t-two-dpoint-0p35-n2x1p1-short",6,5001,6000,26262029
"materialize_bf_prior","adversarial","t","t-two-dpoint-0p35-n2x1p1-short","t-tbf01-cauchy-null0-loc0-scale0p70710678-df1-two-sided-on-t-two-dpoint-0p35-n2x1p1-short",7,6001,7000,27262032
"materialize_bf_prior","adversarial","t","t-two-dpoint-0p35-n2x1p1-short","t-tbf01-cauchy-null0-loc0-scale0p70710678-df1-two-sided-on-t-two-dpoint-0p35-n2x1p1-short",8,7001,8000,28262035
"materialize_bf_prior","adversarial","t","t-two-dpoint-0p35-n2x1p1-short","t-tbf01-cauchy-null0-loc0-scale0p70710678-df1-two-sided-on-t-two-dpoint-0p35-n2x1p1-short",9,8001,9000,29262038
"materialize_bf_prior","adversarial","t","t-two-dpoint-0p35-n2x1p1-short","t-tbf01-cauchy-null0-loc0-scale0p70710678-df1-two-sided-on-t-two-dpoint-0p35-n2x1p1-short",10,9001,10000,30262041
"materialize_bf_prior","adversarial","t","t-two-dpoint-0p35-n2x1p1-short","t-tbf01-cauchy-null0-loc0-scale0p70710678-df1-greater-on-t-two-dpoint-0p35-n2x1p1-short",1,1,1000,21262014
"materialize_bf_prior","adversarial","t","t-two-dpoint-0p35-n2x1p1-short","t-tbf01-cauchy-null0-loc0-scale0p70710678-df1-greater-on-t-two-dpoint-0p35-n2x1p1-short",2,1001,2000,22262017
"materialize_bf_prior","adversarial","t","t-two-dpoint-0p35-n2x1p1-short","t-tbf01-cauchy-null0-loc0-scale0p70710678-df1-greater-on-t-two-dpoint-0p35-n2x1p1-short",3,2001,3000,23262020
"materialize_bf_prior","adversarial","t","t-two-dpoint-0p35-n2x1p1-short","t-tbf01-cauchy-null0-loc0-scale0p70710678-df1-greater-on-t-two-dpoint-0p35-n2x1p1-short",4,3001,4000,24262023
"materialize_bf_prior","adversarial","t","t-two-dpoint-0p35-n2x1p1-short","t-tbf01-cauchy-null0-loc0-scale0p70710678-df1-greater-on-t-two-dpoint-0p35-n2x1p1-short",5,4001,5000,25262026
"materialize_bf_prior","adversarial","t","t-two-dpoint-0p35-n2x1p1-short","t-tbf01-cauchy-null0-loc0-scale0p70710678-df1-greater-on-t-two-dpoint-0p35-n2x1p1-short",6,5001,6000,26262029
"materialize_bf_prior","adversarial","t","t-two-dpoint-0p35-n2x1p1-short","t-tbf01-cauchy-null0-loc0-scale0p70710678-df1-greater-on-t-two-dpoint-0p35-n2x1p1-short",7,6001,7000,27262032
"materialize_bf_prior","adversarial","t","t-two-dpoint-0p35-n2x1p1-short","t-tbf01-cauchy-null0-loc0-scale0p70710678-df1-greater-on-t-two-dpoint-0p35-n2x1p1-short",8,7001,8000,28262035
"materialize_bf_prior","adversarial","t","t-two-dpoint-0p35-n2x1p1-short","t-tbf01-cauchy-null0-loc0-scale0p70710678-df1-greater-on-t-two-dpoint-0p35-n2x1p1-short",9,8001,9000,29262038
"materialize_bf_prior","adversarial","t","t-two-dpoint-0p35-n2x1p1-short","t-tbf01-cauchy-null0-loc0-scale0p70710678-df1-greater-on-t-two-dpoint-0p35-n2x1p1-short",10,9001,10000,30262041
"materialize_bf_prior","adversarial","t","t-two-dpoint-0p35-n2x1p1-short","t-tbf01-cauchy-null0-loc0-scale0p70710678-df1-less-on-t-two-dpoint-0p35-n2x1p1-short",1,1,1000,21262014
"materialize_bf_prior","adversarial","t","t-two-dpoint-0p35-n2x1p1-short","t-tbf01-cauchy-null0-loc0-scale0p70710678-df1-less-on-t-two-dpoint-0p35-n2x1p1-short",2,1001,2000,22262017
"materialize_bf_prior","adversarial","t","t-two-dpoint-0p35-n2x1p1-short","t-tbf01-cauchy-null0-loc0-scale0p70710678-df1-less-on-t-two-dpoint-0p35-n2x1p1-short",3,2001,3000,23262020
"materialize_bf_prior","adversarial","t","t-two-dpoint-0p35-n2x1p1-short","t-tbf01-cauchy-null0-loc0-scale0p70710678-df1-less-on-t-two-dpoint-0p35-n2x1p1-short",4,3001,4000,24262023
"materialize_bf_prior","adversarial","t","t-two-dpoint-0p35-n2x1p1-short","t-tbf01-cauchy-null0-loc0-scale0p70710678-df1-less-on-t-two-dpoint-0p35-n2x1p1-short",5,4001,5000,25262026
"materialize_bf_prior","adversarial","t","t-two-dpoint-0p35-n2x1p1-short","t-tbf01-cauchy-null0-loc0-scale0p70710678-df1-less-on-t-two-dpoint-0p35-n2x1p1-short",6,5001,6000,26262029
"materialize_bf_prior","adversarial","t","t-two-dpoint-0p35-n2x1p1-short","t-tbf01-cauchy-null0-loc0-scale0p70710678-df1-less-on-t-two-dpoint-0p35-n2x1p1-short",7,6001,7000,27262032
"materialize_bf_prior","adversarial","t","t-two-dpoint-0p35-n2x1p1-short","t-tbf01-cauchy-null0-loc0-scale0p70710678-df1-less-on-t-two-dpoint-0p35-n2x1p1-short",8,7001,8000,28262035
"materialize_bf_prior","adversarial","t","t-two-dpoint-0p35-n2x1p1-short","t-tbf01-cauchy-null0-loc0-scale0p70710678-df1-less-on-t-two-dpoint-0p35-n2x1p1-short",9,8001,9000,29262038
"materialize_bf_prior","adversarial","t","t-two-dpoint-0p35-n2x1p1-short","t-tbf01-cauchy-null0-loc0-scale0p70710678-df1-less-on-t-two-dpoint-0p35-n2x1p1-short",10,9001,10000,30262041
"materialize_bf_prior","adversarial","t","t-two-dpoint-0p35-n2x1p1-short","t-tbf01-cauchy-null0-loc0-scale0p35-df1-two-sided-on-t-two-dpoint-0p35-n2x1p1-short",1,1,1000,21262014
"materialize_bf_prior","adversarial","t","t-two-dpoint-0p35-n2x1p1-short","t-tbf01-cauchy-null0-loc0-scale0p35-df1-two-sided-on-t-two-dpoint-0p35-n2x1p1-short",2,1001,2000,22262017
"materialize_bf_prior","adversarial","t","t-two-dpoint-0p35-n2x1p1-short","t-tbf01-cauchy-null0-loc0-scale0p35-df1-two-sided-on-t-two-dpoint-0p35-n2x1p1-short",3,2001,3000,23262020
"materialize_bf_prior","adversarial","t","t-two-dpoint-0p35-n2x1p1-short","t-tbf01-cauchy-null0-loc0-scale0p35-df1-two-sided-on-t-two-dpoint-0p35-n2x1p1-short",4,3001,4000,24262023
"materialize_bf_prior","adversarial","t","t-two-dpoint-0p35-n2x1p1-short","t-tbf01-cauchy-null0-loc0-scale0p35-df1-two-sided-on-t-two-dpoint-0p35-n2x1p1-short",5,4001,5000,25262026
"materialize_bf_prior","adversarial","t","t-two-dpoint-0p35-n2x1p1-short","t-tbf01-cauchy-null0-loc0-scale0p35-df1-two-sided-on-t-two-dpoint-0p35-n2x1p1-short",6,5001,6000,26262029
"materialize_bf_prior","adversarial","t","t-two-dpoint-0p35-n2x1p1-short","t-tbf01-cauchy-null0-loc0-scale0p35-df1-two-sided-on-t-two-dpoint-0p35-n2x1p1-short",7,6001,7000,27262032
"materialize_bf_prior","adversarial","t","t-two-dpoint-0p35-n2x1p1-short","t-tbf01-cauchy-null0-loc0-scale0p35-df1-two-sided-on-t-two-dpoint-0p35-n2x1p1-short",8,7001,8000,28262035
"materialize_bf_prior","adversarial","t","t-two-dpoint-0p35-n2x1p1-short","t-tbf01-cauchy-null0-loc0-scale0p35-df1-two-sided-on-t-two-dpoint-0p35-n2x1p1-short",9,8001,9000,29262038
"materialize_bf_prior","adversarial","t","t-two-dpoint-0p35-n2x1p1-short","t-tbf01-cauchy-null0-loc0-scale0p35-df1-two-sided-on-t-two-dpoint-0p35-n2x1p1-short",10,9001,10000,30262041
"materialize_bf_prior","adversarial","t","t-two-dpoint-0p35-n2x1p1-short","t-tbf01-cauchy-null0-loc0-scale1-df1-two-sided-on-t-two-dpoint-0p35-n2x1p1-short",1,1,1000,21262014
"materialize_bf_prior","adversarial","t","t-two-dpoint-0p35-n2x1p1-short","t-tbf01-cauchy-null0-loc0-scale1-df1-two-sided-on-t-two-dpoint-0p35-n2x1p1-short",2,1001,2000,22262017
"materialize_bf_prior","adversarial","t","t-two-dpoint-0p35-n2x1p1-short","t-tbf01-cauchy-null0-loc0-scale1-df1-two-sided-on-t-two-dpoint-0p35-n2x1p1-short",3,2001,3000,23262020
"materialize_bf_prior","adversarial","t","t-two-dpoint-0p35-n2x1p1-short","t-tbf01-cauchy-null0-loc0-scale1-df1-two-sided-on-t-two-dpoint-0p35-n2x1p1-short",4,3001,4000,24262023
"materialize_bf_prior","adversarial","t","t-two-dpoint-0p35-n2x1p1-short","t-tbf01-cauchy-null0-loc0-scale1-df1-two-sided-on-t-two-dpoint-0p35-n2x1p1-short",5,4001,5000,25262026
"materialize_bf_prior","adversarial","t","t-two-dpoint-0p35-n2x1p1-short","t-tbf01-cauchy-null0-loc0-scale1-df1-two-sided-on-t-two-dpoint-0p35-n2x1p1-short",6,5001,6000,26262029
"materialize_bf_prior","adversarial","t","t-two-dpoint-0p35-n2x1p1-short","t-tbf01-cauchy-null0-loc0-scale1-df1-two-sided-on-t-two-dpoint-0p35-n2x1p1-short",7,6001,7000,27262032
"materialize_bf_prior","adversarial","t","t-two-dpoint-0p35-n2x1p1-short","t-tbf01-cauchy-null0-loc0-scale1-df1-two-sided-on-t-two-dpoint-0p35-n2x1p1-short",8,7001,8000,28262035
"materialize_bf_prior","adversarial","t","t-two-dpoint-0p35-n2x1p1-short","t-tbf01-cauchy-null0-loc0-scale1-df1-two-sided-on-t-two-dpoint-0p35-n2x1p1-short",9,8001,9000,29262038
"materialize_bf_prior","adversarial","t","t-two-dpoint-0p35-n2x1p1-short","t-tbf01-cauchy-null0-loc0-scale1-df1-two-sided-on-t-two-dpoint-0p35-n2x1p1-short",10,9001,10000,30262041
"materialize_bf_prior","adversarial","t","t-two-dpoint-0p35-n2x1p1-short","t-tbf01-student-t-null0-loc0-scale0p70710678-df3-two-sided-on-t-two-dpoint-0p35-n2x1p1-short",1,1,1000,21262014
"materialize_bf_prior","adversarial","t","t-two-dpoint-0p35-n2x1p1-short","t-tbf01-student-t-null0-loc0-scale0p70710678-df3-two-sided-on-t-two-dpoint-0p35-n2x1p1-short",2,1001,2000,22262017
"materialize_bf_prior","adversarial","t","t-two-dpoint-0p35-n2x1p1-short","t-tbf01-student-t-null0-loc0-scale0p70710678-df3-two-sided-on-t-two-dpoint-0p35-n2x1p1-short",3,2001,3000,23262020
"materialize_bf_prior","adversarial","t","t-two-dpoint-0p35-n2x1p1-short","t-tbf01-student-t-null0-loc0-scale0p70710678-df3-two-sided-on-t-two-dpoint-0p35-n2x1p1-short",4,3001,4000,24262023
"materialize_bf_prior","adversarial","t","t-two-dpoint-0p35-n2x1p1-short","t-tbf01-student-t-null0-loc0-scale0p70710678-df3-two-sided-on-t-two-dpoint-0p35-n2x1p1-short",5,4001,5000,25262026
"materialize_bf_prior","adversarial","t","t-two-dpoint-0p35-n2x1p1-short","t-tbf01-student-t-null0-loc0-scale0p70710678-df3-two-sided-on-t-two-dpoint-0p35-n2x1p1-short",6,5001,6000,26262029
"materialize_bf_prior","adversarial","t","t-two-dpoint-0p35-n2x1p1-short","t-tbf01-student-t-null0-loc0-scale0p70710678-df3-two-sided-on-t-two-dpoint-0p35-n2x1p1-short",7,6001,7000,27262032
"materialize_bf_prior","adversarial","t","t-two-dpoint-0p35-n2x1p1-short","t-tbf01-student-t-null0-loc0-scale0p70710678-df3-two-sided-on-t-two-dpoint-0p35-n2x1p1-short",8,7001,8000,28262035
"materialize_bf_prior","adversarial","t","t-two-dpoint-0p35-n2x1p1-short","t-tbf01-student-t-null0-loc0-scale0p70710678-df3-two-sided-on-t-two-dpoint-0p35-n2x1p1-short",9,8001,9000,29262038
"materialize_bf_prior","adversarial","t","t-two-dpoint-0p35-n2x1p1-short","t-tbf01-student-t-null0-loc0-scale0p70710678-df3-two-sided-on-t-two-dpoint-0p35-n2x1p1-short",10,9001,10000,30262041
"materialize_bf_prior","adversarial","t","t-two-dpoint-0p35-n2x1p1-short","t-tbf01-student-t-null0-loc0-scale0p70710678-df30-two-sided-on-t-two-dpoint-0p35-n2x1p1-short",1,1,1000,21262014
"materialize_bf_prior","adversarial","t","t-two-dpoint-0p35-n2x1p1-short","t-tbf01-student-t-null0-loc0-scale0p70710678-df30-two-sided-on-t-two-dpoint-0p35-n2x1p1-short",2,1001,2000,22262017
"materialize_bf_prior","adversarial","t","t-two-dpoint-0p35-n2x1p1-short","t-tbf01-student-t-null0-loc0-scale0p70710678-df30-two-sided-on-t-two-dpoint-0p35-n2x1p1-short",3,2001,3000,23262020
"materialize_bf_prior","adversarial","t","t-two-dpoint-0p35-n2x1p1-short","t-tbf01-student-t-null0-loc0-scale0p70710678-df30-two-sided-on-t-two-dpoint-0p35-n2x1p1-short",4,3001,4000,24262023
"materialize_bf_prior","adversarial","t","t-two-dpoint-0p35-n2x1p1-short","t-tbf01-student-t-null0-loc0-scale0p70710678-df30-two-sided-on-t-two-dpoint-0p35-n2x1p1-short",5,4001,5000,25262026
"materialize_bf_prior","adversarial","t","t-two-dpoint-0p35-n2x1p1-short","t-tbf01-student-t-null0-loc0-scale0p70710678-df30-two-sided-on-t-two-dpoint-0p35-n2x1p1-short",6,5001,6000,26262029
"materialize_bf_prior","adversarial","t","t-two-dpoint-0p35-n2x1p1-short","t-tbf01-student-t-null0-loc0-scale0p70710678-df30-two-sided-on-t-two-dpoint-0p35-n2x1p1-short",7,6001,7000,27262032
"materialize_bf_prior","adversarial","t","t-two-dpoint-0p35-n2x1p1-short","t-tbf01-student-t-null0-loc0-scale0p70710678-df30-two-sided-on-t-two-dpoint-0p35-n2x1p1-short",8,7001,8000,28262035
"materialize_bf_prior","adversarial","t","t-two-dpoint-0p35-n2x1p1-short","t-tbf01-student-t-null0-loc0-scale0p70710678-df30-two-sided-on-t-two-dpoint-0p35-n2x1p1-short",9,8001,9000,29262038
"materialize_bf_prior","adversarial","t","t-two-dpoint-0p35-n2x1p1-short","t-tbf01-student-t-null0-loc0-scale0p70710678-df30-two-sided-on-t-two-dpoint-0p35-n2x1p1-short",10,9001,10000,30262041
"materialize_bf_prior","adversarial","t","t-two-dnorm-0-s0p5-short","t-tbf01-cauchy-null0-loc0-scale0p70710678-df1-two-sided-on-t-two-dnorm-0-s0p5-short",1,1,1000,21262015
"materialize_bf_prior","adversarial","t","t-two-dnorm-0-s0p5-short","t-tbf01-cauchy-null0-loc0-scale0p70710678-df1-two-sided-on-t-two-dnorm-0-s0p5-short",2,1001,2000,22262018
"materialize_bf_prior","adversarial","t","t-two-dnorm-0-s0p5-short","t-tbf01-cauchy-null0-loc0-scale0p70710678-df1-two-sided-on-t-two-dnorm-0-s0p5-short",3,2001,3000,23262021
"materialize_bf_prior","adversarial","t","t-two-dnorm-0-s0p5-short","t-tbf01-cauchy-null0-loc0-scale0p70710678-df1-two-sided-on-t-two-dnorm-0-s0p5-short",4,3001,4000,24262024
"materialize_bf_prior","adversarial","t","t-two-dnorm-0-s0p5-short","t-tbf01-cauchy-null0-loc0-scale0p70710678-df1-two-sided-on-t-two-dnorm-0-s0p5-short",5,4001,5000,25262027
"materialize_bf_prior","adversarial","t","t-two-dnorm-0-s0p5-short","t-tbf01-cauchy-null0-loc0-scale0p70710678-df1-two-sided-on-t-two-dnorm-0-s0p5-short",6,5001,6000,26262030
"materialize_bf_prior","adversarial","t","t-two-dnorm-0-s0p5-short","t-tbf01-cauchy-null0-loc0-scale0p70710678-df1-two-sided-on-t-two-dnorm-0-s0p5-short",7,6001,7000,27262033
"materialize_bf_prior","adversarial","t","t-two-dnorm-0-s0p5-short","t-tbf01-cauchy-null0-loc0-scale0p70710678-df1-two-sided-on-t-two-dnorm-0-s0p5-short",8,7001,8000,28262036
"materialize_bf_prior","adversarial","t","t-two-dnorm-0-s0p5-short","t-tbf01-cauchy-null0-loc0-scale0p70710678-df1-two-sided-on-t-two-dnorm-0-s0p5-short",9,8001,9000,29262039
"materialize_bf_prior","adversarial","t","t-two-dnorm-0-s0p5-short","t-tbf01-cauchy-null0-loc0-scale0p70710678-df1-two-sided-on-t-two-dnorm-0-s0p5-short",10,9001,10000,30262042
"materialize_bf_prior","adversarial","t","t-two-dnorm-0-s0p5-short","t-tbf01-cauchy-null0-loc0-scale0p70710678-df1-greater-on-t-two-dnorm-0-s0p5-short",1,1,1000,21262015
"materialize_bf_prior","adversarial","t","t-two-dnorm-0-s0p5-short","t-tbf01-cauchy-null0-loc0-scale0p70710678-df1-greater-on-t-two-dnorm-0-s0p5-short",2,1001,2000,22262018
"materialize_bf_prior","adversarial","t","t-two-dnorm-0-s0p5-short","t-tbf01-cauchy-null0-loc0-scale0p70710678-df1-greater-on-t-two-dnorm-0-s0p5-short",3,2001,3000,23262021
"materialize_bf_prior","adversarial","t","t-two-dnorm-0-s0p5-short","t-tbf01-cauchy-null0-loc0-scale0p70710678-df1-greater-on-t-two-dnorm-0-s0p5-short",4,3001,4000,24262024
"materialize_bf_prior","adversarial","t","t-two-dnorm-0-s0p5-short","t-tbf01-cauchy-null0-loc0-scale0p70710678-df1-greater-on-t-two-dnorm-0-s0p5-short",5,4001,5000,25262027
"materialize_bf_prior","adversarial","t","t-two-dnorm-0-s0p5-short","t-tbf01-cauchy-null0-loc0-scale0p70710678-df1-greater-on-t-two-dnorm-0-s0p5-short",6,5001,6000,26262030
"materialize_bf_prior","adversarial","t","t-two-dnorm-0-s0p5-short","t-tbf01-cauchy-null0-loc0-scale0p70710678-df1-greater-on-t-two-dnorm-0-s0p5-short",7,6001,7000,27262033
"materialize_bf_prior","adversarial","t","t-two-dnorm-0-s0p5-short","t-tbf01-cauchy-null0-loc0-scale0p70710678-df1-greater-on-t-two-dnorm-0-s0p5-short",8,7001,8000,28262036
"materialize_bf_prior","adversarial","t","t-two-dnorm-0-s0p5-short","t-tbf01-cauchy-null0-loc0-scale0p70710678-df1-greater-on-t-two-dnorm-0-s0p5-short",9,8001,9000,29262039
"materialize_bf_prior","adversarial","t","t-two-dnorm-0-s0p5-short","t-tbf01-cauchy-null0-loc0-scale0p70710678-df1-greater-on-t-two-dnorm-0-s0p5-short",10,9001,10000,30262042
"materialize_bf_prior","adversarial","t","t-two-dnorm-0-s0p5-short","t-tbf01-cauchy-null0-loc0-scale0p70710678-df1-less-on-t-two-dnorm-0-s0p5-short",1,1,1000,21262015
"materialize_bf_prior","adversarial","t","t-two-dnorm-0-s0p5-short","t-tbf01-cauchy-null0-loc0-scale0p70710678-df1-less-on-t-two-dnorm-0-s0p5-short",2,1001,2000,22262018
"materialize_bf_prior","adversarial","t","t-two-dnorm-0-s0p5-short","t-tbf01-cauchy-null0-loc0-scale0p70710678-df1-less-on-t-two-dnorm-0-s0p5-short",3,2001,3000,23262021
"materialize_bf_prior","adversarial","t","t-two-dnorm-0-s0p5-short","t-tbf01-cauchy-null0-loc0-scale0p70710678-df1-less-on-t-two-dnorm-0-s0p5-short",4,3001,4000,24262024
"materialize_bf_prior","adversarial","t","t-two-dnorm-0-s0p5-short","t-tbf01-cauchy-null0-loc0-scale0p70710678-df1-less-on-t-two-dnorm-0-s0p5-short",5,4001,5000,25262027
"materialize_bf_prior","adversarial","t","t-two-dnorm-0-s0p5-short","t-tbf01-cauchy-null0-loc0-scale0p70710678-df1-less-on-t-two-dnorm-0-s0p5-short",6,5001,6000,26262030
"materialize_bf_prior","adversarial","t","t-two-dnorm-0-s0p5-short","t-tbf01-cauchy-null0-loc0-scale0p70710678-df1-less-on-t-two-dnorm-0-s0p5-short",7,6001,7000,27262033
"materialize_bf_prior","adversarial","t","t-two-dnorm-0-s0p5-short","t-tbf01-cauchy-null0-loc0-scale0p70710678-df1-less-on-t-two-dnorm-0-s0p5-short",8,7001,8000,28262036
"materialize_bf_prior","adversarial","t","t-two-dnorm-0-s0p5-short","t-tbf01-cauchy-null0-loc0-scale0p70710678-df1-less-on-t-two-dnorm-0-s0p5-short",9,8001,9000,29262039
"materialize_bf_prior","adversarial","t","t-two-dnorm-0-s0p5-short","t-tbf01-cauchy-null0-loc0-scale0p70710678-df1-less-on-t-two-dnorm-0-s0p5-short",10,9001,10000,30262042
"materialize_bf_prior","adversarial","t","t-two-dnorm-0-s0p5-short","t-tbf01-cauchy-null0-loc0-scale0p35-df1-two-sided-on-t-two-dnorm-0-s0p5-short",1,1,1000,21262015
"materialize_bf_prior","adversarial","t","t-two-dnorm-0-s0p5-short","t-tbf01-cauchy-null0-loc0-scale0p35-df1-two-sided-on-t-two-dnorm-0-s0p5-short",2,1001,2000,22262018
"materialize_bf_prior","adversarial","t","t-two-dnorm-0-s0p5-short","t-tbf01-cauchy-null0-loc0-scale0p35-df1-two-sided-on-t-two-dnorm-0-s0p5-short",3,2001,3000,23262021
"materialize_bf_prior","adversarial","t","t-two-dnorm-0-s0p5-short","t-tbf01-cauchy-null0-loc0-scale0p35-df1-two-sided-on-t-two-dnorm-0-s0p5-short",4,3001,4000,24262024
"materialize_bf_prior","adversarial","t","t-two-dnorm-0-s0p5-short","t-tbf01-cauchy-null0-loc0-scale0p35-df1-two-sided-on-t-two-dnorm-0-s0p5-short",5,4001,5000,25262027
"materialize_bf_prior","adversarial","t","t-two-dnorm-0-s0p5-short","t-tbf01-cauchy-null0-loc0-scale0p35-df1-two-sided-on-t-two-dnorm-0-s0p5-short",6,5001,6000,26262030
"materialize_bf_prior","adversarial","t","t-two-dnorm-0-s0p5-short","t-tbf01-cauchy-null0-loc0-scale0p35-df1-two-sided-on-t-two-dnorm-0-s0p5-short",7,6001,7000,27262033
"materialize_bf_prior","adversarial","t","t-two-dnorm-0-s0p5-short","t-tbf01-cauchy-null0-loc0-scale0p35-df1-two-sided-on-t-two-dnorm-0-s0p5-short",8,7001,8000,28262036
"materialize_bf_prior","adversarial","t","t-two-dnorm-0-s0p5-short","t-tbf01-cauchy-null0-loc0-scale0p35-df1-two-sided-on-t-two-dnorm-0-s0p5-short",9,8001,9000,29262039
"materialize_bf_prior","adversarial","t","t-two-dnorm-0-s0p5-short","t-tbf01-cauchy-null0-loc0-scale0p35-df1-two-sided-on-t-two-dnorm-0-s0p5-short",10,9001,10000,30262042
"materialize_bf_prior","adversarial","t","t-two-dnorm-0-s0p5-short","t-tbf01-cauchy-null0-loc0-scale1-df1-two-sided-on-t-two-dnorm-0-s0p5-short",1,1,1000,21262015
"materialize_bf_prior","adversarial","t","t-two-dnorm-0-s0p5-short","t-tbf01-cauchy-null0-loc0-scale1-df1-two-sided-on-t-two-dnorm-0-s0p5-short",2,1001,2000,22262018
"materialize_bf_prior","adversarial","t","t-two-dnorm-0-s0p5-short","t-tbf01-cauchy-null0-loc0-scale1-df1-two-sided-on-t-two-dnorm-0-s0p5-short",3,2001,3000,23262021
"materialize_bf_prior","adversarial","t","t-two-dnorm-0-s0p5-short","t-tbf01-cauchy-null0-loc0-scale1-df1-two-sided-on-t-two-dnorm-0-s0p5-short",4,3001,4000,24262024
"materialize_bf_prior","adversarial","t","t-two-dnorm-0-s0p5-short","t-tbf01-cauchy-null0-loc0-scale1-df1-two-sided-on-t-two-dnorm-0-s0p5-short",5,4001,5000,25262027
"materialize_bf_prior","adversarial","t","t-two-dnorm-0-s0p5-short","t-tbf01-cauchy-null0-loc0-scale1-df1-two-sided-on-t-two-dnorm-0-s0p5-short",6,5001,6000,26262030
"materialize_bf_prior","adversarial","t","t-two-dnorm-0-s0p5-short","t-tbf01-cauchy-null0-loc0-scale1-df1-two-sided-on-t-two-dnorm-0-s0p5-short",7,6001,7000,27262033
"materialize_bf_prior","adversarial","t","t-two-dnorm-0-s0p5-short","t-tbf01-cauchy-null0-loc0-scale1-df1-two-sided-on-t-two-dnorm-0-s0p5-short",8,7001,8000,28262036
"materialize_bf_prior","adversarial","t","t-two-dnorm-0-s0p5-short","t-tbf01-cauchy-null0-loc0-scale1-df1-two-sided-on-t-two-dnorm-0-s0p5-short",9,8001,9000,29262039
"materialize_bf_prior","adversarial","t","t-two-dnorm-0-s0p5-short","t-tbf01-cauchy-null0-loc0-scale1-df1-two-sided-on-t-two-dnorm-0-s0p5-short",10,9001,10000,30262042
"materialize_bf_prior","adversarial","t","t-two-dnorm-0-s0p5-short","t-tbf01-student-t-null0-loc0-scale0p70710678-df3-two-sided-on-t-two-dnorm-0-s0p5-short",1,1,1000,21262015
"materialize_bf_prior","adversarial","t","t-two-dnorm-0-s0p5-short","t-tbf01-student-t-null0-loc0-scale0p70710678-df3-two-sided-on-t-two-dnorm-0-s0p5-short",2,1001,2000,22262018
"materialize_bf_prior","adversarial","t","t-two-dnorm-0-s0p5-short","t-tbf01-student-t-null0-loc0-scale0p70710678-df3-two-sided-on-t-two-dnorm-0-s0p5-short",3,2001,3000,23262021
"materialize_bf_prior","adversarial","t","t-two-dnorm-0-s0p5-short","t-tbf01-student-t-null0-loc0-scale0p70710678-df3-two-sided-on-t-two-dnorm-0-s0p5-short",4,3001,4000,24262024
"materialize_bf_prior","adversarial","t","t-two-dnorm-0-s0p5-short","t-tbf01-student-t-null0-loc0-scale0p70710678-df3-two-sided-on-t-two-dnorm-0-s0p5-short",5,4001,5000,25262027
"materialize_bf_prior","adversarial","t","t-two-dnorm-0-s0p5-short","t-tbf01-student-t-null0-loc0-scale0p70710678-df3-two-sided-on-t-two-dnorm-0-s0p5-short",6,5001,6000,26262030
"materialize_bf_prior","adversarial","t","t-two-dnorm-0-s0p5-short","t-tbf01-student-t-null0-loc0-scale0p70710678-df3-two-sided-on-t-two-dnorm-0-s0p5-short",7,6001,7000,27262033
"materialize_bf_prior","adversarial","t","t-two-dnorm-0-s0p5-short","t-tbf01-student-t-null0-loc0-scale0p70710678-df3-two-sided-on-t-two-dnorm-0-s0p5-short",8,7001,8000,28262036
"materialize_bf_prior","adversarial","t","t-two-dnorm-0-s0p5-short","t-tbf01-student-t-null0-loc0-scale0p70710678-df3-two-sided-on-t-two-dnorm-0-s0p5-short",9,8001,9000,29262039
"materialize_bf_prior","adversarial","t","t-two-dnorm-0-s0p5-short","t-tbf01-student-t-null0-loc0-scale0p70710678-df3-two-sided-on-t-two-dnorm-0-s0p5-short",10,9001,10000,30262042
"materialize_bf_prior","adversarial","t","t-two-dnorm-0-s0p5-short","t-tbf01-student-t-null0-loc0-scale0p70710678-df30-two-sided-on-t-two-dnorm-0-s0p5-short",1,1,1000,21262015
"materialize_bf_prior","adversarial","t","t-two-dnorm-0-s0p5-short","t-tbf01-student-t-null0-loc0-scale0p70710678-df30-two-sided-on-t-two-dnorm-0-s0p5-short",2,1001,2000,22262018
"materialize_bf_prior","adversarial","t","t-two-dnorm-0-s0p5-short","t-tbf01-student-t-null0-loc0-scale0p70710678-df30-two-sided-on-t-two-dnorm-0-s0p5-short",3,2001,3000,23262021
"materialize_bf_prior","adversarial","t","t-two-dnorm-0-s0p5-short","t-tbf01-student-t-null0-loc0-scale0p70710678-df30-two-sided-on-t-two-dnorm-0-s0p5-short",4,3001,4000,24262024
"materialize_bf_prior","adversarial","t","t-two-dnorm-0-s0p5-short","t-tbf01-student-t-null0-loc0-scale0p70710678-df30-two-sided-on-t-two-dnorm-0-s0p5-short",5,4001,5000,25262027
"materialize_bf_prior","adversarial","t","t-two-dnorm-0-s0p5-short","t-tbf01-student-t-null0-loc0-scale0p70710678-df30-two-sided-on-t-two-dnorm-0-s0p5-short",6,5001,6000,26262030
"materialize_bf_prior","adversarial","t","t-two-dnorm-0-s0p5-short","t-tbf01-student-t-null0-loc0-scale0p70710678-df30-two-sided-on-t-two-dnorm-0-s0p5-short",7,6001,7000,27262033
"materialize_bf_prior","adversarial","t","t-two-dnorm-0-s0p5-short","t-tbf01-student-t-null0-loc0-scale0p70710678-df30-two-sided-on-t-two-dnorm-0-s0p5-short",8,7001,8000,28262036
"materialize_bf_prior","adversarial","t","t-two-dnorm-0-s0p5-short","t-tbf01-student-t-null0-loc0-scale0p70710678-df30-two-sided-on-t-two-dnorm-0-s0p5-short",9,8001,9000,29262039
"materialize_bf_prior","adversarial","t","t-two-dnorm-0-s0p5-short","t-tbf01-student-t-null0-loc0-scale0p70710678-df30-two-sided-on-t-two-dnorm-0-s0p5-short",10,9001,10000,30262042
"materialize_bf_prior","long","t","t-two-dpoint-0-long","t-tbf01-cauchy-null0-loc0-scale0p70710678-df1-two-sided-on-t-two-dpoint-0-long",1,1,1000,21262016
"materialize_bf_prior","long","t","t-two-dpoint-0-long","t-tbf01-cauchy-null0-loc0-scale0p70710678-df1-two-sided-on-t-two-dpoint-0-long",2,1001,2000,22262019
"materialize_bf_prior","long","t","t-two-dpoint-0-long","t-tbf01-cauchy-null0-loc0-scale0p70710678-df1-two-sided-on-t-two-dpoint-0-long",3,2001,3000,23262022
"materialize_bf_prior","long","t","t-two-dpoint-0-long","t-tbf01-cauchy-null0-loc0-scale0p70710678-df1-two-sided-on-t-two-dpoint-0-long",4,3001,4000,24262025
"materialize_bf_prior","long","t","t-two-dpoint-0-long","t-tbf01-cauchy-null0-loc0-scale0p70710678-df1-two-sided-on-t-two-dpoint-0-long",5,4001,5000,25262028
"materialize_bf_prior","long","t","t-two-dpoint-0-long","t-tbf01-cauchy-null0-loc0-scale0p70710678-df1-two-sided-on-t-two-dpoint-0-long",6,5001,6000,26262031
"materialize_bf_prior","long","t","t-two-dpoint-0-long","t-tbf01-cauchy-null0-loc0-scale0p70710678-df1-two-sided-on-t-two-dpoint-0-long",7,6001,7000,27262034
"materialize_bf_prior","long","t","t-two-dpoint-0-long","t-tbf01-cauchy-null0-loc0-scale0p70710678-df1-two-sided-on-t-two-dpoint-0-long",8,7001,8000,28262037
"materialize_bf_prior","long","t","t-two-dpoint-0-long","t-tbf01-cauchy-null0-loc0-scale0p70710678-df1-two-sided-on-t-two-dpoint-0-long",9,8001,9000,29262040
"materialize_bf_prior","long","t","t-two-dpoint-0-long","t-tbf01-cauchy-null0-loc0-scale0p70710678-df1-two-sided-on-t-two-dpoint-0-long",10,9001,10000,30262043
"materialize_bf_prior","long","t","t-two-dpoint-0-long","t-tbf01-cauchy-null0-loc0-scale0p70710678-df1-greater-on-t-two-dpoint-0-long",1,1,1000,21262016
"materialize_bf_prior","long","t","t-two-dpoint-0-long","t-tbf01-cauchy-null0-loc0-scale0p70710678-df1-greater-on-t-two-dpoint-0-long",2,1001,2000,22262019
"materialize_bf_prior","long","t","t-two-dpoint-0-long","t-tbf01-cauchy-null0-loc0-scale0p70710678-df1-greater-on-t-two-dpoint-0-long",3,2001,3000,23262022
"materialize_bf_prior","long","t","t-two-dpoint-0-long","t-tbf01-cauchy-null0-loc0-scale0p70710678-df1-greater-on-t-two-dpoint-0-long",4,3001,4000,24262025
"materialize_bf_prior","long","t","t-two-dpoint-0-long","t-tbf01-cauchy-null0-loc0-scale0p70710678-df1-greater-on-t-two-dpoint-0-long",5,4001,5000,25262028
"materialize_bf_prior","long","t","t-two-dpoint-0-long","t-tbf01-cauchy-null0-loc0-scale0p70710678-df1-greater-on-t-two-dpoint-0-long",6,5001,6000,26262031
"materialize_bf_prior","long","t","t-two-dpoint-0-long","t-tbf01-cauchy-null0-loc0-scale0p70710678-df1-greater-on-t-two-dpoint-0-long",7,6001,7000,27262034
"materialize_bf_prior","long","t","t-two-dpoint-0-long","t-tbf01-cauchy-null0-loc0-scale0p70710678-df1-greater-on-t-two-dpoint-0-long",8,7001,8000,28262037
"materialize_bf_prior","long","t","t-two-dpoint-0-long","t-tbf01-cauchy-null0-loc0-scale0p70710678-df1-greater-on-t-two-dpoint-0-long",9,8001,9000,29262040
"materialize_bf_prior","long","t","t-two-dpoint-0-long","t-tbf01-cauchy-null0-loc0-scale0p70710678-df1-greater-on-t-two-dpoint-0-long",10,9001,10000,30262043
"materialize_bf_prior","long","t","t-two-dpoint-0-long","t-tbf01-cauchy-null0-loc0-scale0p70710678-df1-less-on-t-two-dpoint-0-long",1,1,1000,21262016
"materialize_bf_prior","long","t","t-two-dpoint-0-long","t-tbf01-cauchy-null0-loc0-scale0p70710678-df1-less-on-t-two-dpoint-0-long",2,1001,2000,22262019
"materialize_bf_prior","long","t","t-two-dpoint-0-long","t-tbf01-cauchy-null0-loc0-scale0p70710678-df1-less-on-t-two-dpoint-0-long",3,2001,3000,23262022
"materialize_bf_prior","long","t","t-two-dpoint-0-long","t-tbf01-cauchy-null0-loc0-scale0p70710678-df1-less-on-t-two-dpoint-0-long",4,3001,4000,24262025
"materialize_bf_prior","long","t","t-two-dpoint-0-long","t-tbf01-cauchy-null0-loc0-scale0p70710678-df1-less-on-t-two-dpoint-0-long",5,4001,5000,25262028
"materialize_bf_prior","long","t","t-two-dpoint-0-long","t-tbf01-cauchy-null0-loc0-scale0p70710678-df1-less-on-t-two-dpoint-0-long",6,5001,6000,26262031
"materialize_bf_prior","long","t","t-two-dpoint-0-long","t-tbf01-cauchy-null0-loc0-scale0p70710678-df1-less-on-t-two-dpoint-0-long",7,6001,7000,27262034
"materialize_bf_prior","long","t","t-two-dpoint-0-long","t-tbf01-cauchy-null0-loc0-scale0p70710678-df1-less-on-t-two-dpoint-0-long",8,7001,8000,28262037
"materialize_bf_prior","long","t","t-two-dpoint-0-long","t-tbf01-cauchy-null0-loc0-scale0p70710678-df1-less-on-t-two-dpoint-0-long",9,8001,9000,29262040
"materialize_bf_prior","long","t","t-two-dpoint-0-long","t-tbf01-cauchy-null0-loc0-scale0p70710678-df1-less-on-t-two-dpoint-0-long",10,9001,10000,30262043
"materialize_bf_prior","long","t","t-two-dpoint-0-long","t-tbf01-cauchy-null0-loc0-scale0p35-df1-two-sided-on-t-two-dpoint-0-long",1,1,1000,21262016
"materialize_bf_prior","long","t","t-two-dpoint-0-long","t-tbf01-cauchy-null0-loc0-scale0p35-df1-two-sided-on-t-two-dpoint-0-long",2,1001,2000,22262019
"materialize_bf_prior","long","t","t-two-dpoint-0-long","t-tbf01-cauchy-null0-loc0-scale0p35-df1-two-sided-on-t-two-dpoint-0-long",3,2001,3000,23262022
"materialize_bf_prior","long","t","t-two-dpoint-0-long","t-tbf01-cauchy-null0-loc0-scale0p35-df1-two-sided-on-t-two-dpoint-0-long",4,3001,4000,24262025
"materialize_bf_prior","long","t","t-two-dpoint-0-long","t-tbf01-cauchy-null0-loc0-scale0p35-df1-two-sided-on-t-two-dpoint-0-long",5,4001,5000,25262028
"materialize_bf_prior","long","t","t-two-dpoint-0-long","t-tbf01-cauchy-null0-loc0-scale0p35-df1-two-sided-on-t-two-dpoint-0-long",6,5001,6000,26262031
"materialize_bf_prior","long","t","t-two-dpoint-0-long","t-tbf01-cauchy-null0-loc0-scale0p35-df1-two-sided-on-t-two-dpoint-0-long",7,6001,7000,27262034
"materialize_bf_prior","long","t","t-two-dpoint-0-long","t-tbf01-cauchy-null0-loc0-scale0p35-df1-two-sided-on-t-two-dpoint-0-long",8,7001,8000,28262037
"materialize_bf_prior","long","t","t-two-dpoint-0-long","t-tbf01-cauchy-null0-loc0-scale0p35-df1-two-sided-on-t-two-dpoint-0-long",9,8001,9000,29262040
"materialize_bf_prior","long","t","t-two-dpoint-0-long","t-tbf01-cauchy-null0-loc0-scale0p35-df1-two-sided-on-t-two-dpoint-0-long",10,9001,10000,30262043
"materialize_bf_prior","long","t","t-two-dpoint-0-long","t-tbf01-cauchy-null0-loc0-scale1-df1-two-sided-on-t-two-dpoint-0-long",1,1,1000,21262016
"materialize_bf_prior","long","t","t-two-dpoint-0-long","t-tbf01-cauchy-null0-loc0-scale1-df1-two-sided-on-t-two-dpoint-0-long",2,1001,2000,22262019
"materialize_bf_prior","long","t","t-two-dpoint-0-long","t-tbf01-cauchy-null0-loc0-scale1-df1-two-sided-on-t-two-dpoint-0-long",3,2001,3000,23262022
"materialize_bf_prior","long","t","t-two-dpoint-0-long","t-tbf01-cauchy-null0-loc0-scale1-df1-two-sided-on-t-two-dpoint-0-long",4,3001,4000,24262025
"materialize_bf_prior","long","t","t-two-dpoint-0-long","t-tbf01-cauchy-null0-loc0-scale1-df1-two-sided-on-t-two-dpoint-0-long",5,4001,5000,25262028
"materialize_bf_prior","long","t","t-two-dpoint-0-long","t-tbf01-cauchy-null0-loc0-scale1-df1-two-sided-on-t-two-dpoint-0-long",6,5001,6000,26262031
"materialize_bf_prior","long","t","t-two-dpoint-0-long","t-tbf01-cauchy-null0-loc0-scale1-df1-two-sided-on-t-two-dpoint-0-long",7,6001,7000,27262034
"materialize_bf_prior","long","t","t-two-dpoint-0-long","t-tbf01-cauchy-null0-loc0-scale1-df1-two-sided-on-t-two-dpoint-0-long",8,7001,8000,28262037
"materialize_bf_prior","long","t","t-two-dpoint-0-long","t-tbf01-cauchy-null0-loc0-scale1-df1-two-sided-on-t-two-dpoint-0-long",9,8001,9000,29262040
"materialize_bf_prior","long","t","t-two-dpoint-0-long","t-tbf01-cauchy-null0-loc0-scale1-df1-two-sided-on-t-two-dpoint-0-long",10,9001,10000,30262043
"materialize_bf_prior","long","t","t-two-dpoint-0-long","t-tbf01-student-t-null0-loc0-scale0p70710678-df3-two-sided-on-t-two-dpoint-0-long",1,1,1000,21262016
"materialize_bf_prior","long","t","t-two-dpoint-0-long","t-tbf01-student-t-null0-loc0-scale0p70710678-df3-two-sided-on-t-two-dpoint-0-long",2,1001,2000,22262019
"materialize_bf_prior","long","t","t-two-dpoint-0-long","t-tbf01-student-t-null0-loc0-scale0p70710678-df3-two-sided-on-t-two-dpoint-0-long",3,2001,3000,23262022
"materialize_bf_prior","long","t","t-two-dpoint-0-long","t-tbf01-student-t-null0-loc0-scale0p70710678-df3-two-sided-on-t-two-dpoint-0-long",4,3001,4000,24262025
"materialize_bf_prior","long","t","t-two-dpoint-0-long","t-tbf01-student-t-null0-loc0-scale0p70710678-df3-two-sided-on-t-two-dpoint-0-long",5,4001,5000,25262028
"materialize_bf_prior","long","t","t-two-dpoint-0-long","t-tbf01-student-t-null0-loc0-scale0p70710678-df3-two-sided-on-t-two-dpoint-0-long",6,5001,6000,26262031
"materialize_bf_prior","long","t","t-two-dpoint-0-long","t-tbf01-student-t-null0-loc0-scale0p70710678-df3-two-sided-on-t-two-dpoint-0-long",7,6001,7000,27262034
"materialize_bf_prior","long","t","t-two-dpoint-0-long","t-tbf01-student-t-null0-loc0-scale0p70710678-df3-two-sided-on-t-two-dpoint-0-long",8,7001,8000,28262037
"materialize_bf_prior","long","t","t-two-dpoint-0-long","t-tbf01-student-t-null0-loc0-scale0p70710678-df3-two-sided-on-t-two-dpoint-0-long",9,8001,9000,29262040
"materialize_bf_prior","long","t","t-two-dpoint-0-long","t-tbf01-student-t-null0-loc0-scale0p70710678-df3-two-sided-on-t-two-dpoint-0-long",10,9001,10000,30262043
"materialize_bf_prior","long","t","t-two-dpoint-0-long","t-tbf01-student-t-null0-loc0-scale0p70710678-df30-two-sided-on-t-two-dpoint-0-long",1,1,1000,21262016
"materialize_bf_prior","long","t","t-two-dpoint-0-long","t-tbf01-student-t-null0-loc0-scale0p70710678-df30-two-sided-on-t-two-dpoint-0-long",2,1001,2000,22262019
"materialize_bf_prior","long","t","t-two-dpoint-0-long","t-tbf01-student-t-null0-loc0-scale0p70710678-df30-two-sided-on-t-two-dpoint-0-long",3,2001,3000,23262022
"materialize_bf_prior","long","t","t-two-dpoint-0-long","t-tbf01-student-t-null0-loc0-scale0p70710678-df30-two-sided-on-t-two-dpoint-0-long",4,3001,4000,24262025
"materialize_bf_prior","long","t","t-two-dpoint-0-long","t-tbf01-student-t-null0-loc0-scale0p70710678-df30-two-sided-on-t-two-dpoint-0-long",5,4001,5000,25262028
"materialize_bf_prior","long","t","t-two-dpoint-0-long","t-tbf01-student-t-null0-loc0-scale0p70710678-df30-two-sided-on-t-two-dpoint-0-long",6,5001,6000,26262031
"materialize_bf_prior","long","t","t-two-dpoint-0-long","t-tbf01-student-t-null0-loc0-scale0p70710678-df30-two-sided-on-t-two-dpoint-0-long",7,6001,7000,27262034
"materialize_bf_prior","long","t","t-two-dpoint-0-long","t-tbf01-student-t-null0-loc0-scale0p70710678-df30-two-sided-on-t-two-dpoint-0-long",8,7001,8000,28262037
"materialize_bf_prior","long","t","t-two-dpoint-0-long","t-tbf01-student-t-null0-loc0-scale0p70710678-df30-two-sided-on-t-two-dpoint-0-long",9,8001,9000,29262040
"materialize_bf_prior","long","t","t-two-dpoint-0-long","t-tbf01-student-t-null0-loc0-scale0p70710678-df30-two-sided-on-t-two-dpoint-0-long",10,9001,10000,30262043
"materialize_bf_prior","long","t","t-two-dpoint-0p2-long","t-tbf01-cauchy-null0-loc0-scale0p70710678-df1-two-sided-on-t-two-dpoint-0p2-long",1,1,1000,21262017
"materialize_bf_prior","long","t","t-two-dpoint-0p2-long","t-tbf01-cauchy-null0-loc0-scale0p70710678-df1-two-sided-on-t-two-dpoint-0p2-long",2,1001,2000,22262020
"materialize_bf_prior","long","t","t-two-dpoint-0p2-long","t-tbf01-cauchy-null0-loc0-scale0p70710678-df1-two-sided-on-t-two-dpoint-0p2-long",3,2001,3000,23262023
"materialize_bf_prior","long","t","t-two-dpoint-0p2-long","t-tbf01-cauchy-null0-loc0-scale0p70710678-df1-two-sided-on-t-two-dpoint-0p2-long",4,3001,4000,24262026
"materialize_bf_prior","long","t","t-two-dpoint-0p2-long","t-tbf01-cauchy-null0-loc0-scale0p70710678-df1-two-sided-on-t-two-dpoint-0p2-long",5,4001,5000,25262029
"materialize_bf_prior","long","t","t-two-dpoint-0p2-long","t-tbf01-cauchy-null0-loc0-scale0p70710678-df1-two-sided-on-t-two-dpoint-0p2-long",6,5001,6000,26262032
"materialize_bf_prior","long","t","t-two-dpoint-0p2-long","t-tbf01-cauchy-null0-loc0-scale0p70710678-df1-two-sided-on-t-two-dpoint-0p2-long",7,6001,7000,27262035
"materialize_bf_prior","long","t","t-two-dpoint-0p2-long","t-tbf01-cauchy-null0-loc0-scale0p70710678-df1-two-sided-on-t-two-dpoint-0p2-long",8,7001,8000,28262038
"materialize_bf_prior","long","t","t-two-dpoint-0p2-long","t-tbf01-cauchy-null0-loc0-scale0p70710678-df1-two-sided-on-t-two-dpoint-0p2-long",9,8001,9000,29262041
"materialize_bf_prior","long","t","t-two-dpoint-0p2-long","t-tbf01-cauchy-null0-loc0-scale0p70710678-df1-two-sided-on-t-two-dpoint-0p2-long",10,9001,10000,30262044
"materialize_bf_prior","long","t","t-two-dpoint-0p2-long","t-tbf01-cauchy-null0-loc0-scale0p70710678-df1-greater-on-t-two-dpoint-0p2-long",1,1,1000,21262017
"materialize_bf_prior","long","t","t-two-dpoint-0p2-long","t-tbf01-cauchy-null0-loc0-scale0p70710678-df1-greater-on-t-two-dpoint-0p2-long",2,1001,2000,22262020
"materialize_bf_prior","long","t","t-two-dpoint-0p2-long","t-tbf01-cauchy-null0-loc0-scale0p70710678-df1-greater-on-t-two-dpoint-0p2-long",3,2001,3000,23262023
"materialize_bf_prior","long","t","t-two-dpoint-0p2-long","t-tbf01-cauchy-null0-loc0-scale0p70710678-df1-greater-on-t-two-dpoint-0p2-long",4,3001,4000,24262026
"materialize_bf_prior","long","t","t-two-dpoint-0p2-long","t-tbf01-cauchy-null0-loc0-scale0p70710678-df1-greater-on-t-two-dpoint-0p2-long",5,4001,5000,25262029
"materialize_bf_prior","long","t","t-two-dpoint-0p2-long","t-tbf01-cauchy-null0-loc0-scale0p70710678-df1-greater-on-t-two-dpoint-0p2-long",6,5001,6000,26262032
"materialize_bf_prior","long","t","t-two-dpoint-0p2-long","t-tbf01-cauchy-null0-loc0-scale0p70710678-df1-greater-on-t-two-dpoint-0p2-long",7,6001,7000,27262035
"materialize_bf_prior","long","t","t-two-dpoint-0p2-long","t-tbf01-cauchy-null0-loc0-scale0p70710678-df1-greater-on-t-two-dpoint-0p2-long",8,7001,8000,28262038
"materialize_bf_prior","long","t","t-two-dpoint-0p2-long","t-tbf01-cauchy-null0-loc0-scale0p70710678-df1-greater-on-t-two-dpoint-0p2-long",9,8001,9000,29262041
"materialize_bf_prior","long","t","t-two-dpoint-0p2-long","t-tbf01-cauchy-null0-loc0-scale0p70710678-df1-greater-on-t-two-dpoint-0p2-long",10,9001,10000,30262044
"materialize_bf_prior","long","t","t-two-dpoint-0p2-long","t-tbf01-cauchy-null0-loc0-scale0p70710678-df1-less-on-t-two-dpoint-0p2-long",1,1,1000,21262017
"materialize_bf_prior","long","t","t-two-dpoint-0p2-long","t-tbf01-cauchy-null0-loc0-scale0p70710678-df1-less-on-t-two-dpoint-0p2-long",2,1001,2000,22262020
"materialize_bf_prior","long","t","t-two-dpoint-0p2-long","t-tbf01-cauchy-null0-loc0-scale0p70710678-df1-less-on-t-two-dpoint-0p2-long",3,2001,3000,23262023
"materialize_bf_prior","long","t","t-two-dpoint-0p2-long","t-tbf01-cauchy-null0-loc0-scale0p70710678-df1-less-on-t-two-dpoint-0p2-long",4,3001,4000,24262026
"materialize_bf_prior","long","t","t-two-dpoint-0p2-long","t-tbf01-cauchy-null0-loc0-scale0p70710678-df1-less-on-t-two-dpoint-0p2-long",5,4001,5000,25262029
"materialize_bf_prior","long","t","t-two-dpoint-0p2-long","t-tbf01-cauchy-null0-loc0-scale0p70710678-df1-less-on-t-two-dpoint-0p2-long",6,5001,6000,26262032
"materialize_bf_prior","long","t","t-two-dpoint-0p2-long","t-tbf01-cauchy-null0-loc0-scale0p70710678-df1-less-on-t-two-dpoint-0p2-long",7,6001,7000,27262035
"materialize_bf_prior","long","t","t-two-dpoint-0p2-long","t-tbf01-cauchy-null0-loc0-scale0p70710678-df1-less-on-t-two-dpoint-0p2-long",8,7001,8000,28262038
"materialize_bf_prior","long","t","t-two-dpoint-0p2-long","t-tbf01-cauchy-null0-loc0-scale0p70710678-df1-less-on-t-two-dpoint-0p2-long",9,8001,9000,29262041
"materialize_bf_prior","long","t","t-two-dpoint-0p2-long","t-tbf01-cauchy-null0-loc0-scale0p70710678-df1-less-on-t-two-dpoint-0p2-long",10,9001,10000,30262044
"materialize_bf_prior","long","t","t-two-dpoint-0p2-long","t-tbf01-cauchy-null0-loc0-scale0p35-df1-two-sided-on-t-two-dpoint-0p2-long",1,1,1000,21262017
"materialize_bf_prior","long","t","t-two-dpoint-0p2-long","t-tbf01-cauchy-null0-loc0-scale0p35-df1-two-sided-on-t-two-dpoint-0p2-long",2,1001,2000,22262020
"materialize_bf_prior","long","t","t-two-dpoint-0p2-long","t-tbf01-cauchy-null0-loc0-scale0p35-df1-two-sided-on-t-two-dpoint-0p2-long",3,2001,3000,23262023
"materialize_bf_prior","long","t","t-two-dpoint-0p2-long","t-tbf01-cauchy-null0-loc0-scale0p35-df1-two-sided-on-t-two-dpoint-0p2-long",4,3001,4000,24262026
"materialize_bf_prior","long","t","t-two-dpoint-0p2-long","t-tbf01-cauchy-null0-loc0-scale0p35-df1-two-sided-on-t-two-dpoint-0p2-long",5,4001,5000,25262029
"materialize_bf_prior","long","t","t-two-dpoint-0p2-long","t-tbf01-cauchy-null0-loc0-scale0p35-df1-two-sided-on-t-two-dpoint-0p2-long",6,5001,6000,26262032
"materialize_bf_prior","long","t","t-two-dpoint-0p2-long","t-tbf01-cauchy-null0-loc0-scale0p35-df1-two-sided-on-t-two-dpoint-0p2-long",7,6001,7000,27262035
"materialize_bf_prior","long","t","t-two-dpoint-0p2-long","t-tbf01-cauchy-null0-loc0-scale0p35-df1-two-sided-on-t-two-dpoint-0p2-long",8,7001,8000,28262038
"materialize_bf_prior","long","t","t-two-dpoint-0p2-long","t-tbf01-cauchy-null0-loc0-scale0p35-df1-two-sided-on-t-two-dpoint-0p2-long",9,8001,9000,29262041
"materialize_bf_prior","long","t","t-two-dpoint-0p2-long","t-tbf01-cauchy-null0-loc0-scale0p35-df1-two-sided-on-t-two-dpoint-0p2-long",10,9001,10000,30262044
"materialize_bf_prior","long","t","t-two-dpoint-0p2-long","t-tbf01-cauchy-null0-loc0-scale1-df1-two-sided-on-t-two-dpoint-0p2-long",1,1,1000,21262017
"materialize_bf_prior","long","t","t-two-dpoint-0p2-long","t-tbf01-cauchy-null0-loc0-scale1-df1-two-sided-on-t-two-dpoint-0p2-long",2,1001,2000,22262020
"materialize_bf_prior","long","t","t-two-dpoint-0p2-long","t-tbf01-cauchy-null0-loc0-scale1-df1-two-sided-on-t-two-dpoint-0p2-long",3,2001,3000,23262023
"materialize_bf_prior","long","t","t-two-dpoint-0p2-long","t-tbf01-cauchy-null0-loc0-scale1-df1-two-sided-on-t-two-dpoint-0p2-long",4,3001,4000,24262026
"materialize_bf_prior","long","t","t-two-dpoint-0p2-long","t-tbf01-cauchy-null0-loc0-scale1-df1-two-sided-on-t-two-dpoint-0p2-long",5,4001,5000,25262029
"materialize_bf_prior","long","t","t-two-dpoint-0p2-long","t-tbf01-cauchy-null0-loc0-scale1-df1-two-sided-on-t-two-dpoint-0p2-long",6,5001,6000,26262032
"materialize_bf_prior","long","t","t-two-dpoint-0p2-long","t-tbf01-cauchy-null0-loc0-scale1-df1-two-sided-on-t-two-dpoint-0p2-long",7,6001,7000,27262035
"materialize_bf_prior","long","t","t-two-dpoint-0p2-long","t-tbf01-cauchy-null0-loc0-scale1-df1-two-sided-on-t-two-dpoint-0p2-long",8,7001,8000,28262038
"materialize_bf_prior","long","t","t-two-dpoint-0p2-long","t-tbf01-cauchy-null0-loc0-scale1-df1-two-sided-on-t-two-dpoint-0p2-long",9,8001,9000,29262041
"materialize_bf_prior","long","t","t-two-dpoint-0p2-long","t-tbf01-cauchy-null0-loc0-scale1-df1-two-sided-on-t-two-dpoint-0p2-long",10,9001,10000,30262044
"materialize_bf_prior","long","t","t-two-dpoint-0p2-long","t-tbf01-student-t-null0-loc0-scale0p70710678-df3-two-sided-on-t-two-dpoint-0p2-long",1,1,1000,21262017
"materialize_bf_prior","long","t","t-two-dpoint-0p2-long","t-tbf01-student-t-null0-loc0-scale0p70710678-df3-two-sided-on-t-two-dpoint-0p2-long",2,1001,2000,22262020
"materialize_bf_prior","long","t","t-two-dpoint-0p2-long","t-tbf01-student-t-null0-loc0-scale0p70710678-df3-two-sided-on-t-two-dpoint-0p2-long",3,2001,3000,23262023
"materialize_bf_prior","long","t","t-two-dpoint-0p2-long","t-tbf01-student-t-null0-loc0-scale0p70710678-df3-two-sided-on-t-two-dpoint-0p2-long",4,3001,4000,24262026
"materialize_bf_prior","long","t","t-two-dpoint-0p2-long","t-tbf01-student-t-null0-loc0-scale0p70710678-df3-two-sided-on-t-two-dpoint-0p2-long",5,4001,5000,25262029
"materialize_bf_prior","long","t","t-two-dpoint-0p2-long","t-tbf01-student-t-null0-loc0-scale0p70710678-df3-two-sided-on-t-two-dpoint-0p2-long",6,5001,6000,26262032
"materialize_bf_prior","long","t","t-two-dpoint-0p2-long","t-tbf01-student-t-null0-loc0-scale0p70710678-df3-two-sided-on-t-two-dpoint-0p2-long",7,6001,7000,27262035
"materialize_bf_prior","long","t","t-two-dpoint-0p2-long","t-tbf01-student-t-null0-loc0-scale0p70710678-df3-two-sided-on-t-two-dpoint-0p2-long",8,7001,8000,28262038
"materialize_bf_prior","long","t","t-two-dpoint-0p2-long","t-tbf01-student-t-null0-loc0-scale0p70710678-df3-two-sided-on-t-two-dpoint-0p2-long",9,8001,9000,29262041
"materialize_bf_prior","long","t","t-two-dpoint-0p2-long","t-tbf01-student-t-null0-loc0-scale0p70710678-df3-two-sided-on-t-two-dpoint-0p2-long",10,9001,10000,30262044
"materialize_bf_prior","long","t","t-two-dpoint-0p2-long","t-tbf01-student-t-null0-loc0-scale0p70710678-df30-two-sided-on-t-two-dpoint-0p2-long",1,1,1000,21262017
"materialize_bf_prior","long","t","t-two-dpoint-0p2-long","t-tbf01-student-t-null0-loc0-scale0p70710678-df30-two-sided-on-t-two-dpoint-0p2-long",2,1001,2000,22262020
"materialize_bf_prior","long","t","t-two-dpoint-0p2-long","t-tbf01-student-t-null0-loc0-scale0p70710678-df30-two-sided-on-t-two-dpoint-0p2-long",3,2001,3000,23262023
"materialize_bf_prior","long","t","t-two-dpoint-0p2-long","t-tbf01-student-t-null0-loc0-scale0p70710678-df30-two-sided-on-t-two-dpoint-0p2-long",4,3001,4000,24262026
"materialize_bf_prior","long","t","t-two-dpoint-0p2-long","t-tbf01-student-t-null0-loc0-scale0p70710678-df30-two-sided-on-t-two-dpoint-0p2-long",5,4001,5000,25262029
"materialize_bf_prior","long","t","t-two-dpoint-0p2-long","t-tbf01-student-t-null0-loc0-scale0p70710678-df30-two-sided-on-t-two-dpoint-0p2-long",6,5001,6000,26262032
"materialize_bf_prior","long","t","t-two-dpoint-0p2-long","t-tbf01-student-t-null0-loc0-scale0p70710678-df30-two-sided-on-t-two-dpoint-0p2-long",7,6001,7000,27262035
"materialize_bf_prior","long","t","t-two-dpoint-0p2-long","t-tbf01-student-t-null0-loc0-scale0p70710678-df30-two-sided-on-t-two-dpoint-0p2-long",8,7001,8000,28262038
"materialize_bf_prior","long","t","t-two-dpoint-0p2-long","t-tbf01-student-t-null0-loc0-scale0p70710678-df30-two-sided-on-t-two-dpoint-0p2-long",9,8001,9000,29262041
"materialize_bf_prior","long","t","t-two-dpoint-0p2-long","t-tbf01-student-t-null0-loc0-scale0p70710678-df30-two-sided-on-t-two-dpoint-0p2-long",10,9001,10000,30262044
"materialize_bf_prior","long","t","t-two-dnorm-0p2-s0p1-long","t-tbf01-cauchy-null0-loc0-scale0p70710678-df1-two-sided-on-t-two-dnorm-0p2-s0p1-long",1,1,1000,21262018
"materialize_bf_prior","long","t","t-two-dnorm-0p2-s0p1-long","t-tbf01-cauchy-null0-loc0-scale0p70710678-df1-two-sided-on-t-two-dnorm-0p2-s0p1-long",2,1001,2000,22262021
"materialize_bf_prior","long","t","t-two-dnorm-0p2-s0p1-long","t-tbf01-cauchy-null0-loc0-scale0p70710678-df1-two-sided-on-t-two-dnorm-0p2-s0p1-long",3,2001,3000,23262024
"materialize_bf_prior","long","t","t-two-dnorm-0p2-s0p1-long","t-tbf01-cauchy-null0-loc0-scale0p70710678-df1-two-sided-on-t-two-dnorm-0p2-s0p1-long",4,3001,4000,24262027
"materialize_bf_prior","long","t","t-two-dnorm-0p2-s0p1-long","t-tbf01-cauchy-null0-loc0-scale0p70710678-df1-two-sided-on-t-two-dnorm-0p2-s0p1-long",5,4001,5000,25262030
"materialize_bf_prior","long","t","t-two-dnorm-0p2-s0p1-long","t-tbf01-cauchy-null0-loc0-scale0p70710678-df1-two-sided-on-t-two-dnorm-0p2-s0p1-long",6,5001,6000,26262033
"materialize_bf_prior","long","t","t-two-dnorm-0p2-s0p1-long","t-tbf01-cauchy-null0-loc0-scale0p70710678-df1-two-sided-on-t-two-dnorm-0p2-s0p1-long",7,6001,7000,27262036
"materialize_bf_prior","long","t","t-two-dnorm-0p2-s0p1-long","t-tbf01-cauchy-null0-loc0-scale0p70710678-df1-two-sided-on-t-two-dnorm-0p2-s0p1-long",8,7001,8000,28262039
"materialize_bf_prior","long","t","t-two-dnorm-0p2-s0p1-long","t-tbf01-cauchy-null0-loc0-scale0p70710678-df1-two-sided-on-t-two-dnorm-0p2-s0p1-long",9,8001,9000,29262042
"materialize_bf_prior","long","t","t-two-dnorm-0p2-s0p1-long","t-tbf01-cauchy-null0-loc0-scale0p70710678-df1-two-sided-on-t-two-dnorm-0p2-s0p1-long",10,9001,10000,30262045
"materialize_bf_prior","long","t","t-two-dnorm-0p2-s0p1-long","t-tbf01-cauchy-null0-loc0-scale0p70710678-df1-greater-on-t-two-dnorm-0p2-s0p1-long",1,1,1000,21262018
"materialize_bf_prior","long","t","t-two-dnorm-0p2-s0p1-long","t-tbf01-cauchy-null0-loc0-scale0p70710678-df1-greater-on-t-two-dnorm-0p2-s0p1-long",2,1001,2000,22262021
"materialize_bf_prior","long","t","t-two-dnorm-0p2-s0p1-long","t-tbf01-cauchy-null0-loc0-scale0p70710678-df1-greater-on-t-two-dnorm-0p2-s0p1-long",3,2001,3000,23262024
"materialize_bf_prior","long","t","t-two-dnorm-0p2-s0p1-long","t-tbf01-cauchy-null0-loc0-scale0p70710678-df1-greater-on-t-two-dnorm-0p2-s0p1-long",4,3001,4000,24262027
"materialize_bf_prior","long","t","t-two-dnorm-0p2-s0p1-long","t-tbf01-cauchy-null0-loc0-scale0p70710678-df1-greater-on-t-two-dnorm-0p2-s0p1-long",5,4001,5000,25262030
"materialize_bf_prior","long","t","t-two-dnorm-0p2-s0p1-long","t-tbf01-cauchy-null0-loc0-scale0p70710678-df1-greater-on-t-two-dnorm-0p2-s0p1-long",6,5001,6000,26262033
"materialize_bf_prior","long","t","t-two-dnorm-0p2-s0p1-long","t-tbf01-cauchy-null0-loc0-scale0p70710678-df1-greater-on-t-two-dnorm-0p2-s0p1-long",7,6001,7000,27262036
"materialize_bf_prior","long","t","t-two-dnorm-0p2-s0p1-long","t-tbf01-cauchy-null0-loc0-scale0p70710678-df1-greater-on-t-two-dnorm-0p2-s0p1-long",8,7001,8000,28262039
"materialize_bf_prior","long","t","t-two-dnorm-0p2-s0p1-long","t-tbf01-cauchy-null0-loc0-scale0p70710678-df1-greater-on-t-two-dnorm-0p2-s0p1-long",9,8001,9000,29262042
"materialize_bf_prior","long","t","t-two-dnorm-0p2-s0p1-long","t-tbf01-cauchy-null0-loc0-scale0p70710678-df1-greater-on-t-two-dnorm-0p2-s0p1-long",10,9001,10000,30262045
"materialize_bf_prior","long","t","t-two-dnorm-0p2-s0p1-long","t-tbf01-cauchy-null0-loc0-scale0p70710678-df1-less-on-t-two-dnorm-0p2-s0p1-long",1,1,1000,21262018
"materialize_bf_prior","long","t","t-two-dnorm-0p2-s0p1-long","t-tbf01-cauchy-null0-loc0-scale0p70710678-df1-less-on-t-two-dnorm-0p2-s0p1-long",2,1001,2000,22262021
"materialize_bf_prior","long","t","t-two-dnorm-0p2-s0p1-long","t-tbf01-cauchy-null0-loc0-scale0p70710678-df1-less-on-t-two-dnorm-0p2-s0p1-long",3,2001,3000,23262024
"materialize_bf_prior","long","t","t-two-dnorm-0p2-s0p1-long","t-tbf01-cauchy-null0-loc0-scale0p70710678-df1-less-on-t-two-dnorm-0p2-s0p1-long",4,3001,4000,24262027
"materialize_bf_prior","long","t","t-two-dnorm-0p2-s0p1-long","t-tbf01-cauchy-null0-loc0-scale0p70710678-df1-less-on-t-two-dnorm-0p2-s0p1-long",5,4001,5000,25262030
"materialize_bf_prior","long","t","t-two-dnorm-0p2-s0p1-long","t-tbf01-cauchy-null0-loc0-scale0p70710678-df1-less-on-t-two-dnorm-0p2-s0p1-long",6,5001,6000,26262033
"materialize_bf_prior","long","t","t-two-dnorm-0p2-s0p1-long","t-tbf01-cauchy-null0-loc0-scale0p70710678-df1-less-on-t-two-dnorm-0p2-s0p1-long",7,6001,7000,27262036
"materialize_bf_prior","long","t","t-two-dnorm-0p2-s0p1-long","t-tbf01-cauchy-null0-loc0-scale0p70710678-df1-less-on-t-two-dnorm-0p2-s0p1-long",8,7001,8000,28262039
"materialize_bf_prior","long","t","t-two-dnorm-0p2-s0p1-long","t-tbf01-cauchy-null0-loc0-scale0p70710678-df1-less-on-t-two-dnorm-0p2-s0p1-long",9,8001,9000,29262042
"materialize_bf_prior","long","t","t-two-dnorm-0p2-s0p1-long","t-tbf01-cauchy-null0-loc0-scale0p70710678-df1-less-on-t-two-dnorm-0p2-s0p1-long",10,9001,10000,30262045
"materialize_bf_prior","long","t","t-two-dnorm-0p2-s0p1-long","t-tbf01-cauchy-null0-loc0-scale0p35-df1-two-sided-on-t-two-dnorm-0p2-s0p1-long",1,1,1000,21262018
"materialize_bf_prior","long","t","t-two-dnorm-0p2-s0p1-long","t-tbf01-cauchy-null0-loc0-scale0p35-df1-two-sided-on-t-two-dnorm-0p2-s0p1-long",2,1001,2000,22262021
"materialize_bf_prior","long","t","t-two-dnorm-0p2-s0p1-long","t-tbf01-cauchy-null0-loc0-scale0p35-df1-two-sided-on-t-two-dnorm-0p2-s0p1-long",3,2001,3000,23262024
"materialize_bf_prior","long","t","t-two-dnorm-0p2-s0p1-long","t-tbf01-cauchy-null0-loc0-scale0p35-df1-two-sided-on-t-two-dnorm-0p2-s0p1-long",4,3001,4000,24262027
"materialize_bf_prior","long","t","t-two-dnorm-0p2-s0p1-long","t-tbf01-cauchy-null0-loc0-scale0p35-df1-two-sided-on-t-two-dnorm-0p2-s0p1-long",5,4001,5000,25262030
"materialize_bf_prior","long","t","t-two-dnorm-0p2-s0p1-long","t-tbf01-cauchy-null0-loc0-scale0p35-df1-two-sided-on-t-two-dnorm-0p2-s0p1-long",6,5001,6000,26262033
"materialize_bf_prior","long","t","t-two-dnorm-0p2-s0p1-long","t-tbf01-cauchy-null0-loc0-scale0p35-df1-two-sided-on-t-two-dnorm-0p2-s0p1-long",7,6001,7000,27262036
"materialize_bf_prior","long","t","t-two-dnorm-0p2-s0p1-long","t-tbf01-cauchy-null0-loc0-scale0p35-df1-two-sided-on-t-two-dnorm-0p2-s0p1-long",8,7001,8000,28262039
"materialize_bf_prior","long","t","t-two-dnorm-0p2-s0p1-long","t-tbf01-cauchy-null0-loc0-scale0p35-df1-two-sided-on-t-two-dnorm-0p2-s0p1-long",9,8001,9000,29262042
"materialize_bf_prior","long","t","t-two-dnorm-0p2-s0p1-long","t-tbf01-cauchy-null0-loc0-scale0p35-df1-two-sided-on-t-two-dnorm-0p2-s0p1-long",10,9001,10000,30262045
"materialize_bf_prior","long","t","t-two-dnorm-0p2-s0p1-long","t-tbf01-cauchy-null0-loc0-scale1-df1-two-sided-on-t-two-dnorm-0p2-s0p1-long",1,1,1000,21262018
"materialize_bf_prior","long","t","t-two-dnorm-0p2-s0p1-long","t-tbf01-cauchy-null0-loc0-scale1-df1-two-sided-on-t-two-dnorm-0p2-s0p1-long",2,1001,2000,22262021
"materialize_bf_prior","long","t","t-two-dnorm-0p2-s0p1-long","t-tbf01-cauchy-null0-loc0-scale1-df1-two-sided-on-t-two-dnorm-0p2-s0p1-long",3,2001,3000,23262024
"materialize_bf_prior","long","t","t-two-dnorm-0p2-s0p1-long","t-tbf01-cauchy-null0-loc0-scale1-df1-two-sided-on-t-two-dnorm-0p2-s0p1-long",4,3001,4000,24262027
"materialize_bf_prior","long","t","t-two-dnorm-0p2-s0p1-long","t-tbf01-cauchy-null0-loc0-scale1-df1-two-sided-on-t-two-dnorm-0p2-s0p1-long",5,4001,5000,25262030
"materialize_bf_prior","long","t","t-two-dnorm-0p2-s0p1-long","t-tbf01-cauchy-null0-loc0-scale1-df1-two-sided-on-t-two-dnorm-0p2-s0p1-long",6,5001,6000,26262033
"materialize_bf_prior","long","t","t-two-dnorm-0p2-s0p1-long","t-tbf01-cauchy-null0-loc0-scale1-df1-two-sided-on-t-two-dnorm-0p2-s0p1-long",7,6001,7000,27262036
"materialize_bf_prior","long","t","t-two-dnorm-0p2-s0p1-long","t-tbf01-cauchy-null0-loc0-scale1-df1-two-sided-on-t-two-dnorm-0p2-s0p1-long",8,7001,8000,28262039
"materialize_bf_prior","long","t","t-two-dnorm-0p2-s0p1-long","t-tbf01-cauchy-null0-loc0-scale1-df1-two-sided-on-t-two-dnorm-0p2-s0p1-long",9,8001,9000,29262042
"materialize_bf_prior","long","t","t-two-dnorm-0p2-s0p1-long","t-tbf01-cauchy-null0-loc0-scale1-df1-two-sided-on-t-two-dnorm-0p2-s0p1-long",10,9001,10000,30262045
"materialize_bf_prior","long","t","t-two-dnorm-0p2-s0p1-long","t-tbf01-student-t-null0-loc0-scale0p70710678-df3-two-sided-on-t-two-dnorm-0p2-s0p1-long",1,1,1000,21262018
"materialize_bf_prior","long","t","t-two-dnorm-0p2-s0p1-long","t-tbf01-student-t-null0-loc0-scale0p70710678-df3-two-sided-on-t-two-dnorm-0p2-s0p1-long",2,1001,2000,22262021
"materialize_bf_prior","long","t","t-two-dnorm-0p2-s0p1-long","t-tbf01-student-t-null0-loc0-scale0p70710678-df3-two-sided-on-t-two-dnorm-0p2-s0p1-long",3,2001,3000,23262024
"materialize_bf_prior","long","t","t-two-dnorm-0p2-s0p1-long","t-tbf01-student-t-null0-loc0-scale0p70710678-df3-two-sided-on-t-two-dnorm-0p2-s0p1-long",4,3001,4000,24262027
"materialize_bf_prior","long","t","t-two-dnorm-0p2-s0p1-long","t-tbf01-student-t-null0-loc0-scale0p70710678-df3-two-sided-on-t-two-dnorm-0p2-s0p1-long",5,4001,5000,25262030
"materialize_bf_prior","long","t","t-two-dnorm-0p2-s0p1-long","t-tbf01-student-t-null0-loc0-scale0p70710678-df3-two-sided-on-t-two-dnorm-0p2-s0p1-long",6,5001,6000,26262033
"materialize_bf_prior","long","t","t-two-dnorm-0p2-s0p1-long","t-tbf01-student-t-null0-loc0-scale0p70710678-df3-two-sided-on-t-two-dnorm-0p2-s0p1-long",7,6001,7000,27262036
"materialize_bf_prior","long","t","t-two-dnorm-0p2-s0p1-long","t-tbf01-student-t-null0-loc0-scale0p70710678-df3-two-sided-on-t-two-dnorm-0p2-s0p1-long",8,7001,8000,28262039
"materialize_bf_prior","long","t","t-two-dnorm-0p2-s0p1-long","t-tbf01-student-t-null0-loc0-scale0p70710678-df3-two-sided-on-t-two-dnorm-0p2-s0p1-long",9,8001,9000,29262042
"materialize_bf_prior","long","t","t-two-dnorm-0p2-s0p1-long","t-tbf01-student-t-null0-loc0-scale0p70710678-df3-two-sided-on-t-two-dnorm-0p2-s0p1-long",10,9001,10000,30262045
"materialize_bf_prior","long","t","t-two-dnorm-0p2-s0p1-long","t-tbf01-student-t-null0-loc0-scale0p70710678-df30-two-sided-on-t-two-dnorm-0p2-s0p1-long",1,1,1000,21262018
"materialize_bf_prior","long","t","t-two-dnorm-0p2-s0p1-long","t-tbf01-student-t-null0-loc0-scale0p70710678-df30-two-sided-on-t-two-dnorm-0p2-s0p1-long",2,1001,2000,22262021
"materialize_bf_prior","long","t","t-two-dnorm-0p2-s0p1-long","t-tbf01-student-t-null0-loc0-scale0p70710678-df30-two-sided-on-t-two-dnorm-0p2-s0p1-long",3,2001,3000,23262024
"materialize_bf_prior","long","t","t-two-dnorm-0p2-s0p1-long","t-tbf01-student-t-null0-loc0-scale0p70710678-df30-two-sided-on-t-two-dnorm-0p2-s0p1-long",4,3001,4000,24262027
"materialize_bf_prior","long","t","t-two-dnorm-0p2-s0p1-long","t-tbf01-student-t-null0-loc0-scale0p70710678-df30-two-sided-on-t-two-dnorm-0p2-s0p1-long",5,4001,5000,25262030
"materialize_bf_prior","long","t","t-two-dnorm-0p2-s0p1-long","t-tbf01-student-t-null0-loc0-scale0p70710678-df30-two-sided-on-t-two-dnorm-0p2-s0p1-long",6,5001,6000,26262033
"materialize_bf_prior","long","t","t-two-dnorm-0p2-s0p1-long","t-tbf01-student-t-null0-loc0-scale0p70710678-df30-two-sided-on-t-two-dnorm-0p2-s0p1-long",7,6001,7000,27262036
"materialize_bf_prior","long","t","t-two-dnorm-0p2-s0p1-long","t-tbf01-student-t-null0-loc0-scale0p70710678-df30-two-sided-on-t-two-dnorm-0p2-s0p1-long",8,7001,8000,28262039
"materialize_bf_prior","long","t","t-two-dnorm-0p2-s0p1-long","t-tbf01-student-t-null0-loc0-scale0p70710678-df30-two-sided-on-t-two-dnorm-0p2-s0p1-long",9,8001,9000,29262042
"materialize_bf_prior","long","t","t-two-dnorm-0p2-s0p1-long","t-tbf01-student-t-null0-loc0-scale0p70710678-df30-two-sided-on-t-two-dnorm-0p2-s0p1-long",10,9001,10000,30262045
"materialize_bf_prior","long","t","t-two-dnorm-0p2-s0p5-long","t-tbf01-cauchy-null0-loc0-scale0p70710678-df1-two-sided-on-t-two-dnorm-0p2-s0p5-long",1,1,1000,21262019
"materialize_bf_prior","long","t","t-two-dnorm-0p2-s0p5-long","t-tbf01-cauchy-null0-loc0-scale0p70710678-df1-two-sided-on-t-two-dnorm-0p2-s0p5-long",2,1001,2000,22262022
"materialize_bf_prior","long","t","t-two-dnorm-0p2-s0p5-long","t-tbf01-cauchy-null0-loc0-scale0p70710678-df1-two-sided-on-t-two-dnorm-0p2-s0p5-long",3,2001,3000,23262025
"materialize_bf_prior","long","t","t-two-dnorm-0p2-s0p5-long","t-tbf01-cauchy-null0-loc0-scale0p70710678-df1-two-sided-on-t-two-dnorm-0p2-s0p5-long",4,3001,4000,24262028
"materialize_bf_prior","long","t","t-two-dnorm-0p2-s0p5-long","t-tbf01-cauchy-null0-loc0-scale0p70710678-df1-two-sided-on-t-two-dnorm-0p2-s0p5-long",5,4001,5000,25262031
"materialize_bf_prior","long","t","t-two-dnorm-0p2-s0p5-long","t-tbf01-cauchy-null0-loc0-scale0p70710678-df1-two-sided-on-t-two-dnorm-0p2-s0p5-long",6,5001,6000,26262034
"materialize_bf_prior","long","t","t-two-dnorm-0p2-s0p5-long","t-tbf01-cauchy-null0-loc0-scale0p70710678-df1-two-sided-on-t-two-dnorm-0p2-s0p5-long",7,6001,7000,27262037
"materialize_bf_prior","long","t","t-two-dnorm-0p2-s0p5-long","t-tbf01-cauchy-null0-loc0-scale0p70710678-df1-two-sided-on-t-two-dnorm-0p2-s0p5-long",8,7001,8000,28262040
"materialize_bf_prior","long","t","t-two-dnorm-0p2-s0p5-long","t-tbf01-cauchy-null0-loc0-scale0p70710678-df1-two-sided-on-t-two-dnorm-0p2-s0p5-long",9,8001,9000,29262043
"materialize_bf_prior","long","t","t-two-dnorm-0p2-s0p5-long","t-tbf01-cauchy-null0-loc0-scale0p70710678-df1-two-sided-on-t-two-dnorm-0p2-s0p5-long",10,9001,10000,30262046
"materialize_bf_prior","long","t","t-two-dnorm-0p2-s0p5-long","t-tbf01-cauchy-null0-loc0-scale0p70710678-df1-greater-on-t-two-dnorm-0p2-s0p5-long",1,1,1000,21262019
"materialize_bf_prior","long","t","t-two-dnorm-0p2-s0p5-long","t-tbf01-cauchy-null0-loc0-scale0p70710678-df1-greater-on-t-two-dnorm-0p2-s0p5-long",2,1001,2000,22262022
"materialize_bf_prior","long","t","t-two-dnorm-0p2-s0p5-long","t-tbf01-cauchy-null0-loc0-scale0p70710678-df1-greater-on-t-two-dnorm-0p2-s0p5-long",3,2001,3000,23262025
"materialize_bf_prior","long","t","t-two-dnorm-0p2-s0p5-long","t-tbf01-cauchy-null0-loc0-scale0p70710678-df1-greater-on-t-two-dnorm-0p2-s0p5-long",4,3001,4000,24262028
"materialize_bf_prior","long","t","t-two-dnorm-0p2-s0p5-long","t-tbf01-cauchy-null0-loc0-scale0p70710678-df1-greater-on-t-two-dnorm-0p2-s0p5-long",5,4001,5000,25262031
"materialize_bf_prior","long","t","t-two-dnorm-0p2-s0p5-long","t-tbf01-cauchy-null0-loc0-scale0p70710678-df1-greater-on-t-two-dnorm-0p2-s0p5-long",6,5001,6000,26262034
"materialize_bf_prior","long","t","t-two-dnorm-0p2-s0p5-long","t-tbf01-cauchy-null0-loc0-scale0p70710678-df1-greater-on-t-two-dnorm-0p2-s0p5-long",7,6001,7000,27262037
"materialize_bf_prior","long","t","t-two-dnorm-0p2-s0p5-long","t-tbf01-cauchy-null0-loc0-scale0p70710678-df1-greater-on-t-two-dnorm-0p2-s0p5-long",8,7001,8000,28262040
"materialize_bf_prior","long","t","t-two-dnorm-0p2-s0p5-long","t-tbf01-cauchy-null0-loc0-scale0p70710678-df1-greater-on-t-two-dnorm-0p2-s0p5-long",9,8001,9000,29262043
"materialize_bf_prior","long","t","t-two-dnorm-0p2-s0p5-long","t-tbf01-cauchy-null0-loc0-scale0p70710678-df1-greater-on-t-two-dnorm-0p2-s0p5-long",10,9001,10000,30262046
"materialize_bf_prior","long","t","t-two-dnorm-0p2-s0p5-long","t-tbf01-cauchy-null0-loc0-scale0p70710678-df1-less-on-t-two-dnorm-0p2-s0p5-long",1,1,1000,21262019
"materialize_bf_prior","long","t","t-two-dnorm-0p2-s0p5-long","t-tbf01-cauchy-null0-loc0-scale0p70710678-df1-less-on-t-two-dnorm-0p2-s0p5-long",2,1001,2000,22262022
"materialize_bf_prior","long","t","t-two-dnorm-0p2-s0p5-long","t-tbf01-cauchy-null0-loc0-scale0p70710678-df1-less-on-t-two-dnorm-0p2-s0p5-long",3,2001,3000,23262025
"materialize_bf_prior","long","t","t-two-dnorm-0p2-s0p5-long","t-tbf01-cauchy-null0-loc0-scale0p70710678-df1-less-on-t-two-dnorm-0p2-s0p5-long",4,3001,4000,24262028
"materialize_bf_prior","long","t","t-two-dnorm-0p2-s0p5-long","t-tbf01-cauchy-null0-loc0-scale0p70710678-df1-less-on-t-two-dnorm-0p2-s0p5-long",5,4001,5000,25262031
"materialize_bf_prior","long","t","t-two-dnorm-0p2-s0p5-long","t-tbf01-cauchy-null0-loc0-scale0p70710678-df1-less-on-t-two-dnorm-0p2-s0p5-long",6,5001,6000,26262034
"materialize_bf_prior","long","t","t-two-dnorm-0p2-s0p5-long","t-tbf01-cauchy-null0-loc0-scale0p70710678-df1-less-on-t-two-dnorm-0p2-s0p5-long",7,6001,7000,27262037
"materialize_bf_prior","long","t","t-two-dnorm-0p2-s0p5-long","t-tbf01-cauchy-null0-loc0-scale0p70710678-df1-less-on-t-two-dnorm-0p2-s0p5-long",8,7001,8000,28262040
"materialize_bf_prior","long","t","t-two-dnorm-0p2-s0p5-long","t-tbf01-cauchy-null0-loc0-scale0p70710678-df1-less-on-t-two-dnorm-0p2-s0p5-long",9,8001,9000,29262043
"materialize_bf_prior","long","t","t-two-dnorm-0p2-s0p5-long","t-tbf01-cauchy-null0-loc0-scale0p70710678-df1-less-on-t-two-dnorm-0p2-s0p5-long",10,9001,10000,30262046
"materialize_bf_prior","long","t","t-two-dnorm-0p2-s0p5-long","t-tbf01-cauchy-null0-loc0-scale0p35-df1-two-sided-on-t-two-dnorm-0p2-s0p5-long",1,1,1000,21262019
"materialize_bf_prior","long","t","t-two-dnorm-0p2-s0p5-long","t-tbf01-cauchy-null0-loc0-scale0p35-df1-two-sided-on-t-two-dnorm-0p2-s0p5-long",2,1001,2000,22262022
"materialize_bf_prior","long","t","t-two-dnorm-0p2-s0p5-long","t-tbf01-cauchy-null0-loc0-scale0p35-df1-two-sided-on-t-two-dnorm-0p2-s0p5-long",3,2001,3000,23262025
"materialize_bf_prior","long","t","t-two-dnorm-0p2-s0p5-long","t-tbf01-cauchy-null0-loc0-scale0p35-df1-two-sided-on-t-two-dnorm-0p2-s0p5-long",4,3001,4000,24262028
"materialize_bf_prior","long","t","t-two-dnorm-0p2-s0p5-long","t-tbf01-cauchy-null0-loc0-scale0p35-df1-two-sided-on-t-two-dnorm-0p2-s0p5-long",5,4001,5000,25262031
"materialize_bf_prior","long","t","t-two-dnorm-0p2-s0p5-long","t-tbf01-cauchy-null0-loc0-scale0p35-df1-two-sided-on-t-two-dnorm-0p2-s0p5-long",6,5001,6000,26262034
"materialize_bf_prior","long","t","t-two-dnorm-0p2-s0p5-long","t-tbf01-cauchy-null0-loc0-scale0p35-df1-two-sided-on-t-two-dnorm-0p2-s0p5-long",7,6001,7000,27262037
"materialize_bf_prior","long","t","t-two-dnorm-0p2-s0p5-long","t-tbf01-cauchy-null0-loc0-scale0p35-df1-two-sided-on-t-two-dnorm-0p2-s0p5-long",8,7001,8000,28262040
"materialize_bf_prior","long","t","t-two-dnorm-0p2-s0p5-long","t-tbf01-cauchy-null0-loc0-scale0p35-df1-two-sided-on-t-two-dnorm-0p2-s0p5-long",9,8001,9000,29262043
"materialize_bf_prior","long","t","t-two-dnorm-0p2-s0p5-long","t-tbf01-cauchy-null0-loc0-scale0p35-df1-two-sided-on-t-two-dnorm-0p2-s0p5-long",10,9001,10000,30262046
"materialize_bf_prior","long","t","t-two-dnorm-0p2-s0p5-long","t-tbf01-cauchy-null0-loc0-scale1-df1-two-sided-on-t-two-dnorm-0p2-s0p5-long",1,1,1000,21262019
"materialize_bf_prior","long","t","t-two-dnorm-0p2-s0p5-long","t-tbf01-cauchy-null0-loc0-scale1-df1-two-sided-on-t-two-dnorm-0p2-s0p5-long",2,1001,2000,22262022
"materialize_bf_prior","long","t","t-two-dnorm-0p2-s0p5-long","t-tbf01-cauchy-null0-loc0-scale1-df1-two-sided-on-t-two-dnorm-0p2-s0p5-long",3,2001,3000,23262025
"materialize_bf_prior","long","t","t-two-dnorm-0p2-s0p5-long","t-tbf01-cauchy-null0-loc0-scale1-df1-two-sided-on-t-two-dnorm-0p2-s0p5-long",4,3001,4000,24262028
"materialize_bf_prior","long","t","t-two-dnorm-0p2-s0p5-long","t-tbf01-cauchy-null0-loc0-scale1-df1-two-sided-on-t-two-dnorm-0p2-s0p5-long",5,4001,5000,25262031
"materialize_bf_prior","long","t","t-two-dnorm-0p2-s0p5-long","t-tbf01-cauchy-null0-loc0-scale1-df1-two-sided-on-t-two-dnorm-0p2-s0p5-long",6,5001,6000,26262034
"materialize_bf_prior","long","t","t-two-dnorm-0p2-s0p5-long","t-tbf01-cauchy-null0-loc0-scale1-df1-two-sided-on-t-two-dnorm-0p2-s0p5-long",7,6001,7000,27262037
"materialize_bf_prior","long","t","t-two-dnorm-0p2-s0p5-long","t-tbf01-cauchy-null0-loc0-scale1-df1-two-sided-on-t-two-dnorm-0p2-s0p5-long",8,7001,8000,28262040
"materialize_bf_prior","long","t","t-two-dnorm-0p2-s0p5-long","t-tbf01-cauchy-null0-loc0-scale1-df1-two-sided-on-t-two-dnorm-0p2-s0p5-long",9,8001,9000,29262043
"materialize_bf_prior","long","t","t-two-dnorm-0p2-s0p5-long","t-tbf01-cauchy-null0-loc0-scale1-df1-two-sided-on-t-two-dnorm-0p2-s0p5-long",10,9001,10000,30262046
"materialize_bf_prior","long","t","t-two-dnorm-0p2-s0p5-long","t-tbf01-student-t-null0-loc0-scale0p70710678-df3-two-sided-on-t-two-dnorm-0p2-s0p5-long",1,1,1000,21262019
"materialize_bf_prior","long","t","t-two-dnorm-0p2-s0p5-long","t-tbf01-student-t-null0-loc0-scale0p70710678-df3-two-sided-on-t-two-dnorm-0p2-s0p5-long",2,1001,2000,22262022
"materialize_bf_prior","long","t","t-two-dnorm-0p2-s0p5-long","t-tbf01-student-t-null0-loc0-scale0p70710678-df3-two-sided-on-t-two-dnorm-0p2-s0p5-long",3,2001,3000,23262025
"materialize_bf_prior","long","t","t-two-dnorm-0p2-s0p5-long","t-tbf01-student-t-null0-loc0-scale0p70710678-df3-two-sided-on-t-two-dnorm-0p2-s0p5-long",4,3001,4000,24262028
"materialize_bf_prior","long","t","t-two-dnorm-0p2-s0p5-long","t-tbf01-student-t-null0-loc0-scale0p70710678-df3-two-sided-on-t-two-dnorm-0p2-s0p5-long",5,4001,5000,25262031
"materialize_bf_prior","long","t","t-two-dnorm-0p2-s0p5-long","t-tbf01-student-t-null0-loc0-scale0p70710678-df3-two-sided-on-t-two-dnorm-0p2-s0p5-long",6,5001,6000,26262034
"materialize_bf_prior","long","t","t-two-dnorm-0p2-s0p5-long","t-tbf01-student-t-null0-loc0-scale0p70710678-df3-two-sided-on-t-two-dnorm-0p2-s0p5-long",7,6001,7000,27262037
"materialize_bf_prior","long","t","t-two-dnorm-0p2-s0p5-long","t-tbf01-student-t-null0-loc0-scale0p70710678-df3-two-sided-on-t-two-dnorm-0p2-s0p5-long",8,7001,8000,28262040
"materialize_bf_prior","long","t","t-two-dnorm-0p2-s0p5-long","t-tbf01-student-t-null0-loc0-scale0p70710678-df3-two-sided-on-t-two-dnorm-0p2-s0p5-long",9,8001,9000,29262043
"materialize_bf_prior","long","t","t-two-dnorm-0p2-s0p5-long","t-tbf01-student-t-null0-loc0-scale0p70710678-df3-two-sided-on-t-two-dnorm-0p2-s0p5-long",10,9001,10000,30262046
"materialize_bf_prior","long","t","t-two-dnorm-0p2-s0p5-long","t-tbf01-student-t-null0-loc0-scale0p70710678-df30-two-sided-on-t-two-dnorm-0p2-s0p5-long",1,1,1000,21262019
"materialize_bf_prior","long","t","t-two-dnorm-0p2-s0p5-long","t-tbf01-student-t-null0-loc0-scale0p70710678-df30-two-sided-on-t-two-dnorm-0p2-s0p5-long",2,1001,2000,22262022
"materialize_bf_prior","long","t","t-two-dnorm-0p2-s0p5-long","t-tbf01-student-t-null0-loc0-scale0p70710678-df30-two-sided-on-t-two-dnorm-0p2-s0p5-long",3,2001,3000,23262025
"materialize_bf_prior","long","t","t-two-dnorm-0p2-s0p5-long","t-tbf01-student-t-null0-loc0-scale0p70710678-df30-two-sided-on-t-two-dnorm-0p2-s0p5-long",4,3001,4000,24262028
"materialize_bf_prior","long","t","t-two-dnorm-0p2-s0p5-long","t-tbf01-student-t-null0-loc0-scale0p70710678-df30-two-sided-on-t-two-dnorm-0p2-s0p5-long",5,4001,5000,25262031
"materialize_bf_prior","long","t","t-two-dnorm-0p2-s0p5-long","t-tbf01-student-t-null0-loc0-scale0p70710678-df30-two-sided-on-t-two-dnorm-0p2-s0p5-long",6,5001,6000,26262034
"materialize_bf_prior","long","t","t-two-dnorm-0p2-s0p5-long","t-tbf01-student-t-null0-loc0-scale0p70710678-df30-two-sided-on-t-two-dnorm-0p2-s0p5-long",7,6001,7000,27262037
"materialize_bf_prior","long","t","t-two-dnorm-0p2-s0p5-long","t-tbf01-student-t-null0-loc0-scale0p70710678-df30-two-sided-on-t-two-dnorm-0p2-s0p5-long",8,7001,8000,28262040
"materialize_bf_prior","long","t","t-two-dnorm-0p2-s0p5-long","t-tbf01-student-t-null0-loc0-scale0p70710678-df30-two-sided-on-t-two-dnorm-0p2-s0p5-long",9,8001,9000,29262043
"materialize_bf_prior","long","t","t-two-dnorm-0p2-s0p5-long","t-tbf01-student-t-null0-loc0-scale0p70710678-df30-two-sided-on-t-two-dnorm-0p2-s0p5-long",10,9001,10000,30262046
"materialize_bf_prior","short","t","t-two-dpoint-0p5-short","t-tbf01-student-t-null0-loc0p5-scale0p1-df3-greater-on-t-two-dpoint-0p5-short",1,1,1000,21262005
"materialize_bf_prior","short","t","t-two-dpoint-0p5-short","t-tbf01-student-t-null0-loc0p5-scale0p1-df3-greater-on-t-two-dpoint-0p5-short",2,1001,2000,22262008
"materialize_bf_prior","short","t","t-two-dpoint-0p5-short","t-tbf01-student-t-null0-loc0p5-scale0p1-df3-greater-on-t-two-dpoint-0p5-short",3,2001,3000,23262011
"materialize_bf_prior","short","t","t-two-dpoint-0p5-short","t-tbf01-student-t-null0-loc0p5-scale0p1-df3-greater-on-t-two-dpoint-0p5-short",4,3001,4000,24262014
"materialize_bf_prior","short","t","t-two-dpoint-0p5-short","t-tbf01-student-t-null0-loc0p5-scale0p1-df3-greater-on-t-two-dpoint-0p5-short",5,4001,5000,25262017
"materialize_bf_prior","short","t","t-two-dpoint-0p5-short","t-tbf01-student-t-null0-loc0p5-scale0p1-df3-greater-on-t-two-dpoint-0p5-short",6,5001,6000,26262020
"materialize_bf_prior","short","t","t-two-dpoint-0p5-short","t-tbf01-student-t-null0-loc0p5-scale0p1-df3-greater-on-t-two-dpoint-0p5-short",7,6001,7000,27262023
"materialize_bf_prior","short","t","t-two-dpoint-0p5-short","t-tbf01-student-t-null0-loc0p5-scale0p1-df3-greater-on-t-two-dpoint-0p5-short",8,7001,8000,28262026
"materialize_bf_prior","short","t","t-two-dpoint-0p5-short","t-tbf01-student-t-null0-loc0p5-scale0p1-df3-greater-on-t-two-dpoint-0p5-short",9,8001,9000,29262029
"materialize_bf_prior","short","t","t-two-dpoint-0p5-short","t-tbf01-student-t-null0-loc0p5-scale0p1-df3-greater-on-t-two-dpoint-0p5-short",10,9001,10000,30262032
"materialize_bf_prior","short","t","t-two-dnorm-0p5-s0p1-short","t-tbf01-student-t-null0-loc0p5-scale0p1-df3-greater-on-t-two-dnorm-0p5-s0p1-short",1,1,1000,21262006
"materialize_bf_prior","short","t","t-two-dnorm-0p5-s0p1-short","t-tbf01-student-t-null0-loc0p5-scale0p1-df3-greater-on-t-two-dnorm-0p5-s0p1-short",2,1001,2000,22262009
"materialize_bf_prior","short","t","t-two-dnorm-0p5-s0p1-short","t-tbf01-student-t-null0-loc0p5-scale0p1-df3-greater-on-t-two-dnorm-0p5-s0p1-short",3,2001,3000,23262012
"materialize_bf_prior","short","t","t-two-dnorm-0p5-s0p1-short","t-tbf01-student-t-null0-loc0p5-scale0p1-df3-greater-on-t-two-dnorm-0p5-s0p1-short",4,3001,4000,24262015
"materialize_bf_prior","short","t","t-two-dnorm-0p5-s0p1-short","t-tbf01-student-t-null0-loc0p5-scale0p1-df3-greater-on-t-two-dnorm-0p5-s0p1-short",5,4001,5000,25262018
"materialize_bf_prior","short","t","t-two-dnorm-0p5-s0p1-short","t-tbf01-student-t-null0-loc0p5-scale0p1-df3-greater-on-t-two-dnorm-0p5-s0p1-short",6,5001,6000,26262021
"materialize_bf_prior","short","t","t-two-dnorm-0p5-s0p1-short","t-tbf01-student-t-null0-loc0p5-scale0p1-df3-greater-on-t-two-dnorm-0p5-s0p1-short",7,6001,7000,27262024
"materialize_bf_prior","short","t","t-two-dnorm-0p5-s0p1-short","t-tbf01-student-t-null0-loc0p5-scale0p1-df3-greater-on-t-two-dnorm-0p5-s0p1-short",8,7001,8000,28262027
"materialize_bf_prior","short","t","t-two-dnorm-0p5-s0p1-short","t-tbf01-student-t-null0-loc0p5-scale0p1-df3-greater-on-t-two-dnorm-0p5-s0p1-short",9,8001,9000,29262030
"materialize_bf_prior","short","t","t-two-dnorm-0p5-s0p1-short","t-tbf01-student-t-null0-loc0p5-scale0p1-df3-greater-on-t-two-dnorm-0p5-s0p1-short",10,9001,10000,30262033
"materialize_bf_prior","short","t","t-two-dnorm-0p5-s0p5-short","t-tbf01-student-t-null0-loc0p5-scale0p1-df3-greater-on-t-two-dnorm-0p5-s0p5-short",1,1,1000,21262007
"materialize_bf_prior","short","t","t-two-dnorm-0p5-s0p5-short","t-tbf01-student-t-null0-loc0p5-scale0p1-df3-greater-on-t-two-dnorm-0p5-s0p5-short",2,1001,2000,22262010
"materialize_bf_prior","short","t","t-two-dnorm-0p5-s0p5-short","t-tbf01-student-t-null0-loc0p5-scale0p1-df3-greater-on-t-two-dnorm-0p5-s0p5-short",3,2001,3000,23262013
"materialize_bf_prior","short","t","t-two-dnorm-0p5-s0p5-short","t-tbf01-student-t-null0-loc0p5-scale0p1-df3-greater-on-t-two-dnorm-0p5-s0p5-short",4,3001,4000,24262016
"materialize_bf_prior","short","t","t-two-dnorm-0p5-s0p5-short","t-tbf01-student-t-null0-loc0p5-scale0p1-df3-greater-on-t-two-dnorm-0p5-s0p5-short",5,4001,5000,25262019
"materialize_bf_prior","short","t","t-two-dnorm-0p5-s0p5-short","t-tbf01-student-t-null0-loc0p5-scale0p1-df3-greater-on-t-two-dnorm-0p5-s0p5-short",6,5001,6000,26262022
"materialize_bf_prior","short","t","t-two-dnorm-0p5-s0p5-short","t-tbf01-student-t-null0-loc0p5-scale0p1-df3-greater-on-t-two-dnorm-0p5-s0p5-short",7,6001,7000,27262025
"materialize_bf_prior","short","t","t-two-dnorm-0p5-s0p5-short","t-tbf01-student-t-null0-loc0p5-scale0p1-df3-greater-on-t-two-dnorm-0p5-s0p5-short",8,7001,8000,28262028
"materialize_bf_prior","short","t","t-two-dnorm-0p5-s0p5-short","t-tbf01-student-t-null0-loc0p5-scale0p1-df3-greater-on-t-two-dnorm-0p5-s0p5-short",9,8001,9000,29262031
"materialize_bf_prior","short","t","t-two-dnorm-0p5-s0p5-short","t-tbf01-student-t-null0-loc0p5-scale0p1-df3-greater-on-t-two-dnorm-0p5-s0p5-short",10,9001,10000,30262034
"materialize_bf_prior","short","t","t-one-dpoint-0p5-short","t-tbf01-student-t-null0-loc0p5-scale0p1-df3-greater-on-t-one-dpoint-0p5-short",1,1,1000,21262009
"materialize_bf_prior","short","t","t-one-dpoint-0p5-short","t-tbf01-student-t-null0-loc0p5-scale0p1-df3-greater-on-t-one-dpoint-0p5-short",2,1001,2000,22262012
"materialize_bf_prior","short","t","t-one-dpoint-0p5-short","t-tbf01-student-t-null0-loc0p5-scale0p1-df3-greater-on-t-one-dpoint-0p5-short",3,2001,3000,23262015
"materialize_bf_prior","short","t","t-one-dpoint-0p5-short","t-tbf01-student-t-null0-loc0p5-scale0p1-df3-greater-on-t-one-dpoint-0p5-short",4,3001,4000,24262018
"materialize_bf_prior","short","t","t-one-dpoint-0p5-short","t-tbf01-student-t-null0-loc0p5-scale0p1-df3-greater-on-t-one-dpoint-0p5-short",5,4001,5000,25262021
"materialize_bf_prior","short","t","t-one-dpoint-0p5-short","t-tbf01-student-t-null0-loc0p5-scale0p1-df3-greater-on-t-one-dpoint-0p5-short",6,5001,6000,26262024
"materialize_bf_prior","short","t","t-one-dpoint-0p5-short","t-tbf01-student-t-null0-loc0p5-scale0p1-df3-greater-on-t-one-dpoint-0p5-short",7,6001,7000,27262027
"materialize_bf_prior","short","t","t-one-dpoint-0p5-short","t-tbf01-student-t-null0-loc0p5-scale0p1-df3-greater-on-t-one-dpoint-0p5-short",8,7001,8000,28262030
"materialize_bf_prior","short","t","t-one-dpoint-0p5-short","t-tbf01-student-t-null0-loc0p5-scale0p1-df3-greater-on-t-one-dpoint-0p5-short",9,8001,9000,29262033
"materialize_bf_prior","short","t","t-one-dpoint-0p5-short","t-tbf01-student-t-null0-loc0p5-scale0p1-df3-greater-on-t-one-dpoint-0p5-short",10,9001,10000,30262036
"materialize_bf_prior","short","t","t-paired-dpoint-0p5-short","t-tbf01-student-t-null0-loc0p5-scale0p1-df3-greater-on-t-paired-dpoint-0p5-short",1,1,1000,21262011
"materialize_bf_prior","short","t","t-paired-dpoint-0p5-short","t-tbf01-student-t-null0-loc0p5-scale0p1-df3-greater-on-t-paired-dpoint-0p5-short",2,1001,2000,22262014
"materialize_bf_prior","short","t","t-paired-dpoint-0p5-short","t-tbf01-student-t-null0-loc0p5-scale0p1-df3-greater-on-t-paired-dpoint-0p5-short",3,2001,3000,23262017
"materialize_bf_prior","short","t","t-paired-dpoint-0p5-short","t-tbf01-student-t-null0-loc0p5-scale0p1-df3-greater-on-t-paired-dpoint-0p5-short",4,3001,4000,24262020
"materialize_bf_prior","short","t","t-paired-dpoint-0p5-short","t-tbf01-student-t-null0-loc0p5-scale0p1-df3-greater-on-t-paired-dpoint-0p5-short",5,4001,5000,25262023
"materialize_bf_prior","short","t","t-paired-dpoint-0p5-short","t-tbf01-student-t-null0-loc0p5-scale0p1-df3-greater-on-t-paired-dpoint-0p5-short",6,5001,6000,26262026
"materialize_bf_prior","short","t","t-paired-dpoint-0p5-short","t-tbf01-student-t-null0-loc0p5-scale0p1-df3-greater-on-t-paired-dpoint-0p5-short",7,6001,7000,27262029
"materialize_bf_prior","short","t","t-paired-dpoint-0p5-short","t-tbf01-student-t-null0-loc0p5-scale0p1-df3-greater-on-t-paired-dpoint-0p5-short",8,7001,8000,28262032
"materialize_bf_prior","short","t","t-paired-dpoint-0p5-short","t-tbf01-student-t-null0-loc0p5-scale0p1-df3-greater-on-t-paired-dpoint-0p5-short",9,8001,9000,29262035
"materialize_bf_prior","short","t","t-paired-dpoint-0p5-short","t-tbf01-student-t-null0-loc0p5-scale0p1-df3-greater-on-t-paired-dpoint-0p5-short",10,9001,10000,30262038
"materialize_bf_prior","adversarial","t","t-two-dpoint-0p35-n2x1p1-short","t-tbf01-student-t-null0-loc0p5-scale0p1-df3-greater-on-t-two-dpoint-0p35-n2x1p1-short",1,1,1000,21262014
"materialize_bf_prior","adversarial","t","t-two-dpoint-0p35-n2x1p1-short","t-tbf01-student-t-null0-loc0p5-scale0p1-df3-greater-on-t-two-dpoint-0p35-n2x1p1-short",2,1001,2000,22262017
"materialize_bf_prior","adversarial","t","t-two-dpoint-0p35-n2x1p1-short","t-tbf01-student-t-null0-loc0p5-scale0p1-df3-greater-on-t-two-dpoint-0p35-n2x1p1-short",3,2001,3000,23262020
"materialize_bf_prior","adversarial","t","t-two-dpoint-0p35-n2x1p1-short","t-tbf01-student-t-null0-loc0p5-scale0p1-df3-greater-on-t-two-dpoint-0p35-n2x1p1-short",4,3001,4000,24262023
"materialize_bf_prior","adversarial","t","t-two-dpoint-0p35-n2x1p1-short","t-tbf01-student-t-null0-loc0p5-scale0p1-df3-greater-on-t-two-dpoint-0p35-n2x1p1-short",5,4001,5000,25262026
"materialize_bf_prior","adversarial","t","t-two-dpoint-0p35-n2x1p1-short","t-tbf01-student-t-null0-loc0p5-scale0p1-df3-greater-on-t-two-dpoint-0p35-n2x1p1-short",6,5001,6000,26262029
"materialize_bf_prior","adversarial","t","t-two-dpoint-0p35-n2x1p1-short","t-tbf01-student-t-null0-loc0p5-scale0p1-df3-greater-on-t-two-dpoint-0p35-n2x1p1-short",7,6001,7000,27262032
"materialize_bf_prior","adversarial","t","t-two-dpoint-0p35-n2x1p1-short","t-tbf01-student-t-null0-loc0p5-scale0p1-df3-greater-on-t-two-dpoint-0p35-n2x1p1-short",8,7001,8000,28262035
"materialize_bf_prior","adversarial","t","t-two-dpoint-0p35-n2x1p1-short","t-tbf01-student-t-null0-loc0p5-scale0p1-df3-greater-on-t-two-dpoint-0p35-n2x1p1-short",9,8001,9000,29262038
"materialize_bf_prior","adversarial","t","t-two-dpoint-0p35-n2x1p1-short","t-tbf01-student-t-null0-loc0p5-scale0p1-df3-greater-on-t-two-dpoint-0p35-n2x1p1-short",10,9001,10000,30262041
"materialize_bf_prior","long","t","t-two-dpoint-0p2-long","t-tbf01-student-t-null0-loc0p5-scale0p1-df3-greater-on-t-two-dpoint-0p2-long",1,1,1000,21262017
"materialize_bf_prior","long","t","t-two-dpoint-0p2-long","t-tbf01-student-t-null0-loc0p5-scale0p1-df3-greater-on-t-two-dpoint-0p2-long",2,1001,2000,22262020
"materialize_bf_prior","long","t","t-two-dpoint-0p2-long","t-tbf01-student-t-null0-loc0p5-scale0p1-df3-greater-on-t-two-dpoint-0p2-long",3,2001,3000,23262023
"materialize_bf_prior","long","t","t-two-dpoint-0p2-long","t-tbf01-student-t-null0-loc0p5-scale0p1-df3-greater-on-t-two-dpoint-0p2-long",4,3001,4000,24262026
"materialize_bf_prior","long","t","t-two-dpoint-0p2-long","t-tbf01-student-t-null0-loc0p5-scale0p1-df3-greater-on-t-two-dpoint-0p2-long",5,4001,5000,25262029
"materialize_bf_prior","long","t","t-two-dpoint-0p2-long","t-tbf01-student-t-null0-loc0p5-scale0p1-df3-greater-on-t-two-dpoint-0p2-long",6,5001,6000,26262032
"materialize_bf_prior","long","t","t-two-dpoint-0p2-long","t-tbf01-student-t-null0-loc0p5-scale0p1-df3-greater-on-t-two-dpoint-0p2-long",7,6001,7000,27262035
"materialize_bf_prior","long","t","t-two-dpoint-0p2-long","t-tbf01-student-t-null0-loc0p5-scale0p1-df3-greater-on-t-two-dpoint-0p2-long",8,7001,8000,28262038
"materialize_bf_prior","long","t","t-two-dpoint-0p2-long","t-tbf01-student-t-null0-loc0p5-scale0p1-df3-greater-on-t-two-dpoint-0p2-long",9,8001,9000,29262041
"materialize_bf_prior","long","t","t-two-dpoint-0p2-long","t-tbf01-student-t-null0-loc0p5-scale0p1-df3-greater-on-t-two-dpoint-0p2-long",10,9001,10000,30262044
"materialize_bf_prior","long","t","t-two-dnorm-0p2-s0p1-long","t-tbf01-student-t-null0-loc0p5-scale0p1-df3-greater-on-t-two-dnorm-0p2-s0p1-long",1,1,1000,21262018
"materialize_bf_prior","long","t","t-two-dnorm-0p2-s0p1-long","t-tbf01-student-t-null0-loc0p5-scale0p1-df3-greater-on-t-two-dnorm-0p2-s0p1-long",2,1001,2000,22262021
"materialize_bf_prior","long","t","t-two-dnorm-0p2-s0p1-long","t-tbf01-student-t-null0-loc0p5-scale0p1-df3-greater-on-t-two-dnorm-0p2-s0p1-long",3,2001,3000,23262024
"materialize_bf_prior","long","t","t-two-dnorm-0p2-s0p1-long","t-tbf01-student-t-null0-loc0p5-scale0p1-df3-greater-on-t-two-dnorm-0p2-s0p1-long",4,3001,4000,24262027
"materialize_bf_prior","long","t","t-two-dnorm-0p2-s0p1-long","t-tbf01-student-t-null0-loc0p5-scale0p1-df3-greater-on-t-two-dnorm-0p2-s0p1-long",5,4001,5000,25262030
"materialize_bf_prior","long","t","t-two-dnorm-0p2-s0p1-long","t-tbf01-student-t-null0-loc0p5-scale0p1-df3-greater-on-t-two-dnorm-0p2-s0p1-long",6,5001,6000,26262033
"materialize_bf_prior","long","t","t-two-dnorm-0p2-s0p1-long","t-tbf01-student-t-null0-loc0p5-scale0p1-df3-greater-on-t-two-dnorm-0p2-s0p1-long",7,6001,7000,27262036
"materialize_bf_prior","long","t","t-two-dnorm-0p2-s0p1-long","t-tbf01-student-t-null0-loc0p5-scale0p1-df3-greater-on-t-two-dnorm-0p2-s0p1-long",8,7001,8000,28262039
"materialize_bf_prior","long","t","t-two-dnorm-0p2-s0p1-long","t-tbf01-student-t-null0-loc0p5-scale0p1-df3-greater-on-t-two-dnorm-0p2-s0p1-long",9,8001,9000,29262042
"materialize_bf_prior","long","t","t-two-dnorm-0p2-s0p1-long","t-tbf01-student-t-null0-loc0p5-scale0p1-df3-greater-on-t-two-dnorm-0p2-s0p1-long",10,9001,10000,30262045
"materialize_bf_prior","long","t","t-two-dnorm-0p2-s0p5-long","t-tbf01-student-t-null0-loc0p5-scale0p1-df3-greater-on-t-two-dnorm-0p2-s0p5-long",1,1,1000,21262019
"materialize_bf_prior","long","t","t-two-dnorm-0p2-s0p5-long","t-tbf01-student-t-null0-loc0p5-scale0p1-df3-greater-on-t-two-dnorm-0p2-s0p5-long",2,1001,2000,22262022
"materialize_bf_prior","long","t","t-two-dnorm-0p2-s0p5-long","t-tbf01-student-t-null0-loc0p5-scale0p1-df3-greater-on-t-two-dnorm-0p2-s0p5-long",3,2001,3000,23262025
"materialize_bf_prior","long","t","t-two-dnorm-0p2-s0p5-long","t-tbf01-student-t-null0-loc0p5-scale0p1-df3-greater-on-t-two-dnorm-0p2-s0p5-long",4,3001,4000,24262028
"materialize_bf_prior","long","t","t-two-dnorm-0p2-s0p5-long","t-tbf01-student-t-null0-loc0p5-scale0p1-df3-greater-on-t-two-dnorm-0p2-s0p5-long",5,4001,5000,25262031
"materialize_bf_prior","long","t","t-two-dnorm-0p2-s0p5-long","t-tbf01-student-t-null0-loc0p5-scale0p1-df3-greater-on-t-two-dnorm-0p2-s0p5-long",6,5001,6000,26262034
"materialize_bf_prior","long","t","t-two-dnorm-0p2-s0p5-long","t-tbf01-student-t-null0-loc0p5-scale0p1-df3-greater-on-t-two-dnorm-0p2-s0p5-long",7,6001,7000,27262037
"materialize_bf_prior","long","t","t-two-dnorm-0p2-s0p5-long","t-tbf01-student-t-null0-loc0p5-scale0p1-df3-greater-on-t-two-dnorm-0p2-s0p5-long",8,7001,8000,28262040
"materialize_bf_prior","long","t","t-two-dnorm-0p2-s0p5-long","t-tbf01-student-t-null0-loc0p5-scale0p1-df3-greater-on-t-two-dnorm-0p2-s0p5-long",9,8001,9000,29262043
"materialize_bf_prior","long","t","t-two-dnorm-0p2-s0p5-long","t-tbf01-student-t-null0-loc0p5-scale0p1-df3-greater-on-t-two-dnorm-0p2-s0p5-long",10,9001,10000,30262046
"materialize_bf_prior","adversarial","t","t-two-dpoint-0p35-n2x1p1-short","t-tbf01-student-t-null0p2-loc0p5-scale0p35-df3-greater-on-t-two-dpoint-0p35-n2x1p1-short",1,1,1000,21262014
"materialize_bf_prior","adversarial","t","t-two-dpoint-0p35-n2x1p1-short","t-tbf01-student-t-null0p2-loc0p5-scale0p35-df3-greater-on-t-two-dpoint-0p35-n2x1p1-short",2,1001,2000,22262017
"materialize_bf_prior","adversarial","t","t-two-dpoint-0p35-n2x1p1-short","t-tbf01-student-t-null0p2-loc0p5-scale0p35-df3-greater-on-t-two-dpoint-0p35-n2x1p1-short",3,2001,3000,23262020
"materialize_bf_prior","adversarial","t","t-two-dpoint-0p35-n2x1p1-short","t-tbf01-student-t-null0p2-loc0p5-scale0p35-df3-greater-on-t-two-dpoint-0p35-n2x1p1-short",4,3001,4000,24262023
"materialize_bf_prior","adversarial","t","t-two-dpoint-0p35-n2x1p1-short","t-tbf01-student-t-null0p2-loc0p5-scale0p35-df3-greater-on-t-two-dpoint-0p35-n2x1p1-short",5,4001,5000,25262026
"materialize_bf_prior","adversarial","t","t-two-dpoint-0p35-n2x1p1-short","t-tbf01-student-t-null0p2-loc0p5-scale0p35-df3-greater-on-t-two-dpoint-0p35-n2x1p1-short",6,5001,6000,26262029
"materialize_bf_prior","adversarial","t","t-two-dpoint-0p35-n2x1p1-short","t-tbf01-student-t-null0p2-loc0p5-scale0p35-df3-greater-on-t-two-dpoint-0p35-n2x1p1-short",7,6001,7000,27262032
"materialize_bf_prior","adversarial","t","t-two-dpoint-0p35-n2x1p1-short","t-tbf01-student-t-null0p2-loc0p5-scale0p35-df3-greater-on-t-two-dpoint-0p35-n2x1p1-short",8,7001,8000,28262035
"materialize_bf_prior","adversarial","t","t-two-dpoint-0p35-n2x1p1-short","t-tbf01-student-t-null0p2-loc0p5-scale0p35-df3-greater-on-t-two-dpoint-0p35-n2x1p1-short",9,8001,9000,29262038
"materialize_bf_prior","adversarial","t","t-two-dpoint-0p35-n2x1p1-short","t-tbf01-student-t-null0p2-loc0p5-scale0p35-df3-greater-on-t-two-dpoint-0p35-n2x1p1-short",10,9001,10000,30262041
"materialize_bf_prior","long","t","t-two-dpoint-0p2-long","t-tbf01-student-t-null0p2-loc0p5-scale0p35-df3-greater-on-t-two-dpoint-0p2-long",1,1,1000,21262017
"materialize_bf_prior","long","t","t-two-dpoint-0p2-long","t-tbf01-student-t-null0p2-loc0p5-scale0p35-df3-greater-on-t-two-dpoint-0p2-long",2,1001,2000,22262020
"materialize_bf_prior","long","t","t-two-dpoint-0p2-long","t-tbf01-student-t-null0p2-loc0p5-scale0p35-df3-greater-on-t-two-dpoint-0p2-long",3,2001,3000,23262023
"materialize_bf_prior","long","t","t-two-dpoint-0p2-long","t-tbf01-student-t-null0p2-loc0p5-scale0p35-df3-greater-on-t-two-dpoint-0p2-long",4,3001,4000,24262026
"materialize_bf_prior","long","t","t-two-dpoint-0p2-long","t-tbf01-student-t-null0p2-loc0p5-scale0p35-df3-greater-on-t-two-dpoint-0p2-long",5,4001,5000,25262029
"materialize_bf_prior","long","t","t-two-dpoint-0p2-long","t-tbf01-student-t-null0p2-loc0p5-scale0p35-df3-greater-on-t-two-dpoint-0p2-long",6,5001,6000,26262032
"materialize_bf_prior","long","t","t-two-dpoint-0p2-long","t-tbf01-student-t-null0p2-loc0p5-scale0p35-df3-greater-on-t-two-dpoint-0p2-long",7,6001,7000,27262035
"materialize_bf_prior","long","t","t-two-dpoint-0p2-long","t-tbf01-student-t-null0p2-loc0p5-scale0p35-df3-greater-on-t-two-dpoint-0p2-long",8,7001,8000,28262038
"materialize_bf_prior","long","t","t-two-dpoint-0p2-long","t-tbf01-student-t-null0p2-loc0p5-scale0p35-df3-greater-on-t-two-dpoint-0p2-long",9,8001,9000,29262041
"materialize_bf_prior","long","t","t-two-dpoint-0p2-long","t-tbf01-student-t-null0p2-loc0p5-scale0p35-df3-greater-on-t-two-dpoint-0p2-long",10,9001,10000,30262044
"materialize_bf_prior","long","t","t-two-dnorm-0p2-s0p1-long","t-tbf01-student-t-null0p2-loc0p5-scale0p35-df3-greater-on-t-two-dnorm-0p2-s0p1-long",1,1,1000,21262018
"materialize_bf_prior","long","t","t-two-dnorm-0p2-s0p1-long","t-tbf01-student-t-null0p2-loc0p5-scale0p35-df3-greater-on-t-two-dnorm-0p2-s0p1-long",2,1001,2000,22262021
"materialize_bf_prior","long","t","t-two-dnorm-0p2-s0p1-long","t-tbf01-student-t-null0p2-loc0p5-scale0p35-df3-greater-on-t-two-dnorm-0p2-s0p1-long",3,2001,3000,23262024
"materialize_bf_prior","long","t","t-two-dnorm-0p2-s0p1-long","t-tbf01-student-t-null0p2-loc0p5-scale0p35-df3-greater-on-t-two-dnorm-0p2-s0p1-long",4,3001,4000,24262027
"materialize_bf_prior","long","t","t-two-dnorm-0p2-s0p1-long","t-tbf01-student-t-null0p2-loc0p5-scale0p35-df3-greater-on-t-two-dnorm-0p2-s0p1-long",5,4001,5000,25262030
"materialize_bf_prior","long","t","t-two-dnorm-0p2-s0p1-long","t-tbf01-student-t-null0p2-loc0p5-scale0p35-df3-greater-on-t-two-dnorm-0p2-s0p1-long",6,5001,6000,26262033
"materialize_bf_prior","long","t","t-two-dnorm-0p2-s0p1-long","t-tbf01-student-t-null0p2-loc0p5-scale0p35-df3-greater-on-t-two-dnorm-0p2-s0p1-long",7,6001,7000,27262036
"materialize_bf_prior","long","t","t-two-dnorm-0p2-s0p1-long","t-tbf01-student-t-null0p2-loc0p5-scale0p35-df3-greater-on-t-two-dnorm-0p2-s0p1-long",8,7001,8000,28262039
"materialize_bf_prior","long","t","t-two-dnorm-0p2-s0p1-long","t-tbf01-student-t-null0p2-loc0p5-scale0p35-df3-greater-on-t-two-dnorm-0p2-s0p1-long",9,8001,9000,29262042
"materialize_bf_prior","long","t","t-two-dnorm-0p2-s0p1-long","t-tbf01-student-t-null0p2-loc0p5-scale0p35-df3-greater-on-t-two-dnorm-0p2-s0p1-long",10,9001,10000,30262045
"materialize_bf_prior","long","t","t-two-dnorm-0p2-s0p5-long","t-tbf01-student-t-null0p2-loc0p5-scale0p35-df3-greater-on-t-two-dnorm-0p2-s0p5-long",1,1,1000,21262019
"materialize_bf_prior","long","t","t-two-dnorm-0p2-s0p5-long","t-tbf01-student-t-null0p2-loc0p5-scale0p35-df3-greater-on-t-two-dnorm-0p2-s0p5-long",2,1001,2000,22262022
"materialize_bf_prior","long","t","t-two-dnorm-0p2-s0p5-long","t-tbf01-student-t-null0p2-loc0p5-scale0p35-df3-greater-on-t-two-dnorm-0p2-s0p5-long",3,2001,3000,23262025
"materialize_bf_prior","long","t","t-two-dnorm-0p2-s0p5-long","t-tbf01-student-t-null0p2-loc0p5-scale0p35-df3-greater-on-t-two-dnorm-0p2-s0p5-long",4,3001,4000,24262028
"materialize_bf_prior","long","t","t-two-dnorm-0p2-s0p5-long","t-tbf01-student-t-null0p2-loc0p5-scale0p35-df3-greater-on-t-two-dnorm-0p2-s0p5-long",5,4001,5000,25262031
"materialize_bf_prior","long","t","t-two-dnorm-0p2-s0p5-long","t-tbf01-student-t-null0p2-loc0p5-scale0p35-df3-greater-on-t-two-dnorm-0p2-s0p5-long",6,5001,6000,26262034
"materialize_bf_prior","long","t","t-two-dnorm-0p2-s0p5-long","t-tbf01-student-t-null0p2-loc0p5-scale0p35-df3-greater-on-t-two-dnorm-0p2-s0p5-long",7,6001,7000,27262037
"materialize_bf_prior","long","t","t-two-dnorm-0p2-s0p5-long","t-tbf01-student-t-null0p2-loc0p5-scale0p35-df3-greater-on-t-two-dnorm-0p2-s0p5-long",8,7001,8000,28262040
"materialize_bf_prior","long","t","t-two-dnorm-0p2-s0p5-long","t-tbf01-student-t-null0p2-loc0p5-scale0p35-df3-greater-on-t-two-dnorm-0p2-s0p5-long",9,8001,9000,29262043
"materialize_bf_prior","long","t","t-two-dnorm-0p2-s0p5-long","t-tbf01-student-t-null0p2-loc0p5-scale0p35-df3-greater-on-t-two-dnorm-0p2-s0p5-long",10,9001,10000,30262046
"materialize_bf_prior","short","t","t-two-dpoint-0-short","t-tbf01-student-t-null0p2-loc0p5-scale0p35-df30-greater-on-t-two-dpoint-0-short",1,1,1000,21262004
"materialize_bf_prior","short","t","t-two-dpoint-0-short","t-tbf01-student-t-null0p2-loc0p5-scale0p35-df30-greater-on-t-two-dpoint-0-short",2,1001,2000,22262007
"materialize_bf_prior","short","t","t-two-dpoint-0-short","t-tbf01-student-t-null0p2-loc0p5-scale0p35-df30-greater-on-t-two-dpoint-0-short",3,2001,3000,23262010
"materialize_bf_prior","short","t","t-two-dpoint-0-short","t-tbf01-student-t-null0p2-loc0p5-scale0p35-df30-greater-on-t-two-dpoint-0-short",4,3001,4000,24262013
"materialize_bf_prior","short","t","t-two-dpoint-0-short","t-tbf01-student-t-null0p2-loc0p5-scale0p35-df30-greater-on-t-two-dpoint-0-short",5,4001,5000,25262016
"materialize_bf_prior","short","t","t-two-dpoint-0-short","t-tbf01-student-t-null0p2-loc0p5-scale0p35-df30-greater-on-t-two-dpoint-0-short",6,5001,6000,26262019
"materialize_bf_prior","short","t","t-two-dpoint-0-short","t-tbf01-student-t-null0p2-loc0p5-scale0p35-df30-greater-on-t-two-dpoint-0-short",7,6001,7000,27262022
"materialize_bf_prior","short","t","t-two-dpoint-0-short","t-tbf01-student-t-null0p2-loc0p5-scale0p35-df30-greater-on-t-two-dpoint-0-short",8,7001,8000,28262025
"materialize_bf_prior","short","t","t-two-dpoint-0-short","t-tbf01-student-t-null0p2-loc0p5-scale0p35-df30-greater-on-t-two-dpoint-0-short",9,8001,9000,29262028
"materialize_bf_prior","short","t","t-two-dpoint-0-short","t-tbf01-student-t-null0p2-loc0p5-scale0p35-df30-greater-on-t-two-dpoint-0-short",10,9001,10000,30262031
"materialize_bf_prior","short","t","t-one-dpoint-0-short","t-tbf01-student-t-null0p2-loc0p5-scale0p35-df30-greater-on-t-one-dpoint-0-short",1,1,1000,21262008
"materialize_bf_prior","short","t","t-one-dpoint-0-short","t-tbf01-student-t-null0p2-loc0p5-scale0p35-df30-greater-on-t-one-dpoint-0-short",2,1001,2000,22262011
"materialize_bf_prior","short","t","t-one-dpoint-0-short","t-tbf01-student-t-null0p2-loc0p5-scale0p35-df30-greater-on-t-one-dpoint-0-short",3,2001,3000,23262014
"materialize_bf_prior","short","t","t-one-dpoint-0-short","t-tbf01-student-t-null0p2-loc0p5-scale0p35-df30-greater-on-t-one-dpoint-0-short",4,3001,4000,24262017
"materialize_bf_prior","short","t","t-one-dpoint-0-short","t-tbf01-student-t-null0p2-loc0p5-scale0p35-df30-greater-on-t-one-dpoint-0-short",5,4001,5000,25262020
"materialize_bf_prior","short","t","t-one-dpoint-0-short","t-tbf01-student-t-null0p2-loc0p5-scale0p35-df30-greater-on-t-one-dpoint-0-short",6,5001,6000,26262023
"materialize_bf_prior","short","t","t-one-dpoint-0-short","t-tbf01-student-t-null0p2-loc0p5-scale0p35-df30-greater-on-t-one-dpoint-0-short",7,6001,7000,27262026
"materialize_bf_prior","short","t","t-one-dpoint-0-short","t-tbf01-student-t-null0p2-loc0p5-scale0p35-df30-greater-on-t-one-dpoint-0-short",8,7001,8000,28262029
"materialize_bf_prior","short","t","t-one-dpoint-0-short","t-tbf01-student-t-null0p2-loc0p5-scale0p35-df30-greater-on-t-one-dpoint-0-short",9,8001,9000,29262032
"materialize_bf_prior","short","t","t-one-dpoint-0-short","t-tbf01-student-t-null0p2-loc0p5-scale0p35-df30-greater-on-t-one-dpoint-0-short",10,9001,10000,30262035
"materialize_bf_prior","short","t","t-paired-dpoint-0-short","t-tbf01-student-t-null0p2-loc0p5-scale0p35-df30-greater-on-t-paired-dpoint-0-short",1,1,1000,21262010
"materialize_bf_prior","short","t","t-paired-dpoint-0-short","t-tbf01-student-t-null0p2-loc0p5-scale0p35-df30-greater-on-t-paired-dpoint-0-short",2,1001,2000,22262013
"materialize_bf_prior","short","t","t-paired-dpoint-0-short","t-tbf01-student-t-null0p2-loc0p5-scale0p35-df30-greater-on-t-paired-dpoint-0-short",3,2001,3000,23262016
"materialize_bf_prior","short","t","t-paired-dpoint-0-short","t-tbf01-student-t-null0p2-loc0p5-scale0p35-df30-greater-on-t-paired-dpoint-0-short",4,3001,4000,24262019
"materialize_bf_prior","short","t","t-paired-dpoint-0-short","t-tbf01-student-t-null0p2-loc0p5-scale0p35-df30-greater-on-t-paired-dpoint-0-short",5,4001,5000,25262022
"materialize_bf_prior","short","t","t-paired-dpoint-0-short","t-tbf01-student-t-null0p2-loc0p5-scale0p35-df30-greater-on-t-paired-dpoint-0-short",6,5001,6000,26262025
"materialize_bf_prior","short","t","t-paired-dpoint-0-short","t-tbf01-student-t-null0p2-loc0p5-scale0p35-df30-greater-on-t-paired-dpoint-0-short",7,6001,7000,27262028
"materialize_bf_prior","short","t","t-paired-dpoint-0-short","t-tbf01-student-t-null0p2-loc0p5-scale0p35-df30-greater-on-t-paired-dpoint-0-short",8,7001,8000,28262031
"materialize_bf_prior","short","t","t-paired-dpoint-0-short","t-tbf01-student-t-null0p2-loc0p5-scale0p35-df30-greater-on-t-paired-dpoint-0-short",9,8001,9000,29262034
"materialize_bf_prior","short","t","t-paired-dpoint-0-short","t-tbf01-student-t-null0p2-loc0p5-scale0p35-df30-greater-on-t-paired-dpoint-0-short",10,9001,10000,30262037
"materialize_bf_prior","adversarial","t","t-two-dpoint-0-n2x1p1-short","t-tbf01-student-t-null0p2-loc0p5-scale0p35-df30-greater-on-t-two-dpoint-0-n2x1p1-short",1,1,1000,21262013
"materialize_bf_prior","adversarial","t","t-two-dpoint-0-n2x1p1-short","t-tbf01-student-t-null0p2-loc0p5-scale0p35-df30-greater-on-t-two-dpoint-0-n2x1p1-short",2,1001,2000,22262016
"materialize_bf_prior","adversarial","t","t-two-dpoint-0-n2x1p1-short","t-tbf01-student-t-null0p2-loc0p5-scale0p35-df30-greater-on-t-two-dpoint-0-n2x1p1-short",3,2001,3000,23262019
"materialize_bf_prior","adversarial","t","t-two-dpoint-0-n2x1p1-short","t-tbf01-student-t-null0p2-loc0p5-scale0p35-df30-greater-on-t-two-dpoint-0-n2x1p1-short",4,3001,4000,24262022
"materialize_bf_prior","adversarial","t","t-two-dpoint-0-n2x1p1-short","t-tbf01-student-t-null0p2-loc0p5-scale0p35-df30-greater-on-t-two-dpoint-0-n2x1p1-short",5,4001,5000,25262025
"materialize_bf_prior","adversarial","t","t-two-dpoint-0-n2x1p1-short","t-tbf01-student-t-null0p2-loc0p5-scale0p35-df30-greater-on-t-two-dpoint-0-n2x1p1-short",6,5001,6000,26262028
"materialize_bf_prior","adversarial","t","t-two-dpoint-0-n2x1p1-short","t-tbf01-student-t-null0p2-loc0p5-scale0p35-df30-greater-on-t-two-dpoint-0-n2x1p1-short",7,6001,7000,27262031
"materialize_bf_prior","adversarial","t","t-two-dpoint-0-n2x1p1-short","t-tbf01-student-t-null0p2-loc0p5-scale0p35-df30-greater-on-t-two-dpoint-0-n2x1p1-short",8,7001,8000,28262034
"materialize_bf_prior","adversarial","t","t-two-dpoint-0-n2x1p1-short","t-tbf01-student-t-null0p2-loc0p5-scale0p35-df30-greater-on-t-two-dpoint-0-n2x1p1-short",9,8001,9000,29262037
"materialize_bf_prior","adversarial","t","t-two-dpoint-0-n2x1p1-short","t-tbf01-student-t-null0p2-loc0p5-scale0p35-df30-greater-on-t-two-dpoint-0-n2x1p1-short",10,9001,10000,30262040
"materialize_bf_prior","long","t","t-two-dpoint-0-long","t-tbf01-student-t-null0p2-loc0p5-scale0p35-df30-greater-on-t-two-dpoint-0-long",1,1,1000,21262016
"materialize_bf_prior","long","t","t-two-dpoint-0-long","t-tbf01-student-t-null0p2-loc0p5-scale0p35-df30-greater-on-t-two-dpoint-0-long",2,1001,2000,22262019
"materialize_bf_prior","long","t","t-two-dpoint-0-long","t-tbf01-student-t-null0p2-loc0p5-scale0p35-df30-greater-on-t-two-dpoint-0-long",3,2001,3000,23262022
"materialize_bf_prior","long","t","t-two-dpoint-0-long","t-tbf01-student-t-null0p2-loc0p5-scale0p35-df30-greater-on-t-two-dpoint-0-long",4,3001,4000,24262025
"materialize_bf_prior","long","t","t-two-dpoint-0-long","t-tbf01-student-t-null0p2-loc0p5-scale0p35-df30-greater-on-t-two-dpoint-0-long",5,4001,5000,25262028
"materialize_bf_prior","long","t","t-two-dpoint-0-long","t-tbf01-student-t-null0p2-loc0p5-scale0p35-df30-greater-on-t-two-dpoint-0-long",6,5001,6000,26262031
"materialize_bf_prior","long","t","t-two-dpoint-0-long","t-tbf01-student-t-null0p2-loc0p5-scale0p35-df30-greater-on-t-two-dpoint-0-long",7,6001,7000,27262034
"materialize_bf_prior","long","t","t-two-dpoint-0-long","t-tbf01-student-t-null0p2-loc0p5-scale0p35-df30-greater-on-t-two-dpoint-0-long",8,7001,8000,28262037
"materialize_bf_prior","long","t","t-two-dpoint-0-long","t-tbf01-student-t-null0p2-loc0p5-scale0p35-df30-greater-on-t-two-dpoint-0-long",9,8001,9000,29262040
"materialize_bf_prior","long","t","t-two-dpoint-0-long","t-tbf01-student-t-null0p2-loc0p5-scale0p35-df30-greater-on-t-two-dpoint-0-long",10,9001,10000,30262043
"materialize_bf_prior","short","binomial","binom-dpoint-0p5-short","binom-binbf01-point-p00p5-a1-b1-on-binom-dpoint-0p5-short",1,1,1000,21263004
"materialize_bf_prior","short","binomial","binom-dpoint-0p5-short","binom-binbf01-point-p00p5-a1-b1-on-binom-dpoint-0p5-short",2,1001,2000,22263007
"materialize_bf_prior","short","binomial","binom-dpoint-0p5-short","binom-binbf01-point-p00p5-a1-b1-on-binom-dpoint-0p5-short",3,2001,3000,23263010
"materialize_bf_prior","short","binomial","binom-dpoint-0p5-short","binom-binbf01-point-p00p5-a1-b1-on-binom-dpoint-0p5-short",4,3001,4000,24263013
"materialize_bf_prior","short","binomial","binom-dpoint-0p5-short","binom-binbf01-point-p00p5-a1-b1-on-binom-dpoint-0p5-short",5,4001,5000,25263016
"materialize_bf_prior","short","binomial","binom-dpoint-0p5-short","binom-binbf01-point-p00p5-a1-b1-on-binom-dpoint-0p5-short",6,5001,6000,26263019
"materialize_bf_prior","short","binomial","binom-dpoint-0p5-short","binom-binbf01-point-p00p5-a1-b1-on-binom-dpoint-0p5-short",7,6001,7000,27263022
"materialize_bf_prior","short","binomial","binom-dpoint-0p5-short","binom-binbf01-point-p00p5-a1-b1-on-binom-dpoint-0p5-short",8,7001,8000,28263025
"materialize_bf_prior","short","binomial","binom-dpoint-0p5-short","binom-binbf01-point-p00p5-a1-b1-on-binom-dpoint-0p5-short",9,8001,9000,29263028
"materialize_bf_prior","short","binomial","binom-dpoint-0p5-short","binom-binbf01-point-p00p5-a1-b1-on-binom-dpoint-0p5-short",10,9001,10000,30263031
"materialize_bf_prior","short","binomial","binom-dpoint-0p5-short","binom-binbf01-direction-p00p5-a1-b1-on-binom-dpoint-0p5-short",1,1,1000,21263004
"materialize_bf_prior","short","binomial","binom-dpoint-0p5-short","binom-binbf01-direction-p00p5-a1-b1-on-binom-dpoint-0p5-short",2,1001,2000,22263007
"materialize_bf_prior","short","binomial","binom-dpoint-0p5-short","binom-binbf01-direction-p00p5-a1-b1-on-binom-dpoint-0p5-short",3,2001,3000,23263010
"materialize_bf_prior","short","binomial","binom-dpoint-0p5-short","binom-binbf01-direction-p00p5-a1-b1-on-binom-dpoint-0p5-short",4,3001,4000,24263013
"materialize_bf_prior","short","binomial","binom-dpoint-0p5-short","binom-binbf01-direction-p00p5-a1-b1-on-binom-dpoint-0p5-short",5,4001,5000,25263016
"materialize_bf_prior","short","binomial","binom-dpoint-0p5-short","binom-binbf01-direction-p00p5-a1-b1-on-binom-dpoint-0p5-short",6,5001,6000,26263019
"materialize_bf_prior","short","binomial","binom-dpoint-0p5-short","binom-binbf01-direction-p00p5-a1-b1-on-binom-dpoint-0p5-short",7,6001,7000,27263022
"materialize_bf_prior","short","binomial","binom-dpoint-0p5-short","binom-binbf01-direction-p00p5-a1-b1-on-binom-dpoint-0p5-short",8,7001,8000,28263025
"materialize_bf_prior","short","binomial","binom-dpoint-0p5-short","binom-binbf01-direction-p00p5-a1-b1-on-binom-dpoint-0p5-short",9,8001,9000,29263028
"materialize_bf_prior","short","binomial","binom-dpoint-0p5-short","binom-binbf01-direction-p00p5-a1-b1-on-binom-dpoint-0p5-short",10,9001,10000,30263031
"materialize_bf_prior","short","binomial","binom-dpoint-0p5-short","binom-binbf01-point-p00p5-a60-b40-on-binom-dpoint-0p5-short",1,1,1000,21263004
"materialize_bf_prior","short","binomial","binom-dpoint-0p5-short","binom-binbf01-point-p00p5-a60-b40-on-binom-dpoint-0p5-short",2,1001,2000,22263007
"materialize_bf_prior","short","binomial","binom-dpoint-0p5-short","binom-binbf01-point-p00p5-a60-b40-on-binom-dpoint-0p5-short",3,2001,3000,23263010
"materialize_bf_prior","short","binomial","binom-dpoint-0p5-short","binom-binbf01-point-p00p5-a60-b40-on-binom-dpoint-0p5-short",4,3001,4000,24263013
"materialize_bf_prior","short","binomial","binom-dpoint-0p5-short","binom-binbf01-point-p00p5-a60-b40-on-binom-dpoint-0p5-short",5,4001,5000,25263016
"materialize_bf_prior","short","binomial","binom-dpoint-0p5-short","binom-binbf01-point-p00p5-a60-b40-on-binom-dpoint-0p5-short",6,5001,6000,26263019
"materialize_bf_prior","short","binomial","binom-dpoint-0p5-short","binom-binbf01-point-p00p5-a60-b40-on-binom-dpoint-0p5-short",7,6001,7000,27263022
"materialize_bf_prior","short","binomial","binom-dpoint-0p5-short","binom-binbf01-point-p00p5-a60-b40-on-binom-dpoint-0p5-short",8,7001,8000,28263025
"materialize_bf_prior","short","binomial","binom-dpoint-0p5-short","binom-binbf01-point-p00p5-a60-b40-on-binom-dpoint-0p5-short",9,8001,9000,29263028
"materialize_bf_prior","short","binomial","binom-dpoint-0p5-short","binom-binbf01-point-p00p5-a60-b40-on-binom-dpoint-0p5-short",10,9001,10000,30263031
"materialize_bf_prior","short","binomial","binom-dpoint-0p5-short","binom-binbf01-point-p00p5-a40-b60-on-binom-dpoint-0p5-short",1,1,1000,21263004
"materialize_bf_prior","short","binomial","binom-dpoint-0p5-short","binom-binbf01-point-p00p5-a40-b60-on-binom-dpoint-0p5-short",2,1001,2000,22263007
"materialize_bf_prior","short","binomial","binom-dpoint-0p5-short","binom-binbf01-point-p00p5-a40-b60-on-binom-dpoint-0p5-short",3,2001,3000,23263010
"materialize_bf_prior","short","binomial","binom-dpoint-0p5-short","binom-binbf01-point-p00p5-a40-b60-on-binom-dpoint-0p5-short",4,3001,4000,24263013
"materialize_bf_prior","short","binomial","binom-dpoint-0p5-short","binom-binbf01-point-p00p5-a40-b60-on-binom-dpoint-0p5-short",5,4001,5000,25263016
"materialize_bf_prior","short","binomial","binom-dpoint-0p5-short","binom-binbf01-point-p00p5-a40-b60-on-binom-dpoint-0p5-short",6,5001,6000,26263019
"materialize_bf_prior","short","binomial","binom-dpoint-0p5-short","binom-binbf01-point-p00p5-a40-b60-on-binom-dpoint-0p5-short",7,6001,7000,27263022
"materialize_bf_prior","short","binomial","binom-dpoint-0p5-short","binom-binbf01-point-p00p5-a40-b60-on-binom-dpoint-0p5-short",8,7001,8000,28263025
"materialize_bf_prior","short","binomial","binom-dpoint-0p5-short","binom-binbf01-point-p00p5-a40-b60-on-binom-dpoint-0p5-short",9,8001,9000,29263028
"materialize_bf_prior","short","binomial","binom-dpoint-0p5-short","binom-binbf01-point-p00p5-a40-b60-on-binom-dpoint-0p5-short",10,9001,10000,30263031
"materialize_bf_prior","short","binomial","binom-dpoint-0p6-short","binom-binbf01-point-p00p5-a1-b1-on-binom-dpoint-0p6-short",1,1,1000,21263005
"materialize_bf_prior","short","binomial","binom-dpoint-0p6-short","binom-binbf01-point-p00p5-a1-b1-on-binom-dpoint-0p6-short",2,1001,2000,22263008
"materialize_bf_prior","short","binomial","binom-dpoint-0p6-short","binom-binbf01-point-p00p5-a1-b1-on-binom-dpoint-0p6-short",3,2001,3000,23263011
"materialize_bf_prior","short","binomial","binom-dpoint-0p6-short","binom-binbf01-point-p00p5-a1-b1-on-binom-dpoint-0p6-short",4,3001,4000,24263014
"materialize_bf_prior","short","binomial","binom-dpoint-0p6-short","binom-binbf01-point-p00p5-a1-b1-on-binom-dpoint-0p6-short",5,4001,5000,25263017
"materialize_bf_prior","short","binomial","binom-dpoint-0p6-short","binom-binbf01-point-p00p5-a1-b1-on-binom-dpoint-0p6-short",6,5001,6000,26263020
"materialize_bf_prior","short","binomial","binom-dpoint-0p6-short","binom-binbf01-point-p00p5-a1-b1-on-binom-dpoint-0p6-short",7,6001,7000,27263023
"materialize_bf_prior","short","binomial","binom-dpoint-0p6-short","binom-binbf01-point-p00p5-a1-b1-on-binom-dpoint-0p6-short",8,7001,8000,28263026
"materialize_bf_prior","short","binomial","binom-dpoint-0p6-short","binom-binbf01-point-p00p5-a1-b1-on-binom-dpoint-0p6-short",9,8001,9000,29263029
"materialize_bf_prior","short","binomial","binom-dpoint-0p6-short","binom-binbf01-point-p00p5-a1-b1-on-binom-dpoint-0p6-short",10,9001,10000,30263032
"materialize_bf_prior","short","binomial","binom-dpoint-0p6-short","binom-binbf01-direction-p00p5-a1-b1-on-binom-dpoint-0p6-short",1,1,1000,21263005
"materialize_bf_prior","short","binomial","binom-dpoint-0p6-short","binom-binbf01-direction-p00p5-a1-b1-on-binom-dpoint-0p6-short",2,1001,2000,22263008
"materialize_bf_prior","short","binomial","binom-dpoint-0p6-short","binom-binbf01-direction-p00p5-a1-b1-on-binom-dpoint-0p6-short",3,2001,3000,23263011
"materialize_bf_prior","short","binomial","binom-dpoint-0p6-short","binom-binbf01-direction-p00p5-a1-b1-on-binom-dpoint-0p6-short",4,3001,4000,24263014
"materialize_bf_prior","short","binomial","binom-dpoint-0p6-short","binom-binbf01-direction-p00p5-a1-b1-on-binom-dpoint-0p6-short",5,4001,5000,25263017
"materialize_bf_prior","short","binomial","binom-dpoint-0p6-short","binom-binbf01-direction-p00p5-a1-b1-on-binom-dpoint-0p6-short",6,5001,6000,26263020
"materialize_bf_prior","short","binomial","binom-dpoint-0p6-short","binom-binbf01-direction-p00p5-a1-b1-on-binom-dpoint-0p6-short",7,6001,7000,27263023
"materialize_bf_prior","short","binomial","binom-dpoint-0p6-short","binom-binbf01-direction-p00p5-a1-b1-on-binom-dpoint-0p6-short",8,7001,8000,28263026
"materialize_bf_prior","short","binomial","binom-dpoint-0p6-short","binom-binbf01-direction-p00p5-a1-b1-on-binom-dpoint-0p6-short",9,8001,9000,29263029
"materialize_bf_prior","short","binomial","binom-dpoint-0p6-short","binom-binbf01-direction-p00p5-a1-b1-on-binom-dpoint-0p6-short",10,9001,10000,30263032
"materialize_bf_prior","short","binomial","binom-dpoint-0p6-short","binom-binbf01-point-p00p5-a60-b40-on-binom-dpoint-0p6-short",1,1,1000,21263005
"materialize_bf_prior","short","binomial","binom-dpoint-0p6-short","binom-binbf01-point-p00p5-a60-b40-on-binom-dpoint-0p6-short",2,1001,2000,22263008
"materialize_bf_prior","short","binomial","binom-dpoint-0p6-short","binom-binbf01-point-p00p5-a60-b40-on-binom-dpoint-0p6-short",3,2001,3000,23263011
"materialize_bf_prior","short","binomial","binom-dpoint-0p6-short","binom-binbf01-point-p00p5-a60-b40-on-binom-dpoint-0p6-short",4,3001,4000,24263014
"materialize_bf_prior","short","binomial","binom-dpoint-0p6-short","binom-binbf01-point-p00p5-a60-b40-on-binom-dpoint-0p6-short",5,4001,5000,25263017
"materialize_bf_prior","short","binomial","binom-dpoint-0p6-short","binom-binbf01-point-p00p5-a60-b40-on-binom-dpoint-0p6-short",6,5001,6000,26263020
"materialize_bf_prior","short","binomial","binom-dpoint-0p6-short","binom-binbf01-point-p00p5-a60-b40-on-binom-dpoint-0p6-short",7,6001,7000,27263023
"materialize_bf_prior","short","binomial","binom-dpoint-0p6-short","binom-binbf01-point-p00p5-a60-b40-on-binom-dpoint-0p6-short",8,7001,8000,28263026
"materialize_bf_prior","short","binomial","binom-dpoint-0p6-short","binom-binbf01-point-p00p5-a60-b40-on-binom-dpoint-0p6-short",9,8001,9000,29263029
"materialize_bf_prior","short","binomial","binom-dpoint-0p6-short","binom-binbf01-point-p00p5-a60-b40-on-binom-dpoint-0p6-short",10,9001,10000,30263032
"materialize_bf_prior","short","binomial","binom-dpoint-0p6-short","binom-binbf01-point-p00p5-a40-b60-on-binom-dpoint-0p6-short",1,1,1000,21263005
"materialize_bf_prior","short","binomial","binom-dpoint-0p6-short","binom-binbf01-point-p00p5-a40-b60-on-binom-dpoint-0p6-short",2,1001,2000,22263008
"materialize_bf_prior","short","binomial","binom-dpoint-0p6-short","binom-binbf01-point-p00p5-a40-b60-on-binom-dpoint-0p6-short",3,2001,3000,23263011
"materialize_bf_prior","short","binomial","binom-dpoint-0p6-short","binom-binbf01-point-p00p5-a40-b60-on-binom-dpoint-0p6-short",4,3001,4000,24263014
"materialize_bf_prior","short","binomial","binom-dpoint-0p6-short","binom-binbf01-point-p00p5-a40-b60-on-binom-dpoint-0p6-short",5,4001,5000,25263017
"materialize_bf_prior","short","binomial","binom-dpoint-0p6-short","binom-binbf01-point-p00p5-a40-b60-on-binom-dpoint-0p6-short",6,5001,6000,26263020
"materialize_bf_prior","short","binomial","binom-dpoint-0p6-short","binom-binbf01-point-p00p5-a40-b60-on-binom-dpoint-0p6-short",7,6001,7000,27263023
"materialize_bf_prior","short","binomial","binom-dpoint-0p6-short","binom-binbf01-point-p00p5-a40-b60-on-binom-dpoint-0p6-short",8,7001,8000,28263026
"materialize_bf_prior","short","binomial","binom-dpoint-0p6-short","binom-binbf01-point-p00p5-a40-b60-on-binom-dpoint-0p6-short",9,8001,9000,29263029
"materialize_bf_prior","short","binomial","binom-dpoint-0p6-short","binom-binbf01-point-p00p5-a40-b60-on-binom-dpoint-0p6-short",10,9001,10000,30263032
"materialize_bf_prior","short","binomial","binom-dpoint-0p2-short","binom-binbf01-point-p00p5-a1-b1-on-binom-dpoint-0p2-short",1,1,1000,21263006
"materialize_bf_prior","short","binomial","binom-dpoint-0p2-short","binom-binbf01-point-p00p5-a1-b1-on-binom-dpoint-0p2-short",2,1001,2000,22263009
"materialize_bf_prior","short","binomial","binom-dpoint-0p2-short","binom-binbf01-point-p00p5-a1-b1-on-binom-dpoint-0p2-short",3,2001,3000,23263012
"materialize_bf_prior","short","binomial","binom-dpoint-0p2-short","binom-binbf01-point-p00p5-a1-b1-on-binom-dpoint-0p2-short",4,3001,4000,24263015
"materialize_bf_prior","short","binomial","binom-dpoint-0p2-short","binom-binbf01-point-p00p5-a1-b1-on-binom-dpoint-0p2-short",5,4001,5000,25263018
"materialize_bf_prior","short","binomial","binom-dpoint-0p2-short","binom-binbf01-point-p00p5-a1-b1-on-binom-dpoint-0p2-short",6,5001,6000,26263021
"materialize_bf_prior","short","binomial","binom-dpoint-0p2-short","binom-binbf01-point-p00p5-a1-b1-on-binom-dpoint-0p2-short",7,6001,7000,27263024
"materialize_bf_prior","short","binomial","binom-dpoint-0p2-short","binom-binbf01-point-p00p5-a1-b1-on-binom-dpoint-0p2-short",8,7001,8000,28263027
"materialize_bf_prior","short","binomial","binom-dpoint-0p2-short","binom-binbf01-point-p00p5-a1-b1-on-binom-dpoint-0p2-short",9,8001,9000,29263030
"materialize_bf_prior","short","binomial","binom-dpoint-0p2-short","binom-binbf01-point-p00p5-a1-b1-on-binom-dpoint-0p2-short",10,9001,10000,30263033
"materialize_bf_prior","short","binomial","binom-dpoint-0p2-short","binom-binbf01-direction-p00p5-a1-b1-on-binom-dpoint-0p2-short",1,1,1000,21263006
"materialize_bf_prior","short","binomial","binom-dpoint-0p2-short","binom-binbf01-direction-p00p5-a1-b1-on-binom-dpoint-0p2-short",2,1001,2000,22263009
"materialize_bf_prior","short","binomial","binom-dpoint-0p2-short","binom-binbf01-direction-p00p5-a1-b1-on-binom-dpoint-0p2-short",3,2001,3000,23263012
"materialize_bf_prior","short","binomial","binom-dpoint-0p2-short","binom-binbf01-direction-p00p5-a1-b1-on-binom-dpoint-0p2-short",4,3001,4000,24263015
"materialize_bf_prior","short","binomial","binom-dpoint-0p2-short","binom-binbf01-direction-p00p5-a1-b1-on-binom-dpoint-0p2-short",5,4001,5000,25263018
"materialize_bf_prior","short","binomial","binom-dpoint-0p2-short","binom-binbf01-direction-p00p5-a1-b1-on-binom-dpoint-0p2-short",6,5001,6000,26263021
"materialize_bf_prior","short","binomial","binom-dpoint-0p2-short","binom-binbf01-direction-p00p5-a1-b1-on-binom-dpoint-0p2-short",7,6001,7000,27263024
"materialize_bf_prior","short","binomial","binom-dpoint-0p2-short","binom-binbf01-direction-p00p5-a1-b1-on-binom-dpoint-0p2-short",8,7001,8000,28263027
"materialize_bf_prior","short","binomial","binom-dpoint-0p2-short","binom-binbf01-direction-p00p5-a1-b1-on-binom-dpoint-0p2-short",9,8001,9000,29263030
"materialize_bf_prior","short","binomial","binom-dpoint-0p2-short","binom-binbf01-direction-p00p5-a1-b1-on-binom-dpoint-0p2-short",10,9001,10000,30263033
"materialize_bf_prior","short","binomial","binom-dpoint-0p2-short","binom-binbf01-point-p00p5-a60-b40-on-binom-dpoint-0p2-short",1,1,1000,21263006
"materialize_bf_prior","short","binomial","binom-dpoint-0p2-short","binom-binbf01-point-p00p5-a60-b40-on-binom-dpoint-0p2-short",2,1001,2000,22263009
"materialize_bf_prior","short","binomial","binom-dpoint-0p2-short","binom-binbf01-point-p00p5-a60-b40-on-binom-dpoint-0p2-short",3,2001,3000,23263012
"materialize_bf_prior","short","binomial","binom-dpoint-0p2-short","binom-binbf01-point-p00p5-a60-b40-on-binom-dpoint-0p2-short",4,3001,4000,24263015
"materialize_bf_prior","short","binomial","binom-dpoint-0p2-short","binom-binbf01-point-p00p5-a60-b40-on-binom-dpoint-0p2-short",5,4001,5000,25263018
"materialize_bf_prior","short","binomial","binom-dpoint-0p2-short","binom-binbf01-point-p00p5-a60-b40-on-binom-dpoint-0p2-short",6,5001,6000,26263021
"materialize_bf_prior","short","binomial","binom-dpoint-0p2-short","binom-binbf01-point-p00p5-a60-b40-on-binom-dpoint-0p2-short",7,6001,7000,27263024
"materialize_bf_prior","short","binomial","binom-dpoint-0p2-short","binom-binbf01-point-p00p5-a60-b40-on-binom-dpoint-0p2-short",8,7001,8000,28263027
"materialize_bf_prior","short","binomial","binom-dpoint-0p2-short","binom-binbf01-point-p00p5-a60-b40-on-binom-dpoint-0p2-short",9,8001,9000,29263030
"materialize_bf_prior","short","binomial","binom-dpoint-0p2-short","binom-binbf01-point-p00p5-a60-b40-on-binom-dpoint-0p2-short",10,9001,10000,30263033
"materialize_bf_prior","short","binomial","binom-dpoint-0p2-short","binom-binbf01-point-p00p5-a40-b60-on-binom-dpoint-0p2-short",1,1,1000,21263006
"materialize_bf_prior","short","binomial","binom-dpoint-0p2-short","binom-binbf01-point-p00p5-a40-b60-on-binom-dpoint-0p2-short",2,1001,2000,22263009
"materialize_bf_prior","short","binomial","binom-dpoint-0p2-short","binom-binbf01-point-p00p5-a40-b60-on-binom-dpoint-0p2-short",3,2001,3000,23263012
"materialize_bf_prior","short","binomial","binom-dpoint-0p2-short","binom-binbf01-point-p00p5-a40-b60-on-binom-dpoint-0p2-short",4,3001,4000,24263015
"materialize_bf_prior","short","binomial","binom-dpoint-0p2-short","binom-binbf01-point-p00p5-a40-b60-on-binom-dpoint-0p2-short",5,4001,5000,25263018
"materialize_bf_prior","short","binomial","binom-dpoint-0p2-short","binom-binbf01-point-p00p5-a40-b60-on-binom-dpoint-0p2-short",6,5001,6000,26263021
"materialize_bf_prior","short","binomial","binom-dpoint-0p2-short","binom-binbf01-point-p00p5-a40-b60-on-binom-dpoint-0p2-short",7,6001,7000,27263024
"materialize_bf_prior","short","binomial","binom-dpoint-0p2-short","binom-binbf01-point-p00p5-a40-b60-on-binom-dpoint-0p2-short",8,7001,8000,28263027
"materialize_bf_prior","short","binomial","binom-dpoint-0p2-short","binom-binbf01-point-p00p5-a40-b60-on-binom-dpoint-0p2-short",9,8001,9000,29263030
"materialize_bf_prior","short","binomial","binom-dpoint-0p2-short","binom-binbf01-point-p00p5-a40-b60-on-binom-dpoint-0p2-short",10,9001,10000,30263033
"materialize_bf_prior","short","binomial","binom-dpoint-0p75-short","binom-binbf01-point-p00p5-a1-b1-on-binom-dpoint-0p75-short",1,1,1000,21263007
"materialize_bf_prior","short","binomial","binom-dpoint-0p75-short","binom-binbf01-point-p00p5-a1-b1-on-binom-dpoint-0p75-short",2,1001,2000,22263010
"materialize_bf_prior","short","binomial","binom-dpoint-0p75-short","binom-binbf01-point-p00p5-a1-b1-on-binom-dpoint-0p75-short",3,2001,3000,23263013
"materialize_bf_prior","short","binomial","binom-dpoint-0p75-short","binom-binbf01-point-p00p5-a1-b1-on-binom-dpoint-0p75-short",4,3001,4000,24263016
"materialize_bf_prior","short","binomial","binom-dpoint-0p75-short","binom-binbf01-point-p00p5-a1-b1-on-binom-dpoint-0p75-short",5,4001,5000,25263019
"materialize_bf_prior","short","binomial","binom-dpoint-0p75-short","binom-binbf01-point-p00p5-a1-b1-on-binom-dpoint-0p75-short",6,5001,6000,26263022
"materialize_bf_prior","short","binomial","binom-dpoint-0p75-short","binom-binbf01-point-p00p5-a1-b1-on-binom-dpoint-0p75-short",7,6001,7000,27263025
"materialize_bf_prior","short","binomial","binom-dpoint-0p75-short","binom-binbf01-point-p00p5-a1-b1-on-binom-dpoint-0p75-short",8,7001,8000,28263028
"materialize_bf_prior","short","binomial","binom-dpoint-0p75-short","binom-binbf01-point-p00p5-a1-b1-on-binom-dpoint-0p75-short",9,8001,9000,29263031
"materialize_bf_prior","short","binomial","binom-dpoint-0p75-short","binom-binbf01-point-p00p5-a1-b1-on-binom-dpoint-0p75-short",10,9001,10000,30263034
"materialize_bf_prior","short","binomial","binom-dpoint-0p75-short","binom-binbf01-direction-p00p5-a1-b1-on-binom-dpoint-0p75-short",1,1,1000,21263007
"materialize_bf_prior","short","binomial","binom-dpoint-0p75-short","binom-binbf01-direction-p00p5-a1-b1-on-binom-dpoint-0p75-short",2,1001,2000,22263010
"materialize_bf_prior","short","binomial","binom-dpoint-0p75-short","binom-binbf01-direction-p00p5-a1-b1-on-binom-dpoint-0p75-short",3,2001,3000,23263013
"materialize_bf_prior","short","binomial","binom-dpoint-0p75-short","binom-binbf01-direction-p00p5-a1-b1-on-binom-dpoint-0p75-short",4,3001,4000,24263016
"materialize_bf_prior","short","binomial","binom-dpoint-0p75-short","binom-binbf01-direction-p00p5-a1-b1-on-binom-dpoint-0p75-short",5,4001,5000,25263019
"materialize_bf_prior","short","binomial","binom-dpoint-0p75-short","binom-binbf01-direction-p00p5-a1-b1-on-binom-dpoint-0p75-short",6,5001,6000,26263022
"materialize_bf_prior","short","binomial","binom-dpoint-0p75-short","binom-binbf01-direction-p00p5-a1-b1-on-binom-dpoint-0p75-short",7,6001,7000,27263025
"materialize_bf_prior","short","binomial","binom-dpoint-0p75-short","binom-binbf01-direction-p00p5-a1-b1-on-binom-dpoint-0p75-short",8,7001,8000,28263028
"materialize_bf_prior","short","binomial","binom-dpoint-0p75-short","binom-binbf01-direction-p00p5-a1-b1-on-binom-dpoint-0p75-short",9,8001,9000,29263031
"materialize_bf_prior","short","binomial","binom-dpoint-0p75-short","binom-binbf01-direction-p00p5-a1-b1-on-binom-dpoint-0p75-short",10,9001,10000,30263034
"materialize_bf_prior","short","binomial","binom-dpoint-0p75-short","binom-binbf01-point-p00p5-a60-b40-on-binom-dpoint-0p75-short",1,1,1000,21263007
"materialize_bf_prior","short","binomial","binom-dpoint-0p75-short","binom-binbf01-point-p00p5-a60-b40-on-binom-dpoint-0p75-short",2,1001,2000,22263010
"materialize_bf_prior","short","binomial","binom-dpoint-0p75-short","binom-binbf01-point-p00p5-a60-b40-on-binom-dpoint-0p75-short",3,2001,3000,23263013
"materialize_bf_prior","short","binomial","binom-dpoint-0p75-short","binom-binbf01-point-p00p5-a60-b40-on-binom-dpoint-0p75-short",4,3001,4000,24263016
"materialize_bf_prior","short","binomial","binom-dpoint-0p75-short","binom-binbf01-point-p00p5-a60-b40-on-binom-dpoint-0p75-short",5,4001,5000,25263019
"materialize_bf_prior","short","binomial","binom-dpoint-0p75-short","binom-binbf01-point-p00p5-a60-b40-on-binom-dpoint-0p75-short",6,5001,6000,26263022
"materialize_bf_prior","short","binomial","binom-dpoint-0p75-short","binom-binbf01-point-p00p5-a60-b40-on-binom-dpoint-0p75-short",7,6001,7000,27263025
"materialize_bf_prior","short","binomial","binom-dpoint-0p75-short","binom-binbf01-point-p00p5-a60-b40-on-binom-dpoint-0p75-short",8,7001,8000,28263028
"materialize_bf_prior","short","binomial","binom-dpoint-0p75-short","binom-binbf01-point-p00p5-a60-b40-on-binom-dpoint-0p75-short",9,8001,9000,29263031
"materialize_bf_prior","short","binomial","binom-dpoint-0p75-short","binom-binbf01-point-p00p5-a60-b40-on-binom-dpoint-0p75-short",10,9001,10000,30263034
"materialize_bf_prior","short","binomial","binom-dpoint-0p75-short","binom-binbf01-point-p00p5-a40-b60-on-binom-dpoint-0p75-short",1,1,1000,21263007
"materialize_bf_prior","short","binomial","binom-dpoint-0p75-short","binom-binbf01-point-p00p5-a40-b60-on-binom-dpoint-0p75-short",2,1001,2000,22263010
"materialize_bf_prior","short","binomial","binom-dpoint-0p75-short","binom-binbf01-point-p00p5-a40-b60-on-binom-dpoint-0p75-short",3,2001,3000,23263013
"materialize_bf_prior","short","binomial","binom-dpoint-0p75-short","binom-binbf01-point-p00p5-a40-b60-on-binom-dpoint-0p75-short",4,3001,4000,24263016
"materialize_bf_prior","short","binomial","binom-dpoint-0p75-short","binom-binbf01-point-p00p5-a40-b60-on-binom-dpoint-0p75-short",5,4001,5000,25263019
"materialize_bf_prior","short","binomial","binom-dpoint-0p75-short","binom-binbf01-point-p00p5-a40-b60-on-binom-dpoint-0p75-short",6,5001,6000,26263022
"materialize_bf_prior","short","binomial","binom-dpoint-0p75-short","binom-binbf01-point-p00p5-a40-b60-on-binom-dpoint-0p75-short",7,6001,7000,27263025
"materialize_bf_prior","short","binomial","binom-dpoint-0p75-short","binom-binbf01-point-p00p5-a40-b60-on-binom-dpoint-0p75-short",8,7001,8000,28263028
"materialize_bf_prior","short","binomial","binom-dpoint-0p75-short","binom-binbf01-point-p00p5-a40-b60-on-binom-dpoint-0p75-short",9,8001,9000,29263031
"materialize_bf_prior","short","binomial","binom-dpoint-0p75-short","binom-binbf01-point-p00p5-a40-b60-on-binom-dpoint-0p75-short",10,9001,10000,30263034
"materialize_bf_prior","short","binomial","binom-dbeta-60-40-short","binom-binbf01-point-p00p5-a1-b1-on-binom-dbeta-60-40-short",1,1,1000,21263008
"materialize_bf_prior","short","binomial","binom-dbeta-60-40-short","binom-binbf01-point-p00p5-a1-b1-on-binom-dbeta-60-40-short",2,1001,2000,22263011
"materialize_bf_prior","short","binomial","binom-dbeta-60-40-short","binom-binbf01-point-p00p5-a1-b1-on-binom-dbeta-60-40-short",3,2001,3000,23263014
"materialize_bf_prior","short","binomial","binom-dbeta-60-40-short","binom-binbf01-point-p00p5-a1-b1-on-binom-dbeta-60-40-short",4,3001,4000,24263017
"materialize_bf_prior","short","binomial","binom-dbeta-60-40-short","binom-binbf01-point-p00p5-a1-b1-on-binom-dbeta-60-40-short",5,4001,5000,25263020
"materialize_bf_prior","short","binomial","binom-dbeta-60-40-short","binom-binbf01-point-p00p5-a1-b1-on-binom-dbeta-60-40-short",6,5001,6000,26263023
"materialize_bf_prior","short","binomial","binom-dbeta-60-40-short","binom-binbf01-point-p00p5-a1-b1-on-binom-dbeta-60-40-short",7,6001,7000,27263026
"materialize_bf_prior","short","binomial","binom-dbeta-60-40-short","binom-binbf01-point-p00p5-a1-b1-on-binom-dbeta-60-40-short",8,7001,8000,28263029
"materialize_bf_prior","short","binomial","binom-dbeta-60-40-short","binom-binbf01-point-p00p5-a1-b1-on-binom-dbeta-60-40-short",9,8001,9000,29263032
"materialize_bf_prior","short","binomial","binom-dbeta-60-40-short","binom-binbf01-point-p00p5-a1-b1-on-binom-dbeta-60-40-short",10,9001,10000,30263035
"materialize_bf_prior","short","binomial","binom-dbeta-60-40-short","binom-binbf01-direction-p00p5-a1-b1-on-binom-dbeta-60-40-short",1,1,1000,21263008
"materialize_bf_prior","short","binomial","binom-dbeta-60-40-short","binom-binbf01-direction-p00p5-a1-b1-on-binom-dbeta-60-40-short",2,1001,2000,22263011
"materialize_bf_prior","short","binomial","binom-dbeta-60-40-short","binom-binbf01-direction-p00p5-a1-b1-on-binom-dbeta-60-40-short",3,2001,3000,23263014
"materialize_bf_prior","short","binomial","binom-dbeta-60-40-short","binom-binbf01-direction-p00p5-a1-b1-on-binom-dbeta-60-40-short",4,3001,4000,24263017
"materialize_bf_prior","short","binomial","binom-dbeta-60-40-short","binom-binbf01-direction-p00p5-a1-b1-on-binom-dbeta-60-40-short",5,4001,5000,25263020
"materialize_bf_prior","short","binomial","binom-dbeta-60-40-short","binom-binbf01-direction-p00p5-a1-b1-on-binom-dbeta-60-40-short",6,5001,6000,26263023
"materialize_bf_prior","short","binomial","binom-dbeta-60-40-short","binom-binbf01-direction-p00p5-a1-b1-on-binom-dbeta-60-40-short",7,6001,7000,27263026
"materialize_bf_prior","short","binomial","binom-dbeta-60-40-short","binom-binbf01-direction-p00p5-a1-b1-on-binom-dbeta-60-40-short",8,7001,8000,28263029
"materialize_bf_prior","short","binomial","binom-dbeta-60-40-short","binom-binbf01-direction-p00p5-a1-b1-on-binom-dbeta-60-40-short",9,8001,9000,29263032
"materialize_bf_prior","short","binomial","binom-dbeta-60-40-short","binom-binbf01-direction-p00p5-a1-b1-on-binom-dbeta-60-40-short",10,9001,10000,30263035
"materialize_bf_prior","short","binomial","binom-dbeta-60-40-short","binom-binbf01-point-p00p5-a60-b40-on-binom-dbeta-60-40-short",1,1,1000,21263008
"materialize_bf_prior","short","binomial","binom-dbeta-60-40-short","binom-binbf01-point-p00p5-a60-b40-on-binom-dbeta-60-40-short",2,1001,2000,22263011
"materialize_bf_prior","short","binomial","binom-dbeta-60-40-short","binom-binbf01-point-p00p5-a60-b40-on-binom-dbeta-60-40-short",3,2001,3000,23263014
"materialize_bf_prior","short","binomial","binom-dbeta-60-40-short","binom-binbf01-point-p00p5-a60-b40-on-binom-dbeta-60-40-short",4,3001,4000,24263017
"materialize_bf_prior","short","binomial","binom-dbeta-60-40-short","binom-binbf01-point-p00p5-a60-b40-on-binom-dbeta-60-40-short",5,4001,5000,25263020
"materialize_bf_prior","short","binomial","binom-dbeta-60-40-short","binom-binbf01-point-p00p5-a60-b40-on-binom-dbeta-60-40-short",6,5001,6000,26263023
"materialize_bf_prior","short","binomial","binom-dbeta-60-40-short","binom-binbf01-point-p00p5-a60-b40-on-binom-dbeta-60-40-short",7,6001,7000,27263026
"materialize_bf_prior","short","binomial","binom-dbeta-60-40-short","binom-binbf01-point-p00p5-a60-b40-on-binom-dbeta-60-40-short",8,7001,8000,28263029
"materialize_bf_prior","short","binomial","binom-dbeta-60-40-short","binom-binbf01-point-p00p5-a60-b40-on-binom-dbeta-60-40-short",9,8001,9000,29263032
"materialize_bf_prior","short","binomial","binom-dbeta-60-40-short","binom-binbf01-point-p00p5-a60-b40-on-binom-dbeta-60-40-short",10,9001,10000,30263035
"materialize_bf_prior","short","binomial","binom-dbeta-60-40-short","binom-binbf01-point-p00p5-a40-b60-on-binom-dbeta-60-40-short",1,1,1000,21263008
"materialize_bf_prior","short","binomial","binom-dbeta-60-40-short","binom-binbf01-point-p00p5-a40-b60-on-binom-dbeta-60-40-short",2,1001,2000,22263011
"materialize_bf_prior","short","binomial","binom-dbeta-60-40-short","binom-binbf01-point-p00p5-a40-b60-on-binom-dbeta-60-40-short",3,2001,3000,23263014
"materialize_bf_prior","short","binomial","binom-dbeta-60-40-short","binom-binbf01-point-p00p5-a40-b60-on-binom-dbeta-60-40-short",4,3001,4000,24263017
"materialize_bf_prior","short","binomial","binom-dbeta-60-40-short","binom-binbf01-point-p00p5-a40-b60-on-binom-dbeta-60-40-short",5,4001,5000,25263020
"materialize_bf_prior","short","binomial","binom-dbeta-60-40-short","binom-binbf01-point-p00p5-a40-b60-on-binom-dbeta-60-40-short",6,5001,6000,26263023
"materialize_bf_prior","short","binomial","binom-dbeta-60-40-short","binom-binbf01-point-p00p5-a40-b60-on-binom-dbeta-60-40-short",7,6001,7000,27263026
"materialize_bf_prior","short","binomial","binom-dbeta-60-40-short","binom-binbf01-point-p00p5-a40-b60-on-binom-dbeta-60-40-short",8,7001,8000,28263029
"materialize_bf_prior","short","binomial","binom-dbeta-60-40-short","binom-binbf01-point-p00p5-a40-b60-on-binom-dbeta-60-40-short",9,8001,9000,29263032
"materialize_bf_prior","short","binomial","binom-dbeta-60-40-short","binom-binbf01-point-p00p5-a40-b60-on-binom-dbeta-60-40-short",10,9001,10000,30263035
"materialize_bf_prior","adversarial","binomial","binom-dbeta-1-1-h1gt0p5-short","binom-binbf01-point-p00p5-a1-b1-on-binom-dbeta-1-1-h1gt0p5-short",1,1,1000,21263009
"materialize_bf_prior","adversarial","binomial","binom-dbeta-1-1-h1gt0p5-short","binom-binbf01-point-p00p5-a1-b1-on-binom-dbeta-1-1-h1gt0p5-short",2,1001,2000,22263012
"materialize_bf_prior","adversarial","binomial","binom-dbeta-1-1-h1gt0p5-short","binom-binbf01-point-p00p5-a1-b1-on-binom-dbeta-1-1-h1gt0p5-short",3,2001,3000,23263015
"materialize_bf_prior","adversarial","binomial","binom-dbeta-1-1-h1gt0p5-short","binom-binbf01-point-p00p5-a1-b1-on-binom-dbeta-1-1-h1gt0p5-short",4,3001,4000,24263018
"materialize_bf_prior","adversarial","binomial","binom-dbeta-1-1-h1gt0p5-short","binom-binbf01-point-p00p5-a1-b1-on-binom-dbeta-1-1-h1gt0p5-short",5,4001,5000,25263021
"materialize_bf_prior","adversarial","binomial","binom-dbeta-1-1-h1gt0p5-short","binom-binbf01-point-p00p5-a1-b1-on-binom-dbeta-1-1-h1gt0p5-short",6,5001,6000,26263024
"materialize_bf_prior","adversarial","binomial","binom-dbeta-1-1-h1gt0p5-short","binom-binbf01-point-p00p5-a1-b1-on-binom-dbeta-1-1-h1gt0p5-short",7,6001,7000,27263027
"materialize_bf_prior","adversarial","binomial","binom-dbeta-1-1-h1gt0p5-short","binom-binbf01-point-p00p5-a1-b1-on-binom-dbeta-1-1-h1gt0p5-short",8,7001,8000,28263030
"materialize_bf_prior","adversarial","binomial","binom-dbeta-1-1-h1gt0p5-short","binom-binbf01-point-p00p5-a1-b1-on-binom-dbeta-1-1-h1gt0p5-short",9,8001,9000,29263033
"materialize_bf_prior","adversarial","binomial","binom-dbeta-1-1-h1gt0p5-short","binom-binbf01-point-p00p5-a1-b1-on-binom-dbeta-1-1-h1gt0p5-short",10,9001,10000,30263036
"materialize_bf_prior","adversarial","binomial","binom-dbeta-1-1-h1gt0p5-short","binom-binbf01-direction-p00p5-a1-b1-on-binom-dbeta-1-1-h1gt0p5-short",1,1,1000,21263009
"materialize_bf_prior","adversarial","binomial","binom-dbeta-1-1-h1gt0p5-short","binom-binbf01-direction-p00p5-a1-b1-on-binom-dbeta-1-1-h1gt0p5-short",2,1001,2000,22263012
"materialize_bf_prior","adversarial","binomial","binom-dbeta-1-1-h1gt0p5-short","binom-binbf01-direction-p00p5-a1-b1-on-binom-dbeta-1-1-h1gt0p5-short",3,2001,3000,23263015
"materialize_bf_prior","adversarial","binomial","binom-dbeta-1-1-h1gt0p5-short","binom-binbf01-direction-p00p5-a1-b1-on-binom-dbeta-1-1-h1gt0p5-short",4,3001,4000,24263018
"materialize_bf_prior","adversarial","binomial","binom-dbeta-1-1-h1gt0p5-short","binom-binbf01-direction-p00p5-a1-b1-on-binom-dbeta-1-1-h1gt0p5-short",5,4001,5000,25263021
"materialize_bf_prior","adversarial","binomial","binom-dbeta-1-1-h1gt0p5-short","binom-binbf01-direction-p00p5-a1-b1-on-binom-dbeta-1-1-h1gt0p5-short",6,5001,6000,26263024
"materialize_bf_prior","adversarial","binomial","binom-dbeta-1-1-h1gt0p5-short","binom-binbf01-direction-p00p5-a1-b1-on-binom-dbeta-1-1-h1gt0p5-short",7,6001,7000,27263027
"materialize_bf_prior","adversarial","binomial","binom-dbeta-1-1-h1gt0p5-short","binom-binbf01-direction-p00p5-a1-b1-on-binom-dbeta-1-1-h1gt0p5-short",8,7001,8000,28263030
"materialize_bf_prior","adversarial","binomial","binom-dbeta-1-1-h1gt0p5-short","binom-binbf01-direction-p00p5-a1-b1-on-binom-dbeta-1-1-h1gt0p5-short",9,8001,9000,29263033
"materialize_bf_prior","adversarial","binomial","binom-dbeta-1-1-h1gt0p5-short","binom-binbf01-direction-p00p5-a1-b1-on-binom-dbeta-1-1-h1gt0p5-short",10,9001,10000,30263036
"materialize_bf_prior","adversarial","binomial","binom-dbeta-1-1-h1gt0p5-short","binom-binbf01-point-p00p5-a60-b40-on-binom-dbeta-1-1-h1gt0p5-short",1,1,1000,21263009
"materialize_bf_prior","adversarial","binomial","binom-dbeta-1-1-h1gt0p5-short","binom-binbf01-point-p00p5-a60-b40-on-binom-dbeta-1-1-h1gt0p5-short",2,1001,2000,22263012
"materialize_bf_prior","adversarial","binomial","binom-dbeta-1-1-h1gt0p5-short","binom-binbf01-point-p00p5-a60-b40-on-binom-dbeta-1-1-h1gt0p5-short",3,2001,3000,23263015
"materialize_bf_prior","adversarial","binomial","binom-dbeta-1-1-h1gt0p5-short","binom-binbf01-point-p00p5-a60-b40-on-binom-dbeta-1-1-h1gt0p5-short",4,3001,4000,24263018
"materialize_bf_prior","adversarial","binomial","binom-dbeta-1-1-h1gt0p5-short","binom-binbf01-point-p00p5-a60-b40-on-binom-dbeta-1-1-h1gt0p5-short",5,4001,5000,25263021
"materialize_bf_prior","adversarial","binomial","binom-dbeta-1-1-h1gt0p5-short","binom-binbf01-point-p00p5-a60-b40-on-binom-dbeta-1-1-h1gt0p5-short",6,5001,6000,26263024
"materialize_bf_prior","adversarial","binomial","binom-dbeta-1-1-h1gt0p5-short","binom-binbf01-point-p00p5-a60-b40-on-binom-dbeta-1-1-h1gt0p5-short",7,6001,7000,27263027
"materialize_bf_prior","adversarial","binomial","binom-dbeta-1-1-h1gt0p5-short","binom-binbf01-point-p00p5-a60-b40-on-binom-dbeta-1-1-h1gt0p5-short",8,7001,8000,28263030
"materialize_bf_prior","adversarial","binomial","binom-dbeta-1-1-h1gt0p5-short","binom-binbf01-point-p00p5-a60-b40-on-binom-dbeta-1-1-h1gt0p5-short",9,8001,9000,29263033
"materialize_bf_prior","adversarial","binomial","binom-dbeta-1-1-h1gt0p5-short","binom-binbf01-point-p00p5-a60-b40-on-binom-dbeta-1-1-h1gt0p5-short",10,9001,10000,30263036
"materialize_bf_prior","adversarial","binomial","binom-dbeta-1-1-h1gt0p5-short","binom-binbf01-point-p00p5-a40-b60-on-binom-dbeta-1-1-h1gt0p5-short",1,1,1000,21263009
"materialize_bf_prior","adversarial","binomial","binom-dbeta-1-1-h1gt0p5-short","binom-binbf01-point-p00p5-a40-b60-on-binom-dbeta-1-1-h1gt0p5-short",2,1001,2000,22263012
"materialize_bf_prior","adversarial","binomial","binom-dbeta-1-1-h1gt0p5-short","binom-binbf01-point-p00p5-a40-b60-on-binom-dbeta-1-1-h1gt0p5-short",3,2001,3000,23263015
"materialize_bf_prior","adversarial","binomial","binom-dbeta-1-1-h1gt0p5-short","binom-binbf01-point-p00p5-a40-b60-on-binom-dbeta-1-1-h1gt0p5-short",4,3001,4000,24263018
"materialize_bf_prior","adversarial","binomial","binom-dbeta-1-1-h1gt0p5-short","binom-binbf01-point-p00p5-a40-b60-on-binom-dbeta-1-1-h1gt0p5-short",5,4001,5000,25263021
"materialize_bf_prior","adversarial","binomial","binom-dbeta-1-1-h1gt0p5-short","binom-binbf01-point-p00p5-a40-b60-on-binom-dbeta-1-1-h1gt0p5-short",6,5001,6000,26263024
"materialize_bf_prior","adversarial","binomial","binom-dbeta-1-1-h1gt0p5-short","binom-binbf01-point-p00p5-a40-b60-on-binom-dbeta-1-1-h1gt0p5-short",7,6001,7000,27263027
"materialize_bf_prior","adversarial","binomial","binom-dbeta-1-1-h1gt0p5-short","binom-binbf01-point-p00p5-a40-b60-on-binom-dbeta-1-1-h1gt0p5-short",8,7001,8000,28263030
"materialize_bf_prior","adversarial","binomial","binom-dbeta-1-1-h1gt0p5-short","binom-binbf01-point-p00p5-a40-b60-on-binom-dbeta-1-1-h1gt0p5-short",9,8001,9000,29263033
"materialize_bf_prior","adversarial","binomial","binom-dbeta-1-1-h1gt0p5-short","binom-binbf01-point-p00p5-a40-b60-on-binom-dbeta-1-1-h1gt0p5-short",10,9001,10000,30263036
"materialize_bf_prior","adversarial","binomial","binom-dbeta-1-1-h0le0p5-short","binom-binbf01-point-p00p5-a1-b1-on-binom-dbeta-1-1-h0le0p5-short",1,1,1000,21263010
"materialize_bf_prior","adversarial","binomial","binom-dbeta-1-1-h0le0p5-short","binom-binbf01-point-p00p5-a1-b1-on-binom-dbeta-1-1-h0le0p5-short",2,1001,2000,22263013
"materialize_bf_prior","adversarial","binomial","binom-dbeta-1-1-h0le0p5-short","binom-binbf01-point-p00p5-a1-b1-on-binom-dbeta-1-1-h0le0p5-short",3,2001,3000,23263016
"materialize_bf_prior","adversarial","binomial","binom-dbeta-1-1-h0le0p5-short","binom-binbf01-point-p00p5-a1-b1-on-binom-dbeta-1-1-h0le0p5-short",4,3001,4000,24263019
"materialize_bf_prior","adversarial","binomial","binom-dbeta-1-1-h0le0p5-short","binom-binbf01-point-p00p5-a1-b1-on-binom-dbeta-1-1-h0le0p5-short",5,4001,5000,25263022
"materialize_bf_prior","adversarial","binomial","binom-dbeta-1-1-h0le0p5-short","binom-binbf01-point-p00p5-a1-b1-on-binom-dbeta-1-1-h0le0p5-short",6,5001,6000,26263025
"materialize_bf_prior","adversarial","binomial","binom-dbeta-1-1-h0le0p5-short","binom-binbf01-point-p00p5-a1-b1-on-binom-dbeta-1-1-h0le0p5-short",7,6001,7000,27263028
"materialize_bf_prior","adversarial","binomial","binom-dbeta-1-1-h0le0p5-short","binom-binbf01-point-p00p5-a1-b1-on-binom-dbeta-1-1-h0le0p5-short",8,7001,8000,28263031
"materialize_bf_prior","adversarial","binomial","binom-dbeta-1-1-h0le0p5-short","binom-binbf01-point-p00p5-a1-b1-on-binom-dbeta-1-1-h0le0p5-short",9,8001,9000,29263034
"materialize_bf_prior","adversarial","binomial","binom-dbeta-1-1-h0le0p5-short","binom-binbf01-point-p00p5-a1-b1-on-binom-dbeta-1-1-h0le0p5-short",10,9001,10000,30263037
"materialize_bf_prior","adversarial","binomial","binom-dbeta-1-1-h0le0p5-short","binom-binbf01-direction-p00p5-a1-b1-on-binom-dbeta-1-1-h0le0p5-short",1,1,1000,21263010
"materialize_bf_prior","adversarial","binomial","binom-dbeta-1-1-h0le0p5-short","binom-binbf01-direction-p00p5-a1-b1-on-binom-dbeta-1-1-h0le0p5-short",2,1001,2000,22263013
"materialize_bf_prior","adversarial","binomial","binom-dbeta-1-1-h0le0p5-short","binom-binbf01-direction-p00p5-a1-b1-on-binom-dbeta-1-1-h0le0p5-short",3,2001,3000,23263016
"materialize_bf_prior","adversarial","binomial","binom-dbeta-1-1-h0le0p5-short","binom-binbf01-direction-p00p5-a1-b1-on-binom-dbeta-1-1-h0le0p5-short",4,3001,4000,24263019
"materialize_bf_prior","adversarial","binomial","binom-dbeta-1-1-h0le0p5-short","binom-binbf01-direction-p00p5-a1-b1-on-binom-dbeta-1-1-h0le0p5-short",5,4001,5000,25263022
"materialize_bf_prior","adversarial","binomial","binom-dbeta-1-1-h0le0p5-short","binom-binbf01-direction-p00p5-a1-b1-on-binom-dbeta-1-1-h0le0p5-short",6,5001,6000,26263025
"materialize_bf_prior","adversarial","binomial","binom-dbeta-1-1-h0le0p5-short","binom-binbf01-direction-p00p5-a1-b1-on-binom-dbeta-1-1-h0le0p5-short",7,6001,7000,27263028
"materialize_bf_prior","adversarial","binomial","binom-dbeta-1-1-h0le0p5-short","binom-binbf01-direction-p00p5-a1-b1-on-binom-dbeta-1-1-h0le0p5-short",8,7001,8000,28263031
"materialize_bf_prior","adversarial","binomial","binom-dbeta-1-1-h0le0p5-short","binom-binbf01-direction-p00p5-a1-b1-on-binom-dbeta-1-1-h0le0p5-short",9,8001,9000,29263034
"materialize_bf_prior","adversarial","binomial","binom-dbeta-1-1-h0le0p5-short","binom-binbf01-direction-p00p5-a1-b1-on-binom-dbeta-1-1-h0le0p5-short",10,9001,10000,30263037
"materialize_bf_prior","adversarial","binomial","binom-dbeta-1-1-h0le0p5-short","binom-binbf01-point-p00p5-a60-b40-on-binom-dbeta-1-1-h0le0p5-short",1,1,1000,21263010
"materialize_bf_prior","adversarial","binomial","binom-dbeta-1-1-h0le0p5-short","binom-binbf01-point-p00p5-a60-b40-on-binom-dbeta-1-1-h0le0p5-short",2,1001,2000,22263013
"materialize_bf_prior","adversarial","binomial","binom-dbeta-1-1-h0le0p5-short","binom-binbf01-point-p00p5-a60-b40-on-binom-dbeta-1-1-h0le0p5-short",3,2001,3000,23263016
"materialize_bf_prior","adversarial","binomial","binom-dbeta-1-1-h0le0p5-short","binom-binbf01-point-p00p5-a60-b40-on-binom-dbeta-1-1-h0le0p5-short",4,3001,4000,24263019
"materialize_bf_prior","adversarial","binomial","binom-dbeta-1-1-h0le0p5-short","binom-binbf01-point-p00p5-a60-b40-on-binom-dbeta-1-1-h0le0p5-short",5,4001,5000,25263022
"materialize_bf_prior","adversarial","binomial","binom-dbeta-1-1-h0le0p5-short","binom-binbf01-point-p00p5-a60-b40-on-binom-dbeta-1-1-h0le0p5-short",6,5001,6000,26263025
"materialize_bf_prior","adversarial","binomial","binom-dbeta-1-1-h0le0p5-short","binom-binbf01-point-p00p5-a60-b40-on-binom-dbeta-1-1-h0le0p5-short",7,6001,7000,27263028
"materialize_bf_prior","adversarial","binomial","binom-dbeta-1-1-h0le0p5-short","binom-binbf01-point-p00p5-a60-b40-on-binom-dbeta-1-1-h0le0p5-short",8,7001,8000,28263031
"materialize_bf_prior","adversarial","binomial","binom-dbeta-1-1-h0le0p5-short","binom-binbf01-point-p00p5-a60-b40-on-binom-dbeta-1-1-h0le0p5-short",9,8001,9000,29263034
"materialize_bf_prior","adversarial","binomial","binom-dbeta-1-1-h0le0p5-short","binom-binbf01-point-p00p5-a60-b40-on-binom-dbeta-1-1-h0le0p5-short",10,9001,10000,30263037
"materialize_bf_prior","adversarial","binomial","binom-dbeta-1-1-h0le0p5-short","binom-binbf01-point-p00p5-a40-b60-on-binom-dbeta-1-1-h0le0p5-short",1,1,1000,21263010
"materialize_bf_prior","adversarial","binomial","binom-dbeta-1-1-h0le0p5-short","binom-binbf01-point-p00p5-a40-b60-on-binom-dbeta-1-1-h0le0p5-short",2,1001,2000,22263013
"materialize_bf_prior","adversarial","binomial","binom-dbeta-1-1-h0le0p5-short","binom-binbf01-point-p00p5-a40-b60-on-binom-dbeta-1-1-h0le0p5-short",3,2001,3000,23263016
"materialize_bf_prior","adversarial","binomial","binom-dbeta-1-1-h0le0p5-short","binom-binbf01-point-p00p5-a40-b60-on-binom-dbeta-1-1-h0le0p5-short",4,3001,4000,24263019
"materialize_bf_prior","adversarial","binomial","binom-dbeta-1-1-h0le0p5-short","binom-binbf01-point-p00p5-a40-b60-on-binom-dbeta-1-1-h0le0p5-short",5,4001,5000,25263022
"materialize_bf_prior","adversarial","binomial","binom-dbeta-1-1-h0le0p5-short","binom-binbf01-point-p00p5-a40-b60-on-binom-dbeta-1-1-h0le0p5-short",6,5001,6000,26263025
"materialize_bf_prior","adversarial","binomial","binom-dbeta-1-1-h0le0p5-short","binom-binbf01-point-p00p5-a40-b60-on-binom-dbeta-1-1-h0le0p5-short",7,6001,7000,27263028
"materialize_bf_prior","adversarial","binomial","binom-dbeta-1-1-h0le0p5-short","binom-binbf01-point-p00p5-a40-b60-on-binom-dbeta-1-1-h0le0p5-short",8,7001,8000,28263031
"materialize_bf_prior","adversarial","binomial","binom-dbeta-1-1-h0le0p5-short","binom-binbf01-point-p00p5-a40-b60-on-binom-dbeta-1-1-h0le0p5-short",9,8001,9000,29263034
"materialize_bf_prior","adversarial","binomial","binom-dbeta-1-1-h0le0p5-short","binom-binbf01-point-p00p5-a40-b60-on-binom-dbeta-1-1-h0le0p5-short",10,9001,10000,30263037
"materialize_bf_prior","long","binomial","binom-dpoint-0p5-long","binom-binbf01-point-p00p5-a1-b1-on-binom-dpoint-0p5-long",1,1,1000,21263011
"materialize_bf_prior","long","binomial","binom-dpoint-0p5-long","binom-binbf01-point-p00p5-a1-b1-on-binom-dpoint-0p5-long",2,1001,2000,22263014
"materialize_bf_prior","long","binomial","binom-dpoint-0p5-long","binom-binbf01-point-p00p5-a1-b1-on-binom-dpoint-0p5-long",3,2001,3000,23263017
"materialize_bf_prior","long","binomial","binom-dpoint-0p5-long","binom-binbf01-point-p00p5-a1-b1-on-binom-dpoint-0p5-long",4,3001,4000,24263020
"materialize_bf_prior","long","binomial","binom-dpoint-0p5-long","binom-binbf01-point-p00p5-a1-b1-on-binom-dpoint-0p5-long",5,4001,5000,25263023
"materialize_bf_prior","long","binomial","binom-dpoint-0p5-long","binom-binbf01-point-p00p5-a1-b1-on-binom-dpoint-0p5-long",6,5001,6000,26263026
"materialize_bf_prior","long","binomial","binom-dpoint-0p5-long","binom-binbf01-point-p00p5-a1-b1-on-binom-dpoint-0p5-long",7,6001,7000,27263029
"materialize_bf_prior","long","binomial","binom-dpoint-0p5-long","binom-binbf01-point-p00p5-a1-b1-on-binom-dpoint-0p5-long",8,7001,8000,28263032
"materialize_bf_prior","long","binomial","binom-dpoint-0p5-long","binom-binbf01-point-p00p5-a1-b1-on-binom-dpoint-0p5-long",9,8001,9000,29263035
"materialize_bf_prior","long","binomial","binom-dpoint-0p5-long","binom-binbf01-point-p00p5-a1-b1-on-binom-dpoint-0p5-long",10,9001,10000,30263038
"materialize_bf_prior","long","binomial","binom-dpoint-0p5-long","binom-binbf01-direction-p00p5-a1-b1-on-binom-dpoint-0p5-long",1,1,1000,21263011
"materialize_bf_prior","long","binomial","binom-dpoint-0p5-long","binom-binbf01-direction-p00p5-a1-b1-on-binom-dpoint-0p5-long",2,1001,2000,22263014
"materialize_bf_prior","long","binomial","binom-dpoint-0p5-long","binom-binbf01-direction-p00p5-a1-b1-on-binom-dpoint-0p5-long",3,2001,3000,23263017
"materialize_bf_prior","long","binomial","binom-dpoint-0p5-long","binom-binbf01-direction-p00p5-a1-b1-on-binom-dpoint-0p5-long",4,3001,4000,24263020
"materialize_bf_prior","long","binomial","binom-dpoint-0p5-long","binom-binbf01-direction-p00p5-a1-b1-on-binom-dpoint-0p5-long",5,4001,5000,25263023
"materialize_bf_prior","long","binomial","binom-dpoint-0p5-long","binom-binbf01-direction-p00p5-a1-b1-on-binom-dpoint-0p5-long",6,5001,6000,26263026
"materialize_bf_prior","long","binomial","binom-dpoint-0p5-long","binom-binbf01-direction-p00p5-a1-b1-on-binom-dpoint-0p5-long",7,6001,7000,27263029
"materialize_bf_prior","long","binomial","binom-dpoint-0p5-long","binom-binbf01-direction-p00p5-a1-b1-on-binom-dpoint-0p5-long",8,7001,8000,28263032
"materialize_bf_prior","long","binomial","binom-dpoint-0p5-long","binom-binbf01-direction-p00p5-a1-b1-on-binom-dpoint-0p5-long",9,8001,9000,29263035
"materialize_bf_prior","long","binomial","binom-dpoint-0p5-long","binom-binbf01-direction-p00p5-a1-b1-on-binom-dpoint-0p5-long",10,9001,10000,30263038
"materialize_bf_prior","long","binomial","binom-dpoint-0p5-long","binom-binbf01-point-p00p5-a60-b40-on-binom-dpoint-0p5-long",1,1,1000,21263011
"materialize_bf_prior","long","binomial","binom-dpoint-0p5-long","binom-binbf01-point-p00p5-a60-b40-on-binom-dpoint-0p5-long",2,1001,2000,22263014
"materialize_bf_prior","long","binomial","binom-dpoint-0p5-long","binom-binbf01-point-p00p5-a60-b40-on-binom-dpoint-0p5-long",3,2001,3000,23263017
"materialize_bf_prior","long","binomial","binom-dpoint-0p5-long","binom-binbf01-point-p00p5-a60-b40-on-binom-dpoint-0p5-long",4,3001,4000,24263020
"materialize_bf_prior","long","binomial","binom-dpoint-0p5-long","binom-binbf01-point-p00p5-a60-b40-on-binom-dpoint-0p5-long",5,4001,5000,25263023
"materialize_bf_prior","long","binomial","binom-dpoint-0p5-long","binom-binbf01-point-p00p5-a60-b40-on-binom-dpoint-0p5-long",6,5001,6000,26263026
"materialize_bf_prior","long","binomial","binom-dpoint-0p5-long","binom-binbf01-point-p00p5-a60-b40-on-binom-dpoint-0p5-long",7,6001,7000,27263029
"materialize_bf_prior","long","binomial","binom-dpoint-0p5-long","binom-binbf01-point-p00p5-a60-b40-on-binom-dpoint-0p5-long",8,7001,8000,28263032
"materialize_bf_prior","long","binomial","binom-dpoint-0p5-long","binom-binbf01-point-p00p5-a60-b40-on-binom-dpoint-0p5-long",9,8001,9000,29263035
"materialize_bf_prior","long","binomial","binom-dpoint-0p5-long","binom-binbf01-point-p00p5-a60-b40-on-binom-dpoint-0p5-long",10,9001,10000,30263038
"materialize_bf_prior","long","binomial","binom-dpoint-0p5-long","binom-binbf01-point-p00p5-a40-b60-on-binom-dpoint-0p5-long",1,1,1000,21263011
"materialize_bf_prior","long","binomial","binom-dpoint-0p5-long","binom-binbf01-point-p00p5-a40-b60-on-binom-dpoint-0p5-long",2,1001,2000,22263014
"materialize_bf_prior","long","binomial","binom-dpoint-0p5-long","binom-binbf01-point-p00p5-a40-b60-on-binom-dpoint-0p5-long",3,2001,3000,23263017
"materialize_bf_prior","long","binomial","binom-dpoint-0p5-long","binom-binbf01-point-p00p5-a40-b60-on-binom-dpoint-0p5-long",4,3001,4000,24263020
"materialize_bf_prior","long","binomial","binom-dpoint-0p5-long","binom-binbf01-point-p00p5-a40-b60-on-binom-dpoint-0p5-long",5,4001,5000,25263023
"materialize_bf_prior","long","binomial","binom-dpoint-0p5-long","binom-binbf01-point-p00p5-a40-b60-on-binom-dpoint-0p5-long",6,5001,6000,26263026
"materialize_bf_prior","long","binomial","binom-dpoint-0p5-long","binom-binbf01-point-p00p5-a40-b60-on-binom-dpoint-0p5-long",7,6001,7000,27263029
"materialize_bf_prior","long","binomial","binom-dpoint-0p5-long","binom-binbf01-point-p00p5-a40-b60-on-binom-dpoint-0p5-long",8,7001,8000,28263032
"materialize_bf_prior","long","binomial","binom-dpoint-0p5-long","binom-binbf01-point-p00p5-a40-b60-on-binom-dpoint-0p5-long",9,8001,9000,29263035
"materialize_bf_prior","long","binomial","binom-dpoint-0p5-long","binom-binbf01-point-p00p5-a40-b60-on-binom-dpoint-0p5-long",10,9001,10000,30263038
"materialize_bf_prior","long","binomial","binom-dpoint-0p55-long","binom-binbf01-point-p00p5-a1-b1-on-binom-dpoint-0p55-long",1,1,1000,21263012
"materialize_bf_prior","long","binomial","binom-dpoint-0p55-long","binom-binbf01-point-p00p5-a1-b1-on-binom-dpoint-0p55-long",2,1001,2000,22263015
"materialize_bf_prior","long","binomial","binom-dpoint-0p55-long","binom-binbf01-point-p00p5-a1-b1-on-binom-dpoint-0p55-long",3,2001,3000,23263018
"materialize_bf_prior","long","binomial","binom-dpoint-0p55-long","binom-binbf01-point-p00p5-a1-b1-on-binom-dpoint-0p55-long",4,3001,4000,24263021
"materialize_bf_prior","long","binomial","binom-dpoint-0p55-long","binom-binbf01-point-p00p5-a1-b1-on-binom-dpoint-0p55-long",5,4001,5000,25263024
"materialize_bf_prior","long","binomial","binom-dpoint-0p55-long","binom-binbf01-point-p00p5-a1-b1-on-binom-dpoint-0p55-long",6,5001,6000,26263027
"materialize_bf_prior","long","binomial","binom-dpoint-0p55-long","binom-binbf01-point-p00p5-a1-b1-on-binom-dpoint-0p55-long",7,6001,7000,27263030
"materialize_bf_prior","long","binomial","binom-dpoint-0p55-long","binom-binbf01-point-p00p5-a1-b1-on-binom-dpoint-0p55-long",8,7001,8000,28263033
"materialize_bf_prior","long","binomial","binom-dpoint-0p55-long","binom-binbf01-point-p00p5-a1-b1-on-binom-dpoint-0p55-long",9,8001,9000,29263036
"materialize_bf_prior","long","binomial","binom-dpoint-0p55-long","binom-binbf01-point-p00p5-a1-b1-on-binom-dpoint-0p55-long",10,9001,10000,30263039
"materialize_bf_prior","long","binomial","binom-dpoint-0p55-long","binom-binbf01-direction-p00p5-a1-b1-on-binom-dpoint-0p55-long",1,1,1000,21263012
"materialize_bf_prior","long","binomial","binom-dpoint-0p55-long","binom-binbf01-direction-p00p5-a1-b1-on-binom-dpoint-0p55-long",2,1001,2000,22263015
"materialize_bf_prior","long","binomial","binom-dpoint-0p55-long","binom-binbf01-direction-p00p5-a1-b1-on-binom-dpoint-0p55-long",3,2001,3000,23263018
"materialize_bf_prior","long","binomial","binom-dpoint-0p55-long","binom-binbf01-direction-p00p5-a1-b1-on-binom-dpoint-0p55-long",4,3001,4000,24263021
"materialize_bf_prior","long","binomial","binom-dpoint-0p55-long","binom-binbf01-direction-p00p5-a1-b1-on-binom-dpoint-0p55-long",5,4001,5000,25263024
"materialize_bf_prior","long","binomial","binom-dpoint-0p55-long","binom-binbf01-direction-p00p5-a1-b1-on-binom-dpoint-0p55-long",6,5001,6000,26263027
"materialize_bf_prior","long","binomial","binom-dpoint-0p55-long","binom-binbf01-direction-p00p5-a1-b1-on-binom-dpoint-0p55-long",7,6001,7000,27263030
"materialize_bf_prior","long","binomial","binom-dpoint-0p55-long","binom-binbf01-direction-p00p5-a1-b1-on-binom-dpoint-0p55-long",8,7001,8000,28263033
"materialize_bf_prior","long","binomial","binom-dpoint-0p55-long","binom-binbf01-direction-p00p5-a1-b1-on-binom-dpoint-0p55-long",9,8001,9000,29263036
"materialize_bf_prior","long","binomial","binom-dpoint-0p55-long","binom-binbf01-direction-p00p5-a1-b1-on-binom-dpoint-0p55-long",10,9001,10000,30263039
"materialize_bf_prior","long","binomial","binom-dpoint-0p55-long","binom-binbf01-point-p00p5-a60-b40-on-binom-dpoint-0p55-long",1,1,1000,21263012
"materialize_bf_prior","long","binomial","binom-dpoint-0p55-long","binom-binbf01-point-p00p5-a60-b40-on-binom-dpoint-0p55-long",2,1001,2000,22263015
"materialize_bf_prior","long","binomial","binom-dpoint-0p55-long","binom-binbf01-point-p00p5-a60-b40-on-binom-dpoint-0p55-long",3,2001,3000,23263018
"materialize_bf_prior","long","binomial","binom-dpoint-0p55-long","binom-binbf01-point-p00p5-a60-b40-on-binom-dpoint-0p55-long",4,3001,4000,24263021
"materialize_bf_prior","long","binomial","binom-dpoint-0p55-long","binom-binbf01-point-p00p5-a60-b40-on-binom-dpoint-0p55-long",5,4001,5000,25263024
"materialize_bf_prior","long","binomial","binom-dpoint-0p55-long","binom-binbf01-point-p00p5-a60-b40-on-binom-dpoint-0p55-long",6,5001,6000,26263027
"materialize_bf_prior","long","binomial","binom-dpoint-0p55-long","binom-binbf01-point-p00p5-a60-b40-on-binom-dpoint-0p55-long",7,6001,7000,27263030
"materialize_bf_prior","long","binomial","binom-dpoint-0p55-long","binom-binbf01-point-p00p5-a60-b40-on-binom-dpoint-0p55-long",8,7001,8000,28263033
"materialize_bf_prior","long","binomial","binom-dpoint-0p55-long","binom-binbf01-point-p00p5-a60-b40-on-binom-dpoint-0p55-long",9,8001,9000,29263036
"materialize_bf_prior","long","binomial","binom-dpoint-0p55-long","binom-binbf01-point-p00p5-a60-b40-on-binom-dpoint-0p55-long",10,9001,10000,30263039
"materialize_bf_prior","long","binomial","binom-dpoint-0p55-long","binom-binbf01-point-p00p5-a40-b60-on-binom-dpoint-0p55-long",1,1,1000,21263012
"materialize_bf_prior","long","binomial","binom-dpoint-0p55-long","binom-binbf01-point-p00p5-a40-b60-on-binom-dpoint-0p55-long",2,1001,2000,22263015
"materialize_bf_prior","long","binomial","binom-dpoint-0p55-long","binom-binbf01-point-p00p5-a40-b60-on-binom-dpoint-0p55-long",3,2001,3000,23263018
"materialize_bf_prior","long","binomial","binom-dpoint-0p55-long","binom-binbf01-point-p00p5-a40-b60-on-binom-dpoint-0p55-long",4,3001,4000,24263021
"materialize_bf_prior","long","binomial","binom-dpoint-0p55-long","binom-binbf01-point-p00p5-a40-b60-on-binom-dpoint-0p55-long",5,4001,5000,25263024
"materialize_bf_prior","long","binomial","binom-dpoint-0p55-long","binom-binbf01-point-p00p5-a40-b60-on-binom-dpoint-0p55-long",6,5001,6000,26263027
"materialize_bf_prior","long","binomial","binom-dpoint-0p55-long","binom-binbf01-point-p00p5-a40-b60-on-binom-dpoint-0p55-long",7,6001,7000,27263030
"materialize_bf_prior","long","binomial","binom-dpoint-0p55-long","binom-binbf01-point-p00p5-a40-b60-on-binom-dpoint-0p55-long",8,7001,8000,28263033
"materialize_bf_prior","long","binomial","binom-dpoint-0p55-long","binom-binbf01-point-p00p5-a40-b60-on-binom-dpoint-0p55-long",9,8001,9000,29263036
"materialize_bf_prior","long","binomial","binom-dpoint-0p55-long","binom-binbf01-point-p00p5-a40-b60-on-binom-dpoint-0p55-long",10,9001,10000,30263039
"materialize_bf_prior","short","binomial","binom-dpoint-0p2-short","binom-binbf01-point-p00p2-a1-b1-on-binom-dpoint-0p2-short",1,1,1000,21263006
"materialize_bf_prior","short","binomial","binom-dpoint-0p2-short","binom-binbf01-point-p00p2-a1-b1-on-binom-dpoint-0p2-short",2,1001,2000,22263009
"materialize_bf_prior","short","binomial","binom-dpoint-0p2-short","binom-binbf01-point-p00p2-a1-b1-on-binom-dpoint-0p2-short",3,2001,3000,23263012
"materialize_bf_prior","short","binomial","binom-dpoint-0p2-short","binom-binbf01-point-p00p2-a1-b1-on-binom-dpoint-0p2-short",4,3001,4000,24263015
"materialize_bf_prior","short","binomial","binom-dpoint-0p2-short","binom-binbf01-point-p00p2-a1-b1-on-binom-dpoint-0p2-short",5,4001,5000,25263018
"materialize_bf_prior","short","binomial","binom-dpoint-0p2-short","binom-binbf01-point-p00p2-a1-b1-on-binom-dpoint-0p2-short",6,5001,6000,26263021
"materialize_bf_prior","short","binomial","binom-dpoint-0p2-short","binom-binbf01-point-p00p2-a1-b1-on-binom-dpoint-0p2-short",7,6001,7000,27263024
"materialize_bf_prior","short","binomial","binom-dpoint-0p2-short","binom-binbf01-point-p00p2-a1-b1-on-binom-dpoint-0p2-short",8,7001,8000,28263027
"materialize_bf_prior","short","binomial","binom-dpoint-0p2-short","binom-binbf01-point-p00p2-a1-b1-on-binom-dpoint-0p2-short",9,8001,9000,29263030
"materialize_bf_prior","short","binomial","binom-dpoint-0p2-short","binom-binbf01-point-p00p2-a1-b1-on-binom-dpoint-0p2-short",10,9001,10000,30263033
"materialize_bf_prior","short","binomial","binom-dpoint-0p75-short","binom-binbf01-point-p00p75-a1-b1-on-binom-dpoint-0p75-short",1,1,1000,21263007
"materialize_bf_prior","short","binomial","binom-dpoint-0p75-short","binom-binbf01-point-p00p75-a1-b1-on-binom-dpoint-0p75-short",2,1001,2000,22263010
"materialize_bf_prior","short","binomial","binom-dpoint-0p75-short","binom-binbf01-point-p00p75-a1-b1-on-binom-dpoint-0p75-short",3,2001,3000,23263013
"materialize_bf_prior","short","binomial","binom-dpoint-0p75-short","binom-binbf01-point-p00p75-a1-b1-on-binom-dpoint-0p75-short",4,3001,4000,24263016
"materialize_bf_prior","short","binomial","binom-dpoint-0p75-short","binom-binbf01-point-p00p75-a1-b1-on-binom-dpoint-0p75-short",5,4001,5000,25263019
"materialize_bf_prior","short","binomial","binom-dpoint-0p75-short","binom-binbf01-point-p00p75-a1-b1-on-binom-dpoint-0p75-short",6,5001,6000,26263022
"materialize_bf_prior","short","binomial","binom-dpoint-0p75-short","binom-binbf01-point-p00p75-a1-b1-on-binom-dpoint-0p75-short",7,6001,7000,27263025
"materialize_bf_prior","short","binomial","binom-dpoint-0p75-short","binom-binbf01-point-p00p75-a1-b1-on-binom-dpoint-0p75-short",8,7001,8000,28263028
"materialize_bf_prior","short","binomial","binom-dpoint-0p75-short","binom-binbf01-point-p00p75-a1-b1-on-binom-dpoint-0p75-short",9,8001,9000,29263031
"materialize_bf_prior","short","binomial","binom-dpoint-0p75-short","binom-binbf01-point-p00p75-a1-b1-on-binom-dpoint-0p75-short",10,9001,10000,30263034
"materialize_bf_prior","short","binomial","binom-dpoint-0p6-short","binom-binbf01-point-p00p6-a1-b1-on-binom-dpoint-0p6-short",1,1,1000,21263005
"materialize_bf_prior","short","binomial","binom-dpoint-0p6-short","binom-binbf01-point-p00p6-a1-b1-on-binom-dpoint-0p6-short",2,1001,2000,22263008
"materialize_bf_prior","short","binomial","binom-dpoint-0p6-short","binom-binbf01-point-p00p6-a1-b1-on-binom-dpoint-0p6-short",3,2001,3000,23263011
"materialize_bf_prior","short","binomial","binom-dpoint-0p6-short","binom-binbf01-point-p00p6-a1-b1-on-binom-dpoint-0p6-short",4,3001,4000,24263014
"materialize_bf_prior","short","binomial","binom-dpoint-0p6-short","binom-binbf01-point-p00p6-a1-b1-on-binom-dpoint-0p6-short",5,4001,5000,25263017
"materialize_bf_prior","short","binomial","binom-dpoint-0p6-short","binom-binbf01-point-p00p6-a1-b1-on-binom-dpoint-0p6-short",6,5001,6000,26263020
"materialize_bf_prior","short","binomial","binom-dpoint-0p6-short","binom-binbf01-point-p00p6-a1-b1-on-binom-dpoint-0p6-short",7,6001,7000,27263023
"materialize_bf_prior","short","binomial","binom-dpoint-0p6-short","binom-binbf01-point-p00p6-a1-b1-on-binom-dpoint-0p6-short",8,7001,8000,28263026
"materialize_bf_prior","short","binomial","binom-dpoint-0p6-short","binom-binbf01-point-p00p6-a1-b1-on-binom-dpoint-0p6-short",9,8001,9000,29263029
"materialize_bf_prior","short","binomial","binom-dpoint-0p6-short","binom-binbf01-point-p00p6-a1-b1-on-binom-dpoint-0p6-short",10,9001,10000,30263032
"materialize_bf_prior","short","binomial","binom-dbeta-60-40-short","binom-binbf01-point-p00p6-a1-b1-on-binom-dbeta-60-40-short",1,1,1000,21263008
"materialize_bf_prior","short","binomial","binom-dbeta-60-40-short","binom-binbf01-point-p00p6-a1-b1-on-binom-dbeta-60-40-short",2,1001,2000,22263011
"materialize_bf_prior","short","binomial","binom-dbeta-60-40-short","binom-binbf01-point-p00p6-a1-b1-on-binom-dbeta-60-40-short",3,2001,3000,23263014
"materialize_bf_prior","short","binomial","binom-dbeta-60-40-short","binom-binbf01-point-p00p6-a1-b1-on-binom-dbeta-60-40-short",4,3001,4000,24263017
"materialize_bf_prior","short","binomial","binom-dbeta-60-40-short","binom-binbf01-point-p00p6-a1-b1-on-binom-dbeta-60-40-short",5,4001,5000,25263020
"materialize_bf_prior","short","binomial","binom-dbeta-60-40-short","binom-binbf01-point-p00p6-a1-b1-on-binom-dbeta-60-40-short",6,5001,6000,26263023
"materialize_bf_prior","short","binomial","binom-dbeta-60-40-short","binom-binbf01-point-p00p6-a1-b1-on-binom-dbeta-60-40-short",7,6001,7000,27263026
"materialize_bf_prior","short","binomial","binom-dbeta-60-40-short","binom-binbf01-point-p00p6-a1-b1-on-binom-dbeta-60-40-short",8,7001,8000,28263029
"materialize_bf_prior","short","binomial","binom-dbeta-60-40-short","binom-binbf01-point-p00p6-a1-b1-on-binom-dbeta-60-40-short",9,8001,9000,29263032
"materialize_bf_prior","short","binomial","binom-dbeta-60-40-short","binom-binbf01-point-p00p6-a1-b1-on-binom-dbeta-60-40-short",10,9001,10000,30263035
"materialize_bf_prior","long","binomial","binom-dpoint-0p55-long","binom-binbf01-point-p00p55-a1-b1-on-binom-dpoint-0p55-long",1,1,1000,21263012
"materialize_bf_prior","long","binomial","binom-dpoint-0p55-long","binom-binbf01-point-p00p55-a1-b1-on-binom-dpoint-0p55-long",2,1001,2000,22263015
"materialize_bf_prior","long","binomial","binom-dpoint-0p55-long","binom-binbf01-point-p00p55-a1-b1-on-binom-dpoint-0p55-long",3,2001,3000,23263018
"materialize_bf_prior","long","binomial","binom-dpoint-0p55-long","binom-binbf01-point-p00p55-a1-b1-on-binom-dpoint-0p55-long",4,3001,4000,24263021
"materialize_bf_prior","long","binomial","binom-dpoint-0p55-long","binom-binbf01-point-p00p55-a1-b1-on-binom-dpoint-0p55-long",5,4001,5000,25263024
"materialize_bf_prior","long","binomial","binom-dpoint-0p55-long","binom-binbf01-point-p00p55-a1-b1-on-binom-dpoint-0p55-long",6,5001,6000,26263027
"materialize_bf_prior","long","binomial","binom-dpoint-0p55-long","binom-binbf01-point-p00p55-a1-b1-on-binom-dpoint-0p55-long",7,6001,7000,27263030
"materialize_bf_prior","long","binomial","binom-dpoint-0p55-long","binom-binbf01-point-p00p55-a1-b1-on-binom-dpoint-0p55-long",8,7001,8000,28263033
"materialize_bf_prior","long","binomial","binom-dpoint-0p55-long","binom-binbf01-point-p00p55-a1-b1-on-binom-dpoint-0p55-long",9,8001,9000,29263036
"materialize_bf_prior","long","binomial","binom-dpoint-0p55-long","binom-binbf01-point-p00p55-a1-b1-on-binom-dpoint-0p55-long",10,9001,10000,30263039
"materialize_bf_prior","short","binomial","binom-dpoint-0p2-short","binom-binbf01-direction-p00p2-a1-b1-on-binom-dpoint-0p2-short",1,1,1000,21263006
"materialize_bf_prior","short","binomial","binom-dpoint-0p2-short","binom-binbf01-direction-p00p2-a1-b1-on-binom-dpoint-0p2-short",2,1001,2000,22263009
"materialize_bf_prior","short","binomial","binom-dpoint-0p2-short","binom-binbf01-direction-p00p2-a1-b1-on-binom-dpoint-0p2-short",3,2001,3000,23263012
"materialize_bf_prior","short","binomial","binom-dpoint-0p2-short","binom-binbf01-direction-p00p2-a1-b1-on-binom-dpoint-0p2-short",4,3001,4000,24263015
"materialize_bf_prior","short","binomial","binom-dpoint-0p2-short","binom-binbf01-direction-p00p2-a1-b1-on-binom-dpoint-0p2-short",5,4001,5000,25263018
"materialize_bf_prior","short","binomial","binom-dpoint-0p2-short","binom-binbf01-direction-p00p2-a1-b1-on-binom-dpoint-0p2-short",6,5001,6000,26263021
"materialize_bf_prior","short","binomial","binom-dpoint-0p2-short","binom-binbf01-direction-p00p2-a1-b1-on-binom-dpoint-0p2-short",7,6001,7000,27263024
"materialize_bf_prior","short","binomial","binom-dpoint-0p2-short","binom-binbf01-direction-p00p2-a1-b1-on-binom-dpoint-0p2-short",8,7001,8000,28263027
"materialize_bf_prior","short","binomial","binom-dpoint-0p2-short","binom-binbf01-direction-p00p2-a1-b1-on-binom-dpoint-0p2-short",9,8001,9000,29263030
"materialize_bf_prior","short","binomial","binom-dpoint-0p2-short","binom-binbf01-direction-p00p2-a1-b1-on-binom-dpoint-0p2-short",10,9001,10000,30263033
"materialize_bf_prior","short","binomial","binom-dpoint-0p75-short","binom-binbf01-direction-p00p75-a1-b1-on-binom-dpoint-0p75-short",1,1,1000,21263007
"materialize_bf_prior","short","binomial","binom-dpoint-0p75-short","binom-binbf01-direction-p00p75-a1-b1-on-binom-dpoint-0p75-short",2,1001,2000,22263010
"materialize_bf_prior","short","binomial","binom-dpoint-0p75-short","binom-binbf01-direction-p00p75-a1-b1-on-binom-dpoint-0p75-short",3,2001,3000,23263013
"materialize_bf_prior","short","binomial","binom-dpoint-0p75-short","binom-binbf01-direction-p00p75-a1-b1-on-binom-dpoint-0p75-short",4,3001,4000,24263016
"materialize_bf_prior","short","binomial","binom-dpoint-0p75-short","binom-binbf01-direction-p00p75-a1-b1-on-binom-dpoint-0p75-short",5,4001,5000,25263019
"materialize_bf_prior","short","binomial","binom-dpoint-0p75-short","binom-binbf01-direction-p00p75-a1-b1-on-binom-dpoint-0p75-short",6,5001,6000,26263022
"materialize_bf_prior","short","binomial","binom-dpoint-0p75-short","binom-binbf01-direction-p00p75-a1-b1-on-binom-dpoint-0p75-short",7,6001,7000,27263025
"materialize_bf_prior","short","binomial","binom-dpoint-0p75-short","binom-binbf01-direction-p00p75-a1-b1-on-binom-dpoint-0p75-short",8,7001,8000,28263028
"materialize_bf_prior","short","binomial","binom-dpoint-0p75-short","binom-binbf01-direction-p00p75-a1-b1-on-binom-dpoint-0p75-short",9,8001,9000,29263031
"materialize_bf_prior","short","binomial","binom-dpoint-0p75-short","binom-binbf01-direction-p00p75-a1-b1-on-binom-dpoint-0p75-short",10,9001,10000,30263034
"materialize_bf_prior","short","binomial","binom-dpoint-0p6-short","binom-binbf01-direction-p00p6-a1-b1-on-binom-dpoint-0p6-short",1,1,1000,21263005
"materialize_bf_prior","short","binomial","binom-dpoint-0p6-short","binom-binbf01-direction-p00p6-a1-b1-on-binom-dpoint-0p6-short",2,1001,2000,22263008
"materialize_bf_prior","short","binomial","binom-dpoint-0p6-short","binom-binbf01-direction-p00p6-a1-b1-on-binom-dpoint-0p6-short",3,2001,3000,23263011
"materialize_bf_prior","short","binomial","binom-dpoint-0p6-short","binom-binbf01-direction-p00p6-a1-b1-on-binom-dpoint-0p6-short",4,3001,4000,24263014
"materialize_bf_prior","short","binomial","binom-dpoint-0p6-short","binom-binbf01-direction-p00p6-a1-b1-on-binom-dpoint-0p6-short",5,4001,5000,25263017
"materialize_bf_prior","short","binomial","binom-dpoint-0p6-short","binom-binbf01-direction-p00p6-a1-b1-on-binom-dpoint-0p6-short",6,5001,6000,26263020
"materialize_bf_prior","short","binomial","binom-dpoint-0p6-short","binom-binbf01-direction-p00p6-a1-b1-on-binom-dpoint-0p6-short",7,6001,7000,27263023
"materialize_bf_prior","short","binomial","binom-dpoint-0p6-short","binom-binbf01-direction-p00p6-a1-b1-on-binom-dpoint-0p6-short",8,7001,8000,28263026
"materialize_bf_prior","short","binomial","binom-dpoint-0p6-short","binom-binbf01-direction-p00p6-a1-b1-on-binom-dpoint-0p6-short",9,8001,9000,29263029
"materialize_bf_prior","short","binomial","binom-dpoint-0p6-short","binom-binbf01-direction-p00p6-a1-b1-on-binom-dpoint-0p6-short",10,9001,10000,30263032
"materialize_bf_prior","short","binomial","binom-dbeta-60-40-short","binom-binbf01-direction-p00p6-a1-b1-on-binom-dbeta-60-40-short",1,1,1000,21263008
"materialize_bf_prior","short","binomial","binom-dbeta-60-40-short","binom-binbf01-direction-p00p6-a1-b1-on-binom-dbeta-60-40-short",2,1001,2000,22263011
"materialize_bf_prior","short","binomial","binom-dbeta-60-40-short","binom-binbf01-direction-p00p6-a1-b1-on-binom-dbeta-60-40-short",3,2001,3000,23263014
"materialize_bf_prior","short","binomial","binom-dbeta-60-40-short","binom-binbf01-direction-p00p6-a1-b1-on-binom-dbeta-60-40-short",4,3001,4000,24263017
"materialize_bf_prior","short","binomial","binom-dbeta-60-40-short","binom-binbf01-direction-p00p6-a1-b1-on-binom-dbeta-60-40-short",5,4001,5000,25263020
"materialize_bf_prior","short","binomial","binom-dbeta-60-40-short","binom-binbf01-direction-p00p6-a1-b1-on-binom-dbeta-60-40-short",6,5001,6000,26263023
"materialize_bf_prior","short","binomial","binom-dbeta-60-40-short","binom-binbf01-direction-p00p6-a1-b1-on-binom-dbeta-60-40-short",7,6001,7000,27263026
"materialize_bf_prior","short","binomial","binom-dbeta-60-40-short","binom-binbf01-direction-p00p6-a1-b1-on-binom-dbeta-60-40-short",8,7001,8000,28263029
"materialize_bf_prior","short","binomial","binom-dbeta-60-40-short","binom-binbf01-direction-p00p6-a1-b1-on-binom-dbeta-60-40-short",9,8001,9000,29263032
"materialize_bf_prior","short","binomial","binom-dbeta-60-40-short","binom-binbf01-direction-p00p6-a1-b1-on-binom-dbeta-60-40-short",10,9001,10000,30263035
"materialize_bf_prior","long","binomial","binom-dpoint-0p55-long","binom-binbf01-direction-p00p55-a1-b1-on-binom-dpoint-0p55-long",1,1,1000,21263012
"materialize_bf_prior","long","binomial","binom-dpoint-0p55-long","binom-binbf01-direction-p00p55-a1-b1-on-binom-dpoint-0p55-long",2,1001,2000,22263015
"materialize_bf_prior","long","binomial","binom-dpoint-0p55-long","binom-binbf01-direction-p00p55-a1-b1-on-binom-dpoint-0p55-long",3,2001,3000,23263018
"materialize_bf_prior","long","binomial","binom-dpoint-0p55-long","binom-binbf01-direction-p00p55-a1-b1-on-binom-dpoint-0p55-long",4,3001,4000,24263021
"materialize_bf_prior","long","binomial","binom-dpoint-0p55-long","binom-binbf01-direction-p00p55-a1-b1-on-binom-dpoint-0p55-long",5,4001,5000,25263024
"materialize_bf_prior","long","binomial","binom-dpoint-0p55-long","binom-binbf01-direction-p00p55-a1-b1-on-binom-dpoint-0p55-long",6,5001,6000,26263027
"materialize_bf_prior","long","binomial","binom-dpoint-0p55-long","binom-binbf01-direction-p00p55-a1-b1-on-binom-dpoint-0p55-long",7,6001,7000,27263030
"materialize_bf_prior","long","binomial","binom-dpoint-0p55-long","binom-binbf01-direction-p00p55-a1-b1-on-binom-dpoint-0p55-long",8,7001,8000,28263033
"materialize_bf_prior","long","binomial","binom-dpoint-0p55-long","binom-binbf01-direction-p00p55-a1-b1-on-binom-dpoint-0p55-long",9,8001,9000,29263036
"materialize_bf_prior","long","binomial","binom-dpoint-0p55-long","binom-binbf01-direction-p00p55-a1-b1-on-binom-dpoint-0p55-long",10,9001,10000,30263039
"materialize_bf_prior","long","binomial","binom-dpoint-0p5-long","binom-binbf01-point-p00p5-a5100-b4900-on-binom-dpoint-0p5-long",1,1,1000,21263011
"materialize_bf_prior","long","binomial","binom-dpoint-0p5-long","binom-binbf01-point-p00p5-a5100-b4900-on-binom-dpoint-0p5-long",2,1001,2000,22263014
"materialize_bf_prior","long","binomial","binom-dpoint-0p5-long","binom-binbf01-point-p00p5-a5100-b4900-on-binom-dpoint-0p5-long",3,2001,3000,23263017
"materialize_bf_prior","long","binomial","binom-dpoint-0p5-long","binom-binbf01-point-p00p5-a5100-b4900-on-binom-dpoint-0p5-long",4,3001,4000,24263020
"materialize_bf_prior","long","binomial","binom-dpoint-0p5-long","binom-binbf01-point-p00p5-a5100-b4900-on-binom-dpoint-0p5-long",5,4001,5000,25263023
"materialize_bf_prior","long","binomial","binom-dpoint-0p5-long","binom-binbf01-point-p00p5-a5100-b4900-on-binom-dpoint-0p5-long",6,5001,6000,26263026
"materialize_bf_prior","long","binomial","binom-dpoint-0p5-long","binom-binbf01-point-p00p5-a5100-b4900-on-binom-dpoint-0p5-long",7,6001,7000,27263029
"materialize_bf_prior","long","binomial","binom-dpoint-0p5-long","binom-binbf01-point-p00p5-a5100-b4900-on-binom-dpoint-0p5-long",8,7001,8000,28263032
"materialize_bf_prior","long","binomial","binom-dpoint-0p5-long","binom-binbf01-point-p00p5-a5100-b4900-on-binom-dpoint-0p5-long",9,8001,9000,29263035
"materialize_bf_prior","long","binomial","binom-dpoint-0p5-long","binom-binbf01-point-p00p5-a5100-b4900-on-binom-dpoint-0p5-long",10,9001,10000,30263038
"materialize_bf_prior","long","binomial","binom-dpoint-0p55-long","binom-binbf01-point-p00p5-a5100-b4900-on-binom-dpoint-0p55-long",1,1,1000,21263012
"materialize_bf_prior","long","binomial","binom-dpoint-0p55-long","binom-binbf01-point-p00p5-a5100-b4900-on-binom-dpoint-0p55-long",2,1001,2000,22263015
"materialize_bf_prior","long","binomial","binom-dpoint-0p55-long","binom-binbf01-point-p00p5-a5100-b4900-on-binom-dpoint-0p55-long",3,2001,3000,23263018
"materialize_bf_prior","long","binomial","binom-dpoint-0p55-long","binom-binbf01-point-p00p5-a5100-b4900-on-binom-dpoint-0p55-long",4,3001,4000,24263021
"materialize_bf_prior","long","binomial","binom-dpoint-0p55-long","binom-binbf01-point-p00p5-a5100-b4900-on-binom-dpoint-0p55-long",5,4001,5000,25263024
"materialize_bf_prior","long","binomial","binom-dpoint-0p55-long","binom-binbf01-point-p00p5-a5100-b4900-on-binom-dpoint-0p55-long",6,5001,6000,26263027
"materialize_bf_prior","long","binomial","binom-dpoint-0p55-long","binom-binbf01-point-p00p5-a5100-b4900-on-binom-dpoint-0p55-long",7,6001,7000,27263030
"materialize_bf_prior","long","binomial","binom-dpoint-0p55-long","binom-binbf01-point-p00p5-a5100-b4900-on-binom-dpoint-0p55-long",8,7001,8000,28263033
"materialize_bf_prior","long","binomial","binom-dpoint-0p55-long","binom-binbf01-point-p00p5-a5100-b4900-on-binom-dpoint-0p55-long",9,8001,9000,29263036
"materialize_bf_prior","long","binomial","binom-dpoint-0p55-long","binom-binbf01-point-p00p5-a5100-b4900-on-binom-dpoint-0p55-long",10,9001,10000,30263039
